y,x,corr,eg_pvalue,eg_tstat,beta,half_life,hurst,n_obs
LNC,MS,0.7642402352136538,2.8516065369014322e-05,-5.398821043612268,0.9939460399360912,18.13112041261419,0.3394698382861683,1259
HBAN,SCHW,0.7157811639058861,8.721435147034675e-05,-5.147932056350194,0.7037090180928844,16.52742402989678,0.32587966466728185,1259
DVN,APC,0.7582170342584108,0.0008105015691596589,-4.607635132662384,1.0067388287661132,36.48798861777293,0.4513062960150363,1259
WEC,AWK,0.6943816013561211,0.001002868384623516,-4.552456829466567,0.612955087046095,20.765093170889113,0.4166263663915436,1259
STT,C,0.7364514033732005,0.00103761713768971,-4.5435621704918905,0.9366941020191826,23.598338920259835,0.33360008437743116,1259
USB,SCHW,0.7102683001697898,0.0014909501325821395,-4.447661892167909,0.4946660539743397,21.713061742858002,0.33681212215940604,1259
UNM,CMA,0.7368373041463655,0.0017331218682058776,-4.407141146064408,0.7619489841671423,22.517969367965964,0.31357408840883194,1259
UNM,RJF,0.718327816088373,0.001973870629336729,-4.371772153551007,0.8453955266182656,30.039107973596007,0.40165339066563416,1259
UNM,MTB,0.6942454146222502,0.0023865799938885698,-4.319534910995578,1.2276801562466062,25.068029014399706,0.3908988295079244,1259
DG,DLTR,0.6207828672488027,0.0024091092335479926,-4.316930524407467,0.7443732047657271,20.085465897145717,0.40296748312171965,1259
PFG,MS,0.7349870244440662,0.002436888881418481,-4.313749992992972,0.8006246871699066,26.08088294042571,0.4048041187657376,1259
XEC,NFX,0.6895273870967195,0.002540218692452863,-4.302206372732531,0.7707649809071139,34.76911872936265,0.37469782820378805,1259
FBHS,MAS,0.7026442427263374,0.0028236561097598097,-4.272633924299001,0.7956053453946043,20.33512903502065,0.33713192523556906,1259
VZ,T,0.7122776261037688,0.0029187345133490504,-4.263325151510447,0.4285943682794716,35.54841100277782,0.4045053269474608,1259
PNW,ED,0.8017017994850162,0.003211498378723546,-4.236319182730877,1.1447198712330173,24.65944953333531,0.3480983667895885,1259
PCAR,CMI,0.7130026435160176,0.0034326950864045024,-4.217377093129615,0.6502235849617763,25.226730292143866,0.3975166896893549,1259
SCHW,NTRS,0.7435409732668311,0.0034400191973467374,-4.216769271118622,1.4520320068640966,29.49528596910245,0.34956200646053726,1259
TMO,PKI,0.6504314885800698,0.0035552929780500097,-4.207356021738992,1.0919423812369173,27.044243555659246,0.4207972199572677,1259
SCHW,STI,0.7321735650205499,0.003676358327478817,-4.1977665854719755,1.2092464921713861,24.54282800281739,0.3444700846988982,1259
MTB,BAC,0.7257078790317055,0.004207984505575863,-4.158813200639939,0.6171328853772423,25.62832548292923,0.42886083791159957,1259
TMK,STI,0.7285365509742148,0.00449200552066608,-4.1398135130482,0.9505004518304416,25.130129413789486,0.36892292379996233,1259
BDX,SYK,0.6169355711642516,0.004547407493183303,-4.136235741324701,0.9603973388641373,26.460347172981542,0.3861625416048845,1259
COF,LNC,0.6395492455057805,0.004797155511800633,-4.120585519089571,0.5391432576240671,25.564830164936406,0.37422774152299443,1259
K,CPB,0.6131011467669752,0.005324173147377738,-4.089860071724813,0.5619494211681082,21.676462238826815,0.4076089543051631,1259
PBCT,TMK,0.663652007082053,0.00583225306862598,-4.062753908856432,0.45778530163949166,26.03026812352556,0.41795571372910345,1259
BBT,BAC,0.7573749815741367,0.005839725566042508,-4.0623715007415875,0.5256122561036519,26.646797454365263,0.4012606180843933,1259
MMC,CB,0.6720645188082653,0.005961967145574188,-4.056177954200166,1.3592000874049726,27.745523785179866,0.37754965558861575,1259
NTRS,PNC,0.7275660651047056,0.0071633730923701166,-4.000761553204471,0.8177943801777591,26.32747047504788,0.4146657912071707,1259
FITB,RF,0.8472962280500101,0.007310370385814729,-3.9945694868698083,0.7892372830666479,24.203107729165996,0.3816766239983071,1259
LNC,GS,0.7264945596144403,0.0074278531509012645,-3.9897009225285665,1.3222074710923692,39.03147979556476,0.41440087883708926,1259
NTRS,RJF,0.7390888572805028,0.007752921987774007,-3.9765829074407564,0.773313762397265,30.83122285101983,0.3938988518452142,1259
PFG,GS,0.7100807165972824,0.007862869266750255,-3.9722580408990757,1.0557977592204473,47.1485452277621,0.4981903365560976,1259
GGP,MAC,0.6918292148092271,0.00790676041517562,-3.9705467387399764,0.8608725352662325,29.35713546571781,0.3114112885533418,1259
CCI,AMT,0.6793501015131017,0.008233445599992924,-3.9580714221647977,0.6289305583212904,27.490183576677065,0.3777458884159704,1259
ZION,RF,0.8511753183584144,0.008271998521604682,-3.9566286801032433,1.0111324742596424,23.186390201847008,0.3851597147497093,1259
STI,RJF,0.7239876247002383,0.008488462139986335,-3.94863859787905,0.9374962971438957,31.989838893371463,0.39845112450801534,1259
FTI,NOV,0.6686839787440415,0.009392568066962634,-3.9171284662803,0.7763901374463947,28.113261944961693,0.42208552915693115,1259
BBT,CMA,0.8113901752174683,0.009521282708263452,-3.9128657330590597,0.5049937150466781,29.713611870088688,0.4003390837527809,1259
PBCT,STI,0.7456054279867331,0.009587604224899784,-3.910689420003689,0.4470455292152907,29.693545434534165,0.42500544225251746,1259
D,SRE,0.67861209850287,0.009833827761645871,-3.9027258218006624,0.8165123374804384,25.253330225086867,0.4001069891043605,1259
BBT,RJF,0.7062279168230826,0.010051054340339136,-3.8958467897480697,0.5620238166581063,30.332264946696185,0.4128948903828885,1259
KEY,MTB,0.7782443446588618,0.01016838552357471,-3.8921862905760776,1.2323261586135963,32.31967571386796,0.3882886532665663,1259
ES,AWK,0.6990152965088534,0.011226906784084775,-3.860766067866394,0.5039604760318571,28.596712897659106,0.40707776226009507,1249
USB,HBAN,0.7676635782308755,0.012219005080953391,-3.8336279675177747,0.686541279161404,28.63899649597755,0.35200690401365436,1259
HON,ITW,0.7098782973243345,0.012262406469772407,-3.8324860679344144,0.7161935889277419,31.525073860003996,0.3623877633744083,1259
ETN,CMI,0.6193920655009211,0.01239527041821906,-3.829012559691256,0.6394682620763664,24.32560524018449,0.40637438538363985,1259
COF,AMP,0.6467738566758219,0.012411535845151617,-3.8285896003601714,0.6162795413720872,29.76340648444315,0.4228974174757577,1259
TEL,BLK,0.6006300621663287,0.012623033533941973,-3.823134218991656,1.0824218511403798,29.547838361541324,0.3954671140856423,1259
CL,PEP,0.6271028087011655,0.013298904466963765,-3.8062280827278863,0.5351004744928042,24.954431682263092,0.4025895043206398,1259
KEY,BBT,0.8154850112760195,0.013332826079663736,-3.8053997938197166,1.447382800753838,29.55843564571379,0.4206154288607078,1259
HIG,BK,0.6305770028155359,0.015172530124878772,-3.763049447164179,1.0281549614018661,36.02063267330715,0.44201811007101843,1259
KEY,GS,0.7274743641652359,0.015481959842658719,-3.7563762770286164,1.1081305310850096,40.66886229112418,0.4278599616337104,1259
CL,CLX,0.6103609127384142,0.016195961861423372,-3.7414150569259275,0.3406729809708492,31.21089494333208,0.4037036515131639,1259
MTB,CMA,0.7725351484104647,0.016248259929647207,-3.7403421404616823,0.5919742042154644,31.17094616912674,0.40552966024894954,1259
DFS,COF,0.7113050796783178,0.01645399358945562,-3.73615065741738,0.9331475102725492,33.071889322648644,0.3979233029545597,1259
UPS,FDX,0.6721736182486988,0.016649395542412432,-3.7322120656065536,0.3726294699552652,33.80101005743928,0.40311509178492877,1259
PNC,JPM,0.789564903110712,0.016759718635895995,-3.7300062407665386,0.9529149683814641,34.6925108784302,0.3961289147231533,1259
SCHW,RJF,0.7682653620529831,0.016932726900446747,-3.726572597736683,1.1342395766007707,47.45187523945003,0.43167034349491196,1259
BBT,MTB,0.7984701953755335,0.017309589908015934,-3.71919835666401,0.8205131821447231,33.83418688252944,0.430684139093639,1259
ES,XEL,0.8560739665906337,0.01773151303543804,-3.7111075067493315,0.7369697289921523,19.982813511661696,0.3440134011001591,1249
GIS,K,0.7384965701926733,0.018048476863713754,-3.705139514276169,1.0798775448494904,30.262848939476264,0.4137724371883358,1259
BLK,BRK.B,0.7061708163491791,0.01812866230421766,-3.7036442744750273,0.9918818282545058,32.867122057472415,0.43157770749155977,1259
PBCT,JPM,0.7012128901544928,0.01814348694704625,-3.7033684691120152,0.4430624391025625,24.28925563276277,0.40370583764189283,1259
WEC,CMS,0.8716891053071572,0.01828707093353191,-3.7007073072683028,0.7926346674775121,26.409188083145143,0.41955263836497203,1259
LNC,KEY,0.7554112512978155,0.018474172261848387,-3.6972668792918877,1.1648548114081567,29.080424555528804,0.39670848093295796,1259
TMK,RJF,0.68211286971693,0.018824197619722892,-3.6909115526875675,0.8778130580296648,51.65840256989286,0.4798039293725559,1259
MCO,BLK,0.6464892062899306,0.019029364925120473,-3.68723419593969,1.3728875265986715,40.66019508041281,0.4561848741741593,1259
RF,CMA,0.8526679892164628,0.019080803926619525,-3.6863176467805676,0.8499817546547636,27.220737273161465,0.3986896399190288,1259
HES,NBL,0.7061993555157425,0.01911125245819588,-3.6857761249621035,0.6989229078967142,38.519498395718664,0.39932105742072044,1259
NTRS,STI,0.7533103903481331,0.019319718166729775,-3.682088687406243,0.8011646137222262,31.726966808337096,0.3949766698999613,1259
AET,UNH,0.6852515436619421,0.01957321621203023,-3.6776511678977153,0.8597987518125088,34.451449712857524,0.374077823565457,1259
EQT,RRC,0.618781236503028,0.019724157158862384,-3.6750326661871817,0.31300808048957635,38.10212272649391,0.43161941674376575,1259
PRU,KEY,0.7316472521291638,0.020229237308160637,-3.666395733393353,0.8443923010972882,28.07065601583164,0.405282123181894,1259
UNM,FITB,0.726953720453159,0.020520248302199378,-3.6615042926625563,1.070481994393875,34.27840065301255,0.38035922895346075,1259
FITB,CMA,0.8190044567272465,0.020526168095881123,-3.6614054180531324,0.6780233525314331,26.542833118068533,0.4172957719095194,1259
XLNX,MCHP,0.6119860534301583,0.02070709919682659,-3.658395336561801,0.6147746264815374,37.79239495076656,0.4463568935252064,1259
PH,ROK,0.6827490067987703,0.020869750229746308,-3.655708829240109,0.9138597899067876,28.440795338221143,0.40158496354432066,1259
BK,SCHW,0.74668680760045,0.02098717208074784,-3.653780660471462,0.6804477646448962,32.653695620571476,0.41622371123921126,1259
COF,MS,0.6507501620654683,0.02135337247507952,-3.647826938748263,0.5321431982432007,34.37715633565236,0.3887712200684657,1259
USB,RJF,0.6996588096631811,0.022078863204196233,-3.6362889657788573,0.5846958286264975,28.330079866343866,0.3888311417046655,1259
RJF,JPM,0.7126465248404037,0.02228741240782239,-3.6330331261126925,0.9884201688377863,33.12942040954989,0.3818863110119187,1259
TMK,NTRS,0.6994102120717015,0.02294915627763115,-3.6228739252419175,1.1171102938279016,42.45253389244863,0.44280601196062574,1259
PFG,LNC,0.7925208381584136,0.023128023818517432,-3.6201714773856346,0.7926535616980415,31.58435803158378,0.442551616336529,1259
UNM,BBT,0.7220571850818429,0.023289207840795124,-3.617751642992783,1.4205003373390865,31.09954040403433,0.39119458503890775,1259
PFG,RJF,0.7166835525655126,0.02405794930279743,-3.6064060109448843,0.7913019200186534,51.839619888270015,0.5087615724138043,1259
STI,JPM,0.796968443818778,0.024163141117558417,-3.6048779490256977,0.9649442566707005,37.12912242058485,0.39006900025329305,1259
KO,PEP,0.6471641310172844,0.024172673624582853,-3.6047397595534827,0.37465489310615036,26.625828004354215,0.3757492460540779,1259
IVZ,AMG,0.7698429242623819,0.024404776836106062,-3.6013894641637427,0.695552150986502,35.7092036375158,0.4331984739884701,1259
CMS,AWK,0.7102972028257367,0.024541068790109435,-3.5994349436084185,0.769632727855083,25.2417601176107,0.3705960244703605,1259
UNM,BAC,0.729176830207465,0.024757194402476337,-3.596354656972826,0.7873858792889061,31.905569268124488,0.4089121361063545,1259
RJF,PNC,0.7225930212516142,0.025161608955711255,-3.5906525478828537,1.011658089382788,34.12420468228714,0.4676256479871677,1259
UAL,LUV,0.6692046800384573,0.02520376769485239,-3.5900626767399078,0.5385150070369172,37.15590457646568,0.4221299167804349,1259
PNR,EMR,0.650075823667678,0.026168624776584663,-3.5767895029919594,0.8808723608957924,40.950498934525356,0.4809007185107063,1259
MS,KEY,0.7427053095533611,0.02639300619677763,-3.5737631863522292,1.14237808378293,34.667350757941676,0.419015426680875,1259
BK,ETFC,0.6454767028931603,0.027181232981179023,-3.5633042901047354,0.47091676157108475,34.71094908025928,0.43855662444442706,1259
D,AEP,0.7077444597670675,0.028784599065394625,-3.5428077982183415,0.5547883459565897,35.6587166337945,0.3585387890307589,1259
SPG,MAC,0.6735494325764201,0.02946951394872645,-3.5343488162427,0.6418397043493469,34.34527162776006,0.3478044255298832,1259
EMR,DOV,0.667706274101783,0.0297501956463927,-3.530930709987973,0.7466339531245244,29.205721823905996,0.384316328786066,1259
DFS,MTB,0.6112419632414585,0.0301400333574162,-3.526228675070936,0.7348915156493241,54.66216990967399,0.441736939327478,1259
UDR,EXR,0.6203949629405322,0.030364854135089592,-3.5235405218413387,0.6070641563340455,43.31403363150374,0.3596227027497194,1259
BBT,MS,0.7238284376475455,0.03047712536066247,-3.5222044542527065,0.5361120630370356,33.293581676536675,0.3905031388208073,1259
PRU,MTB,0.6898103835384573,0.03050280746348945,-3.521899417564684,1.042069208827445,39.63861485303315,0.4232206625025728,1259
PXD,HAL,0.6263846118260032,0.030573058358669775,-3.5210661358175077,0.8262584682725694,26.910577079553963,0.40987433421628067,1259
MCHP,AMAT,0.6344316639405239,0.030614341204108268,-3.5205772194990264,0.6698650127432983,35.077222577650176,0.4117381343599611,1259
AEE,AWK,0.6697510938754204,0.03072308364947823,-3.519292055856049,0.6641025891648333,35.96510110177581,0.4073269378871436,1259
FITB,BAC,0.7798516183759282,0.030787231311191918,-3.5185357475377033,0.696538081021782,35.41668354173551,0.40485695784714687,1259
D,AEE,0.7171850058735992,0.030804983708885274,-3.518326681796482,0.47660179103177885,37.571505063667814,0.33785760056983677,1259
NTRS,JPM,0.7520686152330737,0.030894434071643398,-3.5172748043446838,0.7933459749644414,31.4409895430062,0.36249974071337826,1259
HBAN,NTRS,0.7304991354577228,0.03240986299897563,-3.4998367483377426,1.038251478749132,28.75784689182885,0.3879429264224168,1259
FITB,ZION,0.807930863986839,0.03260482965952781,-3.4976438330535715,0.761634824226184,29.41721014166681,0.34496985478603154,1259
USB,NTRS,0.7459182751839653,0.033805564185485956,-3.4843783833865154,0.7294421652532387,36.46138064653355,0.4211639855463714,1259
STT,MS,0.709572011254606,0.033830931522531096,-3.484102464574735,0.6163043215753031,34.91910805052351,0.36226048458097,1259
FOX,FOXA,0.9776080392845504,0.03416834700227946,-3.480448975759532,0.9044346262967797,21.71538234110306,0.36695453825813495,1169
HBAN,GS,0.7075170269452372,0.03460438491549758,-3.4757725586912995,1.074918805045478,39.660886877725616,0.37604509348557474,1259
HON,MMM,0.6543599614317906,0.034713255595969904,-3.474612720048199,0.8836044562385621,23.072181879969808,0.3334959076073833,1259
D,AWK,0.6236769257813253,0.03625862824120716,-3.4584719720133266,0.3072511489839629,39.236648336431145,0.37254762904134126,1259
UNM,ZION,0.726419812970893,0.037506606455907344,-3.4458553316142777,0.8382477298187008,36.76160794953864,0.3471919511654054,1259
SRE,DUK,0.6660796507865778,0.03751733440173375,-3.4457484168460306,1.1312592958107472,45.94018192206596,0.408694613152487,1259
APC,MRO,0.6822731510617193,0.03816688167496006,-3.4393224043644484,0.6071372719191744,34.437155209497185,0.42288984315149536,1259
PSX,VLO,0.709726073408284,0.0385272824240736,-3.435796465425759,0.5160836806270621,32.743311554120794,0.3904248367657293,1259
UNM,JPM,0.7290244688604413,0.039114583084392446,-3.4301095401277766,0.8617311861058322,41.60164146434451,0.35906083353346185,1259
PRU,FITB,0.7326399337408733,0.039189500388804276,-3.4293892632877463,0.9329556774825815,36.71816137498678,0.42550133758850156,1259
NTRS,BRK.B,0.6530897012864167,0.039266096605952164,-3.4286540372920964,0.9932388931980775,44.78993469002035,0.47534953861790946,1259
CI,AET,0.656789302528648,0.03933768756622824,-3.4279679414570663,0.9639380424127986,28.75970552944407,0.4117679289043564,1259
D,DUK,0.7102209636952791,0.039356084336462045,-3.427791804038573,0.9823610585242954,46.828175101731134,0.4011534750606961,1259
PBCT,NTRS,0.6788438084732964,0.03948099977092063,-3.4265976393275523,0.5333852070543125,30.651197678565406,0.421801422256624,1259
AON,CB,0.6089059308903197,0.03948693412756054,-3.4265409869689347,1.3802294134914093,40.59714349832959,0.4226496401989687,1259
HON,ROP,0.6345270555369898,0.03960225057341251,-3.4254415316476208,0.832123689208753,39.197684599806486,0.43583977426128,1259
ETFC,HBAN,0.6383377195882921,0.04039425068708515,-3.4179620054458355,1.8947873885093256,38.04676355311602,0.403777597066381,1259
SPGI,BLK,0.6236026523808678,0.0406308041009671,-3.4157518372119013,1.7799171053883112,37.90458417051984,0.3969911412340869,1259
PBCT,SCHW,0.6584417223743162,0.04092469369651386,-3.413020902543825,0.35626606190706467,29.826304755593778,0.3809349287417312,1259
LNC,BBT,0.7403176213008361,0.04140043345979518,-3.4086346852443388,1.69912382141757,38.71416591057528,0.40619208128541806,1259
USB,TMK,0.7407713001591145,0.04187601239573542,-3.404291816776648,0.6204591299514628,37.95100988673179,0.39716710111841086,1259
HBAN,RJF,0.7112032793910521,0.042543554025803426,-3.398264883775431,0.8131388129114923,38.823054891595106,0.42081694136096953,1259
D,DTE,0.7487511521236991,0.04273978535263873,-3.3965081952537908,0.5085218108902173,41.07140998525557,0.36401951900405577,1259
MET,BEN,0.6190571710075949,0.042773982842242125,-3.396202742680513,0.2797783381498649,51.29366657182989,0.4359639850490249,1259
BBT,FITB,0.8277397744671158,0.04304154336994754,-3.393819882833847,0.7281069918331703,32.27325856479127,0.34324447632300686,1259
PFG,KEY,0.6999462078595232,0.04414820939845146,-3.3840931293680083,0.9338570490850004,37.198859132550936,0.4664667981192845,1259
APA,NBL,0.7094589981520097,0.0443705316161721,-3.382163584697899,0.7995986356786989,33.220425514670545,0.3808937216934281,1259
PNC,MTB,0.7985206742094382,0.04454537981904473,-3.3806517030806935,1.3223795063543091,43.203989199750296,0.4275782610759641,1259
PPL,EIX,0.6382196038243739,0.044602254265557854,-3.380160982022511,0.4099046785998281,34.190956942337316,0.3937891652706073,1259
D,XEL,0.7431888393826063,0.04523549957394627,-3.3747320428709204,0.43994868768752216,46.75533766079283,0.3717935520159712,1259
MTB,RJF,0.6750458968201486,0.045759609975134334,-3.370286214214421,0.6570115893307369,36.975430946486874,0.45517652106492923,1259
SCHW,PNC,0.7448076968603414,0.04583521832329829,-3.3696483453849595,1.2232051498955774,35.28286664185839,0.40132838205245663,1259
PBCT,PNC,0.7371609324742723,0.04629449402230355,-3.3657922927505584,0.44819904627430757,32.58998011077941,0.4144243012332105,1259
GGP,SPG,0.7338303621384221,0.046381119663214815,-3.3650685426436433,1.1929928381747756,35.87959906038335,0.38145145862285035,1259
DUK,EIX,0.6781464268828598,0.04665742213294629,-3.3627675095812246,0.4036037799418605,38.523286529884174,0.4126131621132133,1259
BRK.B,RJF,0.6265842262480575,0.04768529799632253,-3.3543051615038784,0.6971695016602606,55.63933284516124,0.5147040044995144,1259
GGP,FRT,0.6569326145668009,0.04843813418107315,-3.348202265286547,0.8799023536919812,44.3065177379161,0.34628342016410024,1259
LNC,RJF,0.7348072473230847,0.049121727791842616,-3.3427280971064253,0.9680878129660648,55.21929571710357,0.45663898687629434,1259
SCHW,JPM,0.7150628592733311,0.04940605194749167,-3.3404697219555577,1.1656474463621642,46.03527040206133,0.33247784691905935,1259
XEL,AWK,0.697282338427598,0.04973619323881468,-3.3378608126704084,0.6871887541853352,30.543977800476426,0.38488501450082196,1259
USB,STI,0.8161685238667196,0.04992033298976822,-3.3364118530439812,0.616779882658967,26.30356779420449,0.35141233290647744,1259
ES,CMS,0.8562930534912718,0.04997117100866421,-3.336012593436223,0.6597349562118402,23.119112133196168,0.3622736937142232,1249
UDR,ESS,0.8333487809626653,0.05035084421131279,-3.3330413249300643,0.9491278147897996,34.29038960930693,0.3387549738561304,1259
MHK,MAS,0.6321733097031476,0.05150476613778144,-3.324122537646857,1.063358630943476,39.80793975624218,0.38220537698842905,1259
RF,MTB,0.7918852934727488,0.053007760357483134,-3.3127483685135704,1.361495906497881,39.10286314065468,0.3883971329125218,1259
LNC,MTB,0.7145085058473564,0.05326803617493443,-3.310805592018372,1.4070514298941679,53.14505452428785,0.4449278930431225,1259
BAC,CMA,0.7646718688639446,0.05343232814979777,-3.3095832627951616,0.9303407414376236,40.62833516513496,0.44873963999673594,1259
XOM,OXY,0.662481849116338,0.05378556609593076,-3.3069655532488165,0.43128218732259865,37.57161840112864,0.39911112628542394,1259
D,ES,0.7365174709101936,0.054063548438921104,-3.3049153978655568,0.6104362019086761,45.95418466722971,0.3842564586628902,1249
KEY,RJF,0.7186457873274805,0.054654307622037546,-3.3005869121017777,0.824338716955887,48.700869880025635,0.48584737046063076,1259
PRU,CMA,0.7085033610509117,0.05475265208712012,-3.2998700563509447,0.6493122570749704,35.76269544245546,0.4087381840941549,1259
AEE,DTE,0.8255192037332334,0.05502473387660344,-3.2978922491869773,1.0633258245364263,27.564718242034576,0.39568187696170987,1259
DFS,RJF,0.6191263878195185,0.055028626972101403,-3.2978640075946575,0.4980088617358335,57.32189723109149,0.48694872169411585,1259
WEC,XEL,0.8764086405049232,0.055381372253196406,-3.2953118329246043,0.8807261628764795,34.437210640953424,0.41963396885051135,1259
D,WEC,0.7332996511237442,0.05548109792895921,-3.2945927038343688,0.506342473598291,45.218911036523934,0.36054792443251454,1259
GS,MS,0.8430980850170757,0.05591490839110726,-3.2914766708097374,0.6908480144706914,42.165851660988295,0.4372748702093332,1259
PRU,GS,0.7268632125226534,0.056627382690559086,-3.286401476264392,0.9227143873345713,55.77132520012844,0.44665423007522176,1259
PBCT,RJF,0.6339685408926758,0.056868240348948204,-3.284697518725887,0.41236627802739034,33.926517525088265,0.45607645392922147,1259
PFG,MTB,0.6690227105621589,0.05707588602122371,-3.2832332256982713,1.1485704214282721,49.68561909812102,0.47542749482099506,1259
HBAN,PNC,0.7984323485065629,0.05734355806900462,-3.2813520101697384,0.8748106258346566,36.75079707006891,0.42523165188165074,1259
RJF,BAC,0.7249057715418503,0.05781691832215763,-3.2780426015121273,0.8832586028783938,42.32349991062253,0.4040705800367027,1259
MMC,ITW,0.6218129051192347,0.0583045773707604,-3.274656154792056,0.8455941311363826,40.631936352094314,0.3700963785827504,1259
ADI,LRCX,0.6169972111395103,0.058868042247975726,-3.2707717884410408,0.46936177400458884,41.04632892578027,0.46345208631569434,1259
BK,BRK.B,0.6730295039703267,0.05891534459174636,-3.2704470731616957,1.0586375098520853,43.095984915724856,0.4728635058796743,1259
BAC,RF,0.7960050563652096,0.05923842816786004,-3.2682348412964366,1.0737458540647653,41.691257846332704,0.40168267500246285,1259
BLK,RJF,0.6517057474122593,0.06095024549726389,-3.2566739713604553,0.7146443128854107,49.59495412143697,0.44726012368915263,1259
IVZ,BEN,0.7680155641137142,0.06154482261231123,-3.252719856988374,0.49880942712995574,53.05126545317289,0.38236298589067885,1259
PFG,PRU,0.7981228202597619,0.061580595702036854,-3.2524829404434694,1.0666536778956845,41.88588955053155,0.44935415630125,1259
DFS,MS,0.6452785471382164,0.06252895047403914,-3.2462423308125947,0.5095345525870774,50.64967808356738,0.4575725239415835,1259
KEY,BAC,0.7888580886486536,0.06254055158322883,-3.246166464002285,0.7839886255674204,42.54860765640145,0.4709994849182229,1259
BK,NTRS,0.8010539881391295,0.06259499598877662,-3.2458105698518853,1.0150311344283438,42.34988027144803,0.4258798893254733,1259
ES,AEP,0.8156947304882213,0.06270124927689566,-3.24511672723005,0.8691489539294633,21.394306476794956,0.3722119936476186,1249
UNM,USB,0.7211264669954881,0.06290246566158889,-3.2438053588190883,1.3725542284874896,42.14652061251296,0.36708393427967695,1259
EOG,CXO,0.767597813289944,0.0638742145065374,-3.237519396322679,0.8590178443674201,35.867354011459724,0.34952743352787335,1259
FBHS,MHK,0.6547890985124534,0.065446331282284,-3.2275107151981417,0.6908020861521711,41.3730957774182,0.38943052408911516,1259
D,CMS,0.7514539992853704,0.06627175505977632,-3.2223327757211178,0.3987884977918729,45.716853381105075,0.37881203865146024,1259
UNM,RF,0.7532952633344219,0.06639435739480197,-3.221568096503041,0.8653222353988017,40.79444712534841,0.3762339654066903,1259
FE,AEP,0.6341159009238776,0.06653577672684702,-3.2206874573938427,-0.28816807932200555,39.11970575610998,0.4255140693596445,1259
UNM,STI,0.744785133737371,0.06721044566896701,-3.2165066987890327,0.8735797333048899,41.67410773668476,0.3625314880720165,1259
BRK.B,MMM,0.6052061758805337,0.06723116516120294,-3.2163788374788433,0.7713338631502131,41.54066760196718,0.4687825365320925,1259
HIG,RJF,0.6000663328564484,0.06741276512095454,-3.215259518714191,0.761894157828622,75.52262066355983,0.5207641956757131,1259
AEP,AWK,0.6736818811070142,0.0678857954100666,-3.2123551990090715,0.5704807600180796,36.15025504695052,0.4178384490174689,1259
SRE,ETR,0.6251705606013731,0.06844603510506808,-3.2089362660352774,0.9508894977550114,51.87252102268129,0.4516946846919974,1259
CMS,ED,0.8185018788751671,0.06966439288251652,-3.2015774695081793,1.3260308621618415,51.84952475715947,0.4133634486853212,1259
HIG,TRV,0.6134165815963476,0.06979223227967149,-3.2008112888574187,1.2023585128450758,52.09386576967365,0.5042222390586196,1259
LNC,STT,0.7185668282130668,0.07020720241575158,-3.198331922172997,1.4159181879591838,48.81605620591714,0.4230299560338188,1259
BK,HBAN,0.7257286158256839,0.0708583321155669,-3.1944649499393627,0.9311429300279012,42.12379755863763,0.44277969262516587,1259
FE,XEL,0.6009523725989101,0.07113503953189237,-3.1928301726928834,-0.2534039811341032,40.19394671316047,0.4273643541792373,1259
HBAN,STI,0.8098805098625823,0.07116646140499612,-3.192644853125032,0.8562951471679371,43.97091031259939,0.4160502078963566,1259
SCHW,BBT,0.722417829513695,0.07121057925439701,-3.1923847650706723,1.8924238394114956,44.41443522642896,0.3689413398862302,1259
PRU,BBT,0.7282536827309614,0.07156113420425846,-3.1903226745607047,1.232420159331036,40.17929625954435,0.4393133070987729,1259
TMK,JPM,0.7264311699945253,0.07156402052895187,-3.190305729492784,0.9282590350146027,46.69895102518883,0.41450885676205773,1259
BBT,PNC,0.819828250509897,0.0716393517181347,-3.1898636660857305,0.5892394193173713,42.28915052414499,0.4248421478096839,1259
PRU,ZION,0.7017022767724175,0.07187961997853827,-3.188456169503386,0.7041206259846317,49.41896209497692,0.41091701345942283,1259
PBCT,BRK.B,0.6017835239425998,0.07193923069235832,-3.18810754698421,0.5270726285498971,43.2001431815998,0.4529214262792489,1259
COF,GS,0.6546291398911497,0.07309497256751471,-3.1813932618921354,0.7027578695263816,48.75930613660835,0.3854590528702656,1259
D,PNW,0.7073624011427815,0.07316714237642243,-3.180976789822886,0.43506585307713047,54.980329716190674,0.3764064039830528,1259
MMC,HON,0.6075379225011206,0.07321766646094417,-3.1806854228489008,1.161978085928726,22.315714551382566,0.299649353849569,1259
GIS,CPB,0.6592124992342092,0.0733699008132043,-3.1798084653100203,0.636153636981068,46.652530291131434,0.47747047835262707,1259
SCHW,MTB,0.6916102634848063,0.0734507589362865,-3.1793432616909936,1.5946801392371404,53.66498564875456,0.3974395878254075,1259
PRU,RJF,0.7193775691829418,0.07362691883801424,-3.178331157409384,0.683701461788258,59.07306051994794,0.5105441028503513,1259
PCAR,AMP,0.618683875488478,0.07536956091537866,-3.168420817790276,0.48312175019814196,42.982521622449724,0.4700264237423162,1259
AMP,MS,0.7387190318356374,0.0756433102461002,-3.166880507036654,0.8063576372881542,58.88931013004904,0.43547679885265794,1259
PBCT,MTB,0.7469638326633854,0.0758297007276844,-3.1658342548616067,0.6085814077355225,39.44474311199648,0.4057386334236843,1259
UNM,GS,0.6904609448015854,0.07737878358148892,-3.1572164180496336,1.0565601365330612,60.13331174053134,0.4365042295230796,1259
MET,L,0.6354068136139845,0.07743435164504243,-3.15690981559936,0.34687167169596533,56.98265445297792,0.4383271573175965,1259
DFS,GS,0.645516494692985,0.07770182319353716,-3.1554364308690666,0.6686454827697508,60.48201577897861,0.45115734998767404,1259
UNM,KEY,0.7313322015782133,0.07812854797683595,-3.1530940241988215,0.9460252983392272,43.59685573008395,0.40861910932744183,1259
AEE,NEE,0.7477412362982047,0.07888845694493385,-3.1489474525277688,0.8682766457687928,38.666092464137755,0.4524083064147905,1259
D,NEE,0.7254394980567431,0.0792000919125449,-3.1472560264617004,0.42821922821253205,37.15647847988119,0.3748287655866413,1259
PBCT,GS,0.634123422367051,0.08008392964343242,-3.1424871477343603,0.5386950726633011,39.60703473897866,0.371417796793569,1259
PPL,SO,0.6768339910863068,0.08009763438580741,-3.142413527197522,0.8858322535789885,55.415174715912755,0.45871628350667126,1259
HBAN,MS,0.7206755841977881,0.08023614086644748,-3.1416700371209867,0.7734774982260164,45.96623787093333,0.38179544052370934,1259
COF,PRU,0.6497564884165937,0.08029753602569517,-3.1413407950408687,0.705784518043717,42.64703709510402,0.34433504482056404,1259
OXY,NBL,0.6694736269160585,0.08040115974997808,-3.140785541897902,0.42769118963551667,35.79648270873055,0.38623695860609836,1259
BLK,ITW,0.656064537015242,0.0807441736129963,-3.138951537921116,0.6335993194168952,37.46034344927885,0.3681958728071139,1259
ECL,PX,0.6105389110848031,0.08081674800158778,-3.138564283759794,0.6201161721195239,108.33963660212555,0.4653446584402268,1259
STI,PNC,0.8377374476846585,0.08106730638636128,-3.137229401471157,0.9966540186502377,39.01055793208736,0.4367901617179637,1259
D,ED,0.712722198549964,0.0813309599906144,-3.1358282324151117,0.48529552603811527,59.98752226766503,0.3837697396440888,1259
BBT,STI,0.8402248162524315,0.08152137125250819,-3.134818511647136,0.585173376064294,42.957130566092694,0.4072835540183343,1259
ES,ED,0.816912339696624,0.08170769271307249,-3.133832261174105,0.8813566141591599,49.83164304557838,0.3964247929922325,1249
BBT,JPM,0.7745772833807231,0.0835836660089544,-3.1239987797689635,0.5634440329332988,46.132521577112854,0.40569920425058625,1259
LMT,NOC,0.7353677938734655,0.08363335512585207,-3.123740668742315,0.8071930761766412,42.41315719716432,0.41234666380183554,1259
COF,KEY,0.659859119570274,0.08364669229298183,-3.123671408918596,0.6202941115502602,42.48952400509355,0.3808859321901005,1259
PRU,MS,0.7616007305095387,0.08491001441125495,-3.1171496114083284,0.6903105400181704,47.77128758716791,0.4325940576927144,1259
SCHW,GS,0.7008684312178717,0.08509534233125754,-3.116199230258901,1.4366310634590254,65.27453536208417,0.42790522118422647,1259
MCO,SPGI,0.7327275093529649,0.08533602901584247,-3.114967361469707,0.7538888086438212,56.1575385705645,0.4431600196007852,1259
MET,AMG,0.6323020186943717,0.08561768386596186,-3.113529234216573,0.4847320336888294,51.697648769413156,0.44357149214442115,1259
BBT,GS,0.7210333990564688,0.08641076431667533,-3.10949940736395,0.7314435225581909,44.7055602876757,0.41633342630018416,1259
PEG,AWK,0.6235423488340315,0.08646162171135219,-3.1092419695822637,0.4421159627600159,40.47564097089635,0.44082042091680423,1259
TMK,SCHW,0.6826675787296181,0.08651522508199516,-3.1089707588681534,0.757902071755011,38.148223512830825,0.38314297088067867,1259
SO,EIX,0.6402653694850833,0.08671204935196691,-3.107976026183293,0.35435607376850214,39.913945757687486,0.40994752957232206,1259
NTRS,BLK,0.6626542110009562,0.08691971864985276,-3.1069283793193696,0.9468772799226923,52.56641517875704,0.46122286483875574,1259
SRE,EIX,0.6456287344594769,0.08709584210130689,-3.1060413933728275,0.5247278071600919,54.510891023875395,0.3694418218323866,1259
DISCA,DISCK,0.9846021367356317,0.08713459334391593,-3.105846422429037,1.0310912306527316,35.285910082471936,0.36613256412989786,1259
BLK,STI,0.6291081560961945,0.0873453768193419,-3.1047870722430786,0.7488264326395253,46.04372842948,0.445735680480128,1259
GS,MTB,0.681375085950831,0.0873929165272368,-3.1045484220496427,1.012803824720151,44.238927430191126,0.43376485598633685,1259
WFC,GS,0.7176706549987363,0.08758807012074143,-3.1035697993805833,0.5843636546821612,70.44026295968585,0.4292955507121995,1259
PFG,PCAR,0.644963845089979,0.08830969035561614,-3.0999657327648054,1.3522947396062648,68.06990907542621,0.5314412265841484,1259
TMK,ITW,0.6241712892554052,0.08840087737809099,-3.0995119301840357,0.7771607910378042,50.939457369532406,0.5079208720388813,1259
ES,WEC,0.8522430828413549,0.08866092869058562,-3.0982197395809346,0.8241010247573408,25.520354591325514,0.361404529911842,1249
BBT,RF,0.8096965991911171,0.08955646613702833,-3.093792110712876,0.5775989569675365,40.29429333397851,0.36050427303670096,1259
DFS,RF,0.6205700491818102,0.09007999500055008,-3.0912195351580376,0.5117415591102947,60.81731142396915,0.4166923724753809,1259
CL,PG,0.6646287641984943,0.09038087325215527,-3.089746258071687,0.8503900093640726,53.72760954789673,0.47162664773497864,1259
PRU,BAC,0.7562306989173685,0.091081826876027,-3.086328575469753,0.6752782351601105,45.480361154268245,0.4455641717081049,1259
DUK,PPL,0.7084415959308683,0.09152059332156892,-3.0841995463832865,0.8002689839113627,64.45545048981539,0.4717495168114633,1259
UDR,AVB,0.8229012983104756,0.09166671160922835,-3.083492278754265,1.1491036448089775,30.879715474834036,0.38245919431087205,1259
USB,PNC,0.8338354137618622,0.09427485489338333,-3.0710111962842346,0.623454201165146,38.69161359678269,0.34934355347893886,1259
HON,BLK,0.6383430654397253,0.09470852989465589,-3.0689616242834994,1.0409788311825234,38.74009455864224,0.39925616875621295,1259
SCHW,ETFC,0.7912826346237024,0.09478097761358567,-3.0686199329984447,0.6813565320297126,40.477429866208404,0.4340019862844018,1259
PFG,BBT,0.6880435155086637,0.09483277942211105,-3.068375738283397,1.3635528656291087,45.486098730527594,0.4853756969503885,1259
BXP,REG,0.6925781922590493,0.0950182981249389,-3.0675020359305396,0.49913373570281205,47.443635172225214,0.42683766973725484,1259
PCAR,ROK,0.615032026367767,0.09567242852755747,-3.0644317729331356,0.44297558563887623,48.67451713196873,0.4361596665910182,1259
PFG,USB,0.7203772397280108,0.09687917453490358,-3.0588095509934816,1.3260107580479468,51.70564667384407,0.49117781237102326,1259
MET,IVZ,0.6539023037509483,0.09689566946658396,-3.0587330723837978,0.7025360269098256,46.08076373475364,0.438115175651089,1259
DFS,BAC,0.6279507292919642,0.09703857104866492,-3.0580709256578564,0.47316694812608856,58.50185191488072,0.4426471727675629,1259
HBAN,MTB,0.750518343128576,0.0975975040251027,-3.055488179246919,1.160965681886829,51.74265334921976,0.3823657705462882,1259
HBAN,JPM,0.7584677476370667,0.09889952520084577,-3.0495151227968433,0.8252175543911336,54.577479390600914,0.4134743569795633,1259
PFG,PH,0.6182918348242702,0.09932061858103214,-3.0475961478288074,0.8694706935123275,52.097690974578434,0.5212214133513736,1259
CHD,CLX,0.6208852602931723,0.09976551180413556,-3.04557541679803,0.955009480815957,39.53722573116642,0.4568934716481523,1259
MTB,ZION,0.7553075451971192,0.10037036700397883,-3.042839071790024,0.6533755200869302,46.99499160006384,0.4199122714862168,1259
AMP,AME,0.6220364239250568,0.10187161029991937,-3.0361011087767156,1.3540240962878125,53.68602922767521,0.4198361637543943,1259
WFC,RJF,0.6744059817718404,0.10231193802568633,-3.0341390702014412,0.4131261714946584,70.8558915656426,0.44595572674195605,1259
PCAR,ETN,0.6120238453343773,0.10301532830871668,-3.0310180632220813,0.8052579925691966,44.50320816606649,0.4375031055854173,1259
ED,AWK,0.6916953887189666,0.10347801238054821,-3.0289738570091584,0.5414068526444609,49.432605829105206,0.43288749399135706,1259
USB,ETFC,0.6280727024530054,0.10426937988033591,-3.025493407793612,0.33355008380446727,41.2629096035396,0.38499513299015686,1259
HP,SLB,0.715060632699257,0.10520611519838036,-3.021399262225713,1.48198632602202,47.835069965200326,0.40491818960044107,1259
SLB,HES,0.6733478959790131,0.10571725121935227,-3.0191768233588543,0.4856998585805368,48.98509674455781,0.42443244908828776,1259
AON,MMC,0.787940853716104,0.10579960852071413,-3.0188194870660947,1.0250932001881568,27.497454327158696,0.3938838127540293,1259
COF,HBAN,0.641465895206138,0.10608233017489965,-3.0175943879156057,0.629922170353991,44.66091245327877,0.3785485975380067,1259
BLK,JPM,0.6746618175733902,0.10751970050291576,-3.011403572429761,0.7311624789459333,54.94200518544804,0.4643471469394229,1259
STI,MTB,0.789303553893648,0.10763527733060141,-3.0109084811007754,1.331664967111415,52.65216890379055,0.41419352627698675,1259
DFS,STI,0.6238519108433822,0.10776535292596423,-3.0103517584309705,0.5358062885702811,57.75817591106942,0.447566453741322,1259
PNR,DOV,0.610072470959592,0.10783532111564348,-3.0100525033340317,0.6718160559900405,52.296109405451276,0.4603222626693796,1259
PBCT,HBAN,0.7404248136425642,0.10839193273759257,-3.007677032873765,0.4991086780838508,34.71180819071737,0.3742847874750658,1259
BXP,AIV,0.627340075934394,0.10876887129466539,-3.006073541352274,0.4289360230305793,46.198959473447196,0.41072503285705336,1259
COF,SCHW,0.6191781941326657,0.10888307406582637,-3.005588545198638,0.4435588583319433,48.46798058704436,0.38746819996899434,1259
PBCT,USB,0.7234601825585671,0.1089103679151947,-3.0054726900696407,0.6931293644373308,40.19142059558854,0.42172108925039237,1259
PEG,NEE,0.6985105389251897,0.10989585933228296,-3.0013040079031574,0.5828970950506427,43.550040102810506,0.4579307564392173,1259
USB,BK,0.7504649754659347,0.11027331271769814,-2.999714755746577,0.6869957109453917,48.61970574290925,0.4537574361212797,1259
PBCT,UNM,0.6666722241167354,0.11259635458457645,-2.990021965583408,0.4748189577134721,38.359030831044386,0.390318532911893,1259
PCAR,PH,0.6396425146335971,0.11268936436907934,-2.989636998180168,0.4988328326027524,40.461233304852286,0.4234793440287299,1259
WFC,BK,0.7049888437795881,0.11299411092475664,-2.9883773050389353,0.5700009164443272,61.98903324426458,0.45576163137510817,1259
PBCT,BBT,0.7628285163401536,0.11368156071033109,-2.9855449207365883,0.7018905578089588,50.94649349240051,0.41661723526525696,1259
LNC,USB,0.7477901428839399,0.11399947631210783,-2.9842393649289236,1.6356055005178771,54.463308754707704,0.42662210854481397,1259
DFS,LNC,0.6316663811024075,0.11441943835693807,-2.9825188782595267,0.5179870517852463,48.71883385622784,0.4410546262770667,1259
HIG,CB,0.6545832315989857,0.11471711832121323,-2.9813021863063947,1.1441792933946124,65.81306810282949,0.49487985827398834,1259
STT,BAC,0.7008146247323597,0.11575708085539005,-2.977069871765211,0.5764314287215239,49.3874528699635,0.43799752371026723,1259
COF,WFC,0.6614068837610619,0.11606374141368686,-2.9758272357189948,0.982949760431516,40.533132449470536,0.3858311043209053,1259
APA,CHK,0.6086075130506857,0.11632004248826944,-2.9747905251986335,0.33350809159269923,57.00048621203098,0.46567829545429523,1259
PFG,CMA,0.6812584956796667,0.1176828250607399,-2.9693063745350785,0.7114081477819474,54.47034090155415,0.44299803047840985,1259
ETN,EMR,0.648638933323088,0.11773322524200414,-2.9691044532902424,0.8505865705131297,35.61474010343073,0.3892650512499517,1259
AEP,WEC,0.8103035851133542,0.11840084576983262,-2.9664357186216725,0.9291881776472741,31.09812237974067,0.4134078595907753,1259
DFS,FITB,0.6174853979759545,0.11849137577151181,-2.9660746898980683,0.6533769150006408,53.88415178693456,0.42690583863764364,1259
PFG,FITB,0.6840647729877728,0.11924857536162864,-2.963062943574405,0.997894894734635,58.65285192806548,0.468565305675457,1259
KEY,FITB,0.8327501937167102,0.11967828674158631,-2.9613600282177943,1.0692029399444616,56.29712699737347,0.46332141099598784,1259
IVZ,LUK,0.6380208924624952,0.11977069432088078,-2.9609944110730093,0.26856946887535427,62.23838708150127,0.3854746591841122,1259
ITW,XYL,0.6034430667836507,0.11989713377612016,-2.9604944801398316,0.9507973875703866,56.9990533257493,0.49382182948088654,1259
BRK.B,STI,0.6548048132600491,0.12120137148776183,-2.9553600908752795,0.7380299616189101,54.92339572611838,0.4801851619705823,1259
OXY,HES,0.6967492263735429,0.12139324428026388,-2.954608170721609,0.5690067496114846,42.717196831813084,0.422600403896106,1259
APA,HES,0.7021214457752042,0.12153252126742631,-2.9540629109955634,1.0239922754815047,56.633403190284774,0.4096277957989724,1259
PFG,C,0.7427106812336498,0.121653451111223,-2.9535898503431945,1.079487458338884,71.95852119412255,0.41159038614534726,1259
DFS,KEY,0.6040146479180948,0.12226532070259255,-2.951201568132386,0.6023843431008744,50.94542401108131,0.45768188317465563,1259
WFC,MS,0.7261275045092446,0.12296402175634863,-2.948485034556461,0.440388731332057,69.23318863467944,0.4294383960141897,1259
USB,GS,0.7306738176758432,0.1235680745713727,-2.946145572183973,0.7420872340387367,58.1006528113004,0.43173169352677065,1259
USB,MS,0.7231162993699974,0.12372212796076837,-2.9455502695942273,0.5434553590093966,51.74884668459481,0.37837297990262114,1259
UAL,ALK,0.6374520496777452,0.12442410147607585,-2.9428444897642705,0.6839625256035513,56.82855775636236,0.4187925644177034,1259
PFG,STT,0.6955773419174122,0.12462501501397821,-2.942072112349869,1.1523118979663731,49.03137493021847,0.3987931860365664,1259
PCAR,PRU,0.6159281686651339,0.12579868062582023,-2.9375781976500477,0.5515462237796864,50.539024344909755,0.49419570867894375,1259
ZION,CMA,0.8441414532987732,0.12588580917852443,-2.9372458053542982,0.8620580048900494,45.72754111999618,0.40812478649080464,1259
MET,COF,0.6078894262914631,0.12671526431338642,-2.934089811346748,0.6744688604601066,39.42486468812018,0.33159669343859655,1259
RTN,LLL,0.613269173119225,0.12671803301817114,-2.9340793018820266,1.2602636893081098,48.944450931924834,0.4210932657423055,1259
UNM,NTRS,0.7152125092118946,0.12679875076024277,-2.933772986337512,1.0275731381071256,54.445280004121756,0.3828207697747228,1259
PFG,BAC,0.6992586579209854,0.12693139943952642,-2.933269905739678,0.746434352600979,57.957076765885155,0.46960859026789814,1259
MTB,JPM,0.7501226508043136,0.1270603124168197,-2.9327813588175813,0.6703667552995489,44.58344114831563,0.43890833074040325,1259
PXD,HP,0.6150519263430495,0.12718993874358386,-2.9322904712677977,0.5800119404351348,48.06428607600506,0.4477313851712644,1259
TMK,MTB,0.696166144627803,0.12775955203238193,-2.930137671508536,1.2444722712538732,61.74256841796929,0.434829453129349,1259
BBT,ZION,0.7680388894061235,0.12834701975654483,-2.9279246724435035,0.5507191781041636,46.33528834260202,0.35370677386669225,1259
MET,MTB,0.6497268797202864,0.1290569253877184,-2.925260219355166,0.416957488865388,62.831628495428845,0.400719656368017,1259
AMP,GS,0.7061063965710748,0.1292110032662156,-2.9246833286496976,1.0220834283865996,82.34962559271257,0.4988215474456105,1259
USB,MTB,0.801579770760162,0.13069377838140567,-2.9191568605656673,0.8373532336738237,52.57680377292667,0.3995856150008695,1259
HES,FTI,0.608208296335044,0.13088821107033316,-2.9184355520298393,0.7732798028598953,54.755429705237745,0.43987278184863277,1259
PNW,XEL,0.848541711797134,0.13116829013212028,-2.917397869250586,0.9255692130908262,51.64199834134672,0.39466321060471327,1259
XEC,CXO,0.784144995931855,0.13171743212523063,-2.91536794625095,1.0212759391985835,53.64211688584072,0.3762530581133758,1259
TMK,BK,0.708028392648618,0.13198877442805562,-2.9143671702966087,1.0615054069429892,54.6990463765946,0.4256057266894618,1259
LNC,BAC,0.7666877868716717,0.1324481775029162,-2.9126761531529026,0.9191551839856427,60.76934247903675,0.44330112481068445,1259
BLK,PNC,0.6486701824951805,0.13344670193642305,-2.9090151848425783,0.7575493812301062,52.689731599519355,0.4822231849286539,1259
AMP,RJF,0.7283874823512638,0.13362805806486722,-2.9083523791575177,0.7420670937318505,95.99592150518143,0.4777067166708441,1259
DFS,USB,0.6511249581179088,0.13400546471182262,-2.906975132086796,0.8793137333205922,56.65998117563678,0.4583095134424862,1259
CL,KMB,0.6699063855682387,0.1348595848160264,-2.9038684894700215,0.6235613608207191,45.25832813374879,0.42553986142833566,1259
AIG,HIG,0.637635996306768,0.13496964612000228,-2.9034691967209643,0.5746733376984432,42.168094312862486,0.4548586091208386,1259
BXP,AVB,0.6835274183738536,0.1351725974090522,-2.9027335186058427,0.4939337249024591,51.33422098890838,0.4509512473171098,1259
DAL,LUV,0.7299090700457219,0.13529608821219136,-2.902286263937634,0.6676093839068221,60.87686065355468,0.44745007062771286,1259
DTE,AWK,0.6971862569244801,0.13600569551891173,-2.8997218821917654,0.614269280209111,43.47029051866048,0.39333338755257524,1259
NTRS,MTB,0.7263715716096529,0.13613967188547055,-2.8992387928828256,1.0808160893699497,53.54309747115676,0.4193219234040482,1259
PEG,AEP,0.7314479283746698,0.13653908974748458,-2.8978005944051706,0.7792484734129409,37.21176074445933,0.47572837968098936,1259
PFG,L,0.7104992690647597,0.13688573249848057,-2.896554860347629,0.943372131066407,137.5304794479906,0.5288325143119926,1259
WFC,BEN,0.621170875889713,0.13735423115972645,-2.8948747865647277,-0.087735766517202,80.16804540029133,0.41938214879119057,1259
STT,GS,0.7122273046402159,0.13750629332591652,-2.894330358832629,0.8318297636438379,51.69596490483775,0.4547492036280317,1259
USB,MMC,0.6097597098824896,0.13754977010259817,-2.894174778033161,0.5560433610079331,51.4092037930901,0.4371764509245602,1259
HIG,MMC,0.6005371750415522,0.13837959669769107,-2.8912119596301924,0.8517064140525915,48.09703884563708,0.46356624464921603,1259
ED,XEL,0.8378863726849001,0.13863038720109971,-2.8903190278701985,0.7932078323331267,43.7161788044796,0.4101968301664978,1259
MET,GS,0.6719140934284911,0.1386537876785119,-2.8902357699018464,0.4260220599352311,57.7393992308666,0.39116276092081126,1259
USB,BRK.B,0.6861577522281425,0.13891656998877788,-2.889301487191759,0.7566761896619687,46.13366703509264,0.439007179185275,1259
SCHW,BRK.B,0.6277537758536053,0.13942690327283974,-2.8874906617025338,1.492082314002116,52.2966378829155,0.4711194133733893,1259
PAYX,FISV,0.635627600996135,0.13948855029239404,-2.8872722377322857,0.49291255949823665,52.591687811893955,0.48935395318807345,1259
DAL,AAL,0.7801232709860251,0.13969666240728812,-2.8865353741390787,0.9174701081430477,54.54483694546881,0.45410044994860266,1259
SCHW,BLK,0.66753927108222,0.13998332466106445,-2.8855216642398416,1.4347059465099088,51.688200122876644,0.45750718847584676,1259
IR,ITW,0.608372464024952,0.14057702743494516,-2.883426862352656,0.5729593089262512,52.6957477718714,0.42344084667080445,1259
WFC,NTRS,0.698418814024595,0.14135474023835953,-2.880692283550018,0.5659923141815675,71.77659228346037,0.4177202805148043,1259
HAL,HP,0.7030681352869687,0.14141666830845062,-2.8804749922927213,0.7081721947173047,52.45091928728393,0.42186695371833044,1259
PRU,RF,0.7330890227183428,0.1420087284855815,-2.8784009859859503,0.7439683736467875,45.76038257903604,0.41313508637575147,1259
COF,RJF,0.6112800880159904,0.1420796810295884,-2.8781528480789116,0.4842108300092907,61.72302475948852,0.46225641464577133,1259
GS,RJF,0.7154109393239394,0.1423834860423367,-2.8770913605320754,0.6991231468896858,53.19960041384882,0.46822925159223383,1259
PEG,XEL,0.7723445835281787,0.1425636055160705,-2.8764627839411014,0.6382677357015833,54.286738227096926,0.4681821566782852,1259
DUK,AEP,0.817881225765414,0.14393976902938566,-2.8716787152585868,0.47755346474781796,47.07770540385398,0.4337324449132051,1259
WFC,TROW,0.6275268328002224,0.14426605559316363,-2.8705491591873105,0.4808248101779676,97.36428920769262,0.461765421880299,1259
PRU,USB,0.7326536801138074,0.14449204223028123,-2.8697678824874253,1.1661166183648344,56.712279972831816,0.45187271428136266,1259
BXP,GGP,0.6043612500720893,0.1445512817238767,-2.8695632233789374,0.547055725744524,45.686941322265774,0.41639473308890623,1259
PFG,ZION,0.6616844563561026,0.1449015433893845,-2.86835435475515,0.7532130978137549,71.04169193303963,0.44615435279206184,1259
ITW,SWK,0.6264422499867657,0.1453106767107592,-2.8669449045441477,1.1138792303622937,57.030939054397585,0.4584480344280269,1259
HCN,BXP,0.6174430751275028,0.14566524771055184,-2.865725677801514,0.695560429812894,66.9373904320874,0.46482923333787185,1259
ETFC,NTRS,0.6509684006397807,0.1462029049614496,-2.8638808684134784,1.9894820112525862,58.93179410768232,0.44231977643308734,1259
FE,DUK,0.6011549427843396,0.14741627095460197,-2.8597350176061767,-0.22542706669723395,51.19529226948595,0.43053896618693427,1259
WAT,PKI,0.6119408875294011,0.14760439556174038,-2.8590943769323744,0.9875331493922814,54.60423869102554,0.4234486063167284,1259
PRU,UNM,0.8214822090176501,0.1488643632079107,-2.8548183584702715,0.8348075356991173,55.169175384979766,0.45384820700590306,1259
DFS,JPM,0.6436101821313878,0.14895882232909402,-2.8544988101850053,0.4835327386420447,71.66561908909745,0.47275207355278825,1259
MS,MTB,0.6891626086330707,0.1494008026047804,-2.853005503488552,1.4090131856175387,55.15229972235487,0.4351695181543631,1259
PBCT,BAC,0.7058517400264682,0.14985535003585349,-2.851472954132317,0.3767915614497696,44.27053950932793,0.4215419637508106,1259
UNM,C,0.729503370847866,0.14997044468038356,-2.851085417113822,1.106074852318589,71.52228048427747,0.4014752970675807,1259
STT,MTB,0.6732486502296666,0.1499782254716227,-2.851059225783878,0.8626568509866327,63.851819835504614,0.4848177612309193,1259
BRK.B,JPM,0.7164962341560651,0.15040792076511456,-2.849614276345279,0.7222280466521492,75.34281521891003,0.49693547210118927,1259
WFC,MTB,0.7253596633694818,0.15131739264492655,-2.846565439108183,0.5951033995834328,86.11174759319816,0.37633494428138803,1259
HCN,FRT,0.635029014208183,0.1513985969349012,-2.84629383842957,0.3827945244326054,74.45657790477027,0.4868403356988423,1259
PNR,ETN,0.6010811084297615,0.15166939925206308,-2.8453888297007515,0.8608579384144344,45.730151675520325,0.42410696897737915,1259
MET,RJF,0.6642707436512273,0.15220617089915328,-2.843598283233617,0.24895926364963042,58.631384714855,0.42641825785204174,1259
SRE,AEP,0.6782047906812522,0.15252973888650373,-2.8425210563340344,0.6021978292018104,60.39333043156775,0.4211389495547984,1259
WFC,SCHW,0.6614150432588887,0.15263158256419807,-2.8421823257786762,0.4052560330478175,59.154221286128546,0.37111714966847126,1259
COF,STT,0.6044888104602519,0.15265339716228354,-2.8421097911821875,0.7298836552070628,57.346296419942576,0.4378056920479139,1259
D,ETR,0.6262048174700412,0.1527125818437462,-2.841913035528001,0.7289247188768914,67.15078818721365,0.47014269959808497,1259
BXP,ESS,0.6458742129083783,0.15288632227526694,-2.8413357526182597,0.39812551089165965,51.546645941768865,0.442900686480166,1259
DRE,ARE,0.6889165899434704,0.15320623451751625,-2.8402739794516236,0.969726007510416,52.4779752851206,0.4438024641889408,1259
EXC,DUK,0.6186141931384429,0.15325890999180525,-2.840099299793734,0.9900497879218969,50.32685254371395,0.48658045783319614,1259
OMC,IPG,0.6760774222688921,0.15329565437383835,-2.839977474672255,0.5627094269739727,36.567363799974615,0.4554122972051904,1259
KEY,CMA,0.8422450245568631,0.15534403341494335,-2.8332179146456173,0.7523397722695715,50.40497526174655,0.42916950734039644,1259
HIG,USB,0.6081824605286704,0.1556309369046457,-2.8322760829986895,1.3320247799932767,64.73870721942897,0.44727839313496776,1259
XEC,DVN,0.708165153433194,0.15678912421861607,-2.8284861991430765,0.09308523855705603,78.14702892306164,0.48139694419786644,1259
UNP,NSC,0.6650425697449391,0.15820361365910457,-2.823883737288305,0.806122363129366,54.17534995326637,0.47867848356776377,1259
ETR,DUK,0.7246647598130123,0.1582487512447731,-2.823737336269686,0.9645744529893625,55.11429665095214,0.48065505441216966,1259
LNC,C,0.7685168932256283,0.1585303644707659,-2.822824589135734,1.3247085908611334,75.48671745510818,0.4163289896756519,1259
CB,ALL,0.6543990617062836,0.1591097784254883,-2.820950130490607,0.7468214640101236,59.038801611726036,0.36229844504151104,1259
TMK,HBAN,0.6858203910799778,0.1591505549726696,-2.8208183913595444,1.0218823604457008,55.64270933142123,0.4365904477002066,1259
ADI,TXN,0.7298612173516473,0.15922382624538944,-2.8205817279187553,0.6775842782334517,48.38153986351812,0.4674799670664023,1259
BK,RJF,0.7480909755916502,0.15946732200053626,-2.8197957828380065,0.7803047335337704,65.06604558206527,0.44249394589895635,1259
PFG,HBAN,0.6844790600906755,0.15966379244750528,-2.819162224556236,0.9322827293090712,55.139569264730106,0.4513771462422167,1259
WM,RSG,0.7406211572316072,0.15995869182195716,-2.8182122661710425,0.9726585138696036,49.53036857794436,0.5020328736489197,1259
TMO,WAT,0.618260887020429,0.16086807691946858,-2.815290408978214,0.9991981236130909,63.961809836242786,0.44814054091416555,1259
AIV,DRE,0.669069746151825,0.16095097769160266,-2.8150246120596987,0.7517426814200073,52.849962752001744,0.3683781512283543,1259
PRU,STT,0.6946691793769771,0.16100149503080757,-2.814862689059085,0.9974034334910495,59.34652039397928,0.4523396516029037,1259
COF,MTB,0.6531934068567684,0.16116266352252218,-2.814346328855474,0.729270321583673,60.84575345930279,0.4129451161824552,1259
KEY,STT,0.6971986299420969,0.1617459655490876,-2.8124804637011023,1.1513701683825617,60.60124595019671,0.4816091858294372,1259
BRK.B,MTB,0.6281659451305687,0.16217483074566585,-2.8111115444802333,0.9706990678777533,70.67867939539914,0.48127955257859106,1259
UNM,PNC,0.7372658054901785,0.16291722700574168,-2.808747682661253,0.883629422538191,50.992758205491114,0.4211125168947326,1259
WFC,L,0.6336596266299854,0.16316576104947872,-2.807957969290195,-0.03304070725210741,87.50241185425719,0.4212139771934166,1259
HIG,JPM,0.6407347808268251,0.16395050464119276,-2.8054698290640268,0.8169939836625794,81.09342060182517,0.48298040782337065,1259
ADP,FISV,0.616034923610503,0.16410313661582238,-2.804986831094994,0.39497967445637505,53.84521539372286,0.38428981654479355,1259
BAC,ZION,0.7442991648694177,0.16462557050725996,-2.803335920745552,1.0297391655448715,50.08262007153715,0.40979605121725443,1259
PBCT,BK,0.682364560661317,0.16472974936782658,-2.8030071382159356,0.48726316982887463,44.56288529475124,0.45572300542218885,1259
SPG,FRT,0.7530724020349487,0.16481823265513312,-2.802728001079324,0.6681444522250302,49.399278669689735,0.38921118546098826,1259
COF,BBT,0.6856952572175425,0.16538759071070214,-2.800934286919613,0.9165158063895101,48.098058585840114,0.40267730992360073,1259
LNC,FITB,0.7438575844137525,0.16556362535017788,-2.800380554155621,1.2276512650621711,63.17185774223032,0.4216465693861591,1259
XEC,HP,0.6451762097188144,0.1659194223784895,-2.7992625822047885,0.35651696412530043,82.84798325601152,0.47707860405760316,1259
STT,CMA,0.6890934523831875,0.16594921029012472,-2.7991690576168318,0.5401739828623425,56.850231195617006,0.45718120644573024,1259
XEC,NBL,0.6553208030371488,0.1661584850244433,-2.798512322333211,-0.051318653252179394,71.12630127737745,0.4918614009490342,1259
HBAN,BLK,0.6062068056824566,0.16631918299853304,-2.7980084089698467,0.9958641064211932,55.38317108101414,0.4767553110093856,1259
XEC,OXY,0.6667217050372047,0.16650402295416444,-2.7974291998751584,-0.035175680980938366,72.75029773841952,0.4905174653356873,1259
XEC,APC,0.6599732110942095,0.1668405888734793,-2.796375665243867,0.03730548702250847,75.81776501165332,0.4871465078415604,1259
DTE,NEE,0.77827689531229,0.16719293787199568,-2.7952742674809214,0.8037471053083634,49.061872966320855,0.43252318205032875,1259
DUK,AWK,0.6539424253272584,0.16740046503658346,-2.79462629958143,0.2556879669074001,49.506157031182354,0.4446626431792886,1259
PBCT,ZION,0.7345947266526942,0.16844467453998735,-2.7913741554880915,0.40334185986890736,47.82687551899746,0.3923691036239918,1259
XEC,APA,0.6531959219397193,0.16888854788432928,-2.7899958582520874,-0.012358706462086807,73.4839103475557,0.49102671380925683,1259
FAST,GWW,0.6505524486467021,0.16888855427617921,-2.7899958384220005,0.34762627274569113,57.00087314477565,0.4199987665181631,1259
SRE,AWK,0.6227452397411211,0.16928527336973803,-2.7887660306742834,0.32500531074438854,66.56334500480038,0.40135742512965333,1259
GS,PNC,0.7250966557904719,0.16978414601809105,-2.787222308610186,0.7261759257959424,58.30110313229789,0.4793248087787283,1259
FITB,MTB,0.7824614221487073,0.16987060228318496,-2.7869550875000404,1.0662936776353906,56.071524834490326,0.4796932351558931,1259
C,MTB,0.7247118873652749,0.17000515684934087,-2.7865393852355878,0.9036121542739631,63.60989854800161,0.4526391119935157,1259
LRCX,TXN,0.633168485885728,0.17040698152583733,-2.785299277618308,1.3974341323166646,55.31937631189491,0.479882925961296,1259
ITW,BRK.B,0.6613091017405661,0.17076957982836244,-2.784181918595975,1.4834962316965041,59.17450712064769,0.45378443373871596,1259
XEC,CVX,0.608081595742742,0.17116904574260533,-2.7829527968667627,0.0668867709656635,76.16651334165911,0.49212498845723923,1259
IVZ,ITW,0.6268865447418442,0.17172353689562864,-2.7812498674781985,0.024043849823677896,63.453089355457664,0.3829138904172194,1259
EXC,DTE,0.6131126667855299,0.17190034243766494,-2.780707646601545,0.4345442139729302,56.97026452416119,0.4942437553555615,1259
WEC,AEE,0.8150849554738188,0.17251559598929816,-2.7788237213225804,0.8906046364222461,45.28110803613552,0.41054801303611194,1259
COF,CMA,0.6437497350606648,0.1729081629470211,-2.777624022777657,0.4436135305492681,60.23422632955243,0.39332734960391585,1259
HBAN,BBT,0.8062403525088155,0.1729510869030071,-2.7774929563967565,1.3650254396494728,56.80620668004697,0.43003395527179017,1259
COF,ETFC,0.6063887141729928,0.17312405781892526,-2.776965018170366,0.2961226850575073,56.477973788863125,0.44134651339765213,1259
MET,STT,0.6616747025462361,0.173366238787876,-2.7762264317104215,0.4831212787568962,66.04268214154692,0.4160176295300117,1259
XOM,SLB,0.6221105192059769,0.17371668575763138,-2.7751588850825506,0.4367023797561428,49.45711040711671,0.43240354009921417,1259
BK,BLK,0.6876694487834922,0.17428115364902536,-2.7734424036312046,1.0106677408675602,52.24468928359204,0.45319888759908034,1259
IVZ,MMC,0.6176594946512433,0.17491673539382208,-2.771514114311609,0.029883084737281095,63.74241673087786,0.3830943442753618,1259
HIG,STI,0.6136396571937888,0.17494729055020436,-2.771421531084563,0.8438581173251513,70.10812788199615,0.48438149820797255,1259
TJX,ROST,0.6925019740413515,0.17517728702516455,-2.770724979574084,0.5044709922328214,49.35619734175384,0.45081603882881294,1259
COF,BAC,0.6702788411154121,0.1753573307964048,-2.7701801370646875,0.47132256379438653,60.732179590665304,0.431357220616454,1259
XEC,HES,0.6806132645928712,0.1755233748076077,-2.769677990791053,0.0669975797773837,77.81042138774323,0.4889633977359019,1259
XEC,COP,0.6489256063205492,0.17568376579781725,-2.7691932409012368,0.05546109998692924,76.90589628769725,0.48959548102192324,1259
AMP,STT,0.7352793941797876,0.17612118047767106,-2.767872739197466,1.1570885273257847,77.81150474324998,0.4626200086351449,1259
PBCT,FITB,0.7453455366896968,0.17660953190470985,-2.766401043660458,0.5062097304796849,57.558669294387414,0.4111004364717341,1259
PH,CAT,0.6585990418911831,0.17728670976384792,-2.7643647744320474,0.8229634849936983,94.55406856570468,0.4890010100094268,1259
IVZ,HON,0.6064996470972182,0.1773535793951524,-2.764163978600029,0.0347759208437912,64.09662105280323,0.38447559430157024,1259
PFG,NTRS,0.7033971574233971,0.17748977632066154,-2.7637551625920795,0.9676340201053044,73.10169982177992,0.4875194537161979,1259
COF,USB,0.6811883903483456,0.17801898566472935,-2.7621686340379155,0.8695341953779673,57.48679858713162,0.43184148773496134,1259
WFC,ZION,0.7067706857141314,0.17813419907527073,-2.7618236482943614,0.3138084076959161,98.77276012007094,0.42698567832224416,1259
C,ZION,0.7269028134641533,0.1786557226951318,-2.760263888618779,0.6382288015978287,52.023666302021645,0.3770501987967793,1259
REG,PSA,0.6113136537847962,0.17897617326657306,-2.7593069897601357,0.8346701444190414,56.91360762029202,0.46776326523773776,1259
AIG,GS,0.6095382143712321,0.1790626981104686,-2.759048812193805,0.585041186385555,65.67096422233868,0.44073198230242366,1259
PRU,L,0.6907530164956348,0.17921432678868277,-2.7585965734375066,1.033573212434339,113.25971217823563,0.5109305147576685,1259
PEG,WEC,0.7698652397391982,0.18073658168032708,-2.754070349836965,0.7266598601652217,49.84361102243826,0.4572739446243322,1259
DFS,NTRS,0.6081693591061449,0.18190164289969163,-2.750623172942115,0.6116280051003988,69.99571011663934,0.4641598115491757,1259
RCL,CCL,0.7713330793741126,0.18203527038794737,-2.7502287279723716,1.6830311477019442,63.36239941049175,0.4334159579566444,1259
XEC,SLB,0.6499596825665714,0.18218648739077403,-2.7497825917590664,0.5733411343595689,83.98569170645476,0.4622828410224762,1259
KMB,CLX,0.6713775852571976,0.1823116013751691,-2.7494136516731102,0.46254330119157316,57.55204247884356,0.45450254515876054,1259
AMP,C,0.7336908794097774,0.1823287174174965,-2.749363192305975,1.0518997272483792,99.76279837191808,0.444463499854337,1259
DUK,PNW,0.7919810580607717,0.1829956856973829,-2.7473993422133556,0.410305810402924,52.665783851965365,0.43717001634935193,1259
MET,TMK,0.728694558859116,0.1834527677636863,-2.746056206142113,0.24169025284550633,59.924942719443166,0.42038683941402666,1259
HON,BRK.B,0.6537543135120595,0.1836069520354946,-2.7456036314161567,1.076583942219392,57.181991869354,0.4440105926630819,1259
DFS,PNC,0.6454765856496264,0.18384104850823924,-2.7449169684174963,0.5216969243693529,69.33133310708185,0.4845342908431145,1259
USB,KEY,0.7954949836517227,0.18410822546764238,-2.744133972984953,0.653226702187438,56.19387543704702,0.4044344840164382,1259
LEN,DHI,0.850043002675556,0.1841448984074338,-2.744026556553176,0.6219005530605322,49.03237258196922,0.3949723579038239,1259
PCAR,EMR,0.6114303963178579,0.18455773611956833,-2.7428183059015385,0.6083473710660512,69.5492405836568,0.45526395702214656,1259
PBCT,CMA,0.7454295692676172,0.18458157109949147,-2.7427486022741334,0.35443696645664113,50.71469777976425,0.41634572615447724,1259
SRE,ED,0.6596372174464425,0.1848187709801819,-2.7420552500391073,0.5027215742124428,85.2960233914454,0.4402623193177689,1259
D,SO,0.7076578289516544,0.18497580626621496,-2.7415965453100624,0.840574566002912,86.55311685259606,0.42789645558096556,1259
MET,JPM,0.7097131083014903,0.18542998582630216,-2.7402713067554547,0.22005460009481784,61.74886727212196,0.4212807091280446,1259
COP,MRO,0.8018697409664941,0.18547077729419764,-2.7401523864170474,0.46068670482924884,53.076801942163904,0.4299290423395116,1259
IVZ,L,0.6268569760183547,0.18559656758596643,-2.7397857746833956,0.16215535443453472,67.26746368994256,0.38863208287776285,1259
D,CNP,0.6373117527382262,0.18576948026326534,-2.7392820914254217,0.24963691399941793,87.24859479402775,0.3770689467742311,1259
CMI,CAT,0.6463264459080915,0.18583732262528435,-2.739084554822701,0.741533841475497,60.46523216246699,0.48781170787535555,1259
C,BAC,0.8512643478797226,0.18592888174410083,-2.7388180368728223,0.6012732184543295,62.44567701756958,0.43285995506618696,1259
MET,ETFC,0.6355460708068893,0.1880950834185588,-2.732537310379613,0.1495272324300611,57.99805606879308,0.42081893873446446,1259
BBT,NTRS,0.7288269122371336,0.18853552599046441,-2.731266056341553,0.6826279084653026,53.88764572070826,0.4277109558649644,1259
APC,HES,0.7031185267342155,0.18874439817765454,-2.7306638615281824,1.0683661657785763,54.05467076699994,0.43771516046604453,1259
HCN,REG,0.6409741895839061,0.1898896727114739,-2.7273696172220707,0.3719596737761399,75.06795865467595,0.4806431202899095,1259
ES,NEE,0.7692073670317958,0.19004815087192728,-2.7269147904353885,0.6529804012605555,44.565202280860916,0.4337551051331411,1249
AMP,TROW,0.7113854569801397,0.19063883959666694,-2.725221697055423,1.2999539105821656,103.04246915898464,0.5185780797605043,1259
IVZ,TMK,0.6982466899983913,0.1912243005892797,-2.723546937246322,0.050053556812368005,65.40008675366668,0.38386860509086007,1259
IVZ,JPM,0.6892469096467893,0.19150685710960297,-2.7227398476715625,0.05396053091076692,65.89393097745524,0.38361512866547504,1259
MS,RJF,0.7507584969472868,0.19227837123500696,-2.7205400205341985,0.9825269310166652,66.44803678949798,0.4395393816198017,1259
MET,BRK.B,0.6176387212410811,0.1924816350514909,-2.7199614011087108,0.2786934618690548,60.75542886223365,0.43288605765449606,1259
MET,TROW,0.6061895717610356,0.1937672795497669,-2.7163107270718063,0.4486187684571804,66.12595878599654,0.46781811609814306,1259
TMK,GS,0.6764217655442616,0.19425451526225945,-2.714931265008915,1.061707996924112,97.09862059825176,0.5155542775667576,1259
BXP,FRT,0.7153815375281236,0.19460061868102746,-2.7139527278698186,0.5690784074933407,45.946884700825976,0.4344689067837525,1259
AZO,ORLY,0.7177851697619866,0.19474002761336007,-2.7135588934107355,0.6787403490807865,47.682168318388214,0.4555936036732151,1259
SRE,DTE,0.7199489002527304,0.1952685964740311,-2.7120673128906834,0.5474117902113192,70.50180951093452,0.41675746080535525,1259
WFC,CMA,0.7176795414484298,0.1970204449480915,-2.707142161526155,0.3326295489073347,91.81775200397426,0.411863458854368,1259
AVB,ESS,0.8123301042750519,0.1972205227998876,-2.706581448388536,0.8025588803677818,41.3622235921004,0.41078133787963456,1259
USB,BBT,0.8205479714938041,0.19748927082528822,-2.705828860701987,0.9815759358167372,51.54010702828227,0.4230459119818149,1259
AMP,MTB,0.6660744149556056,0.19770016517758143,-2.7052387414201666,1.0604302702583075,94.73446052188078,0.47105532417394885,1259
XEC,HAL,0.6546103595443771,0.1977851954178595,-2.7050009256586427,0.5599531715800351,82.61128844257208,0.4357144392242157,1259
ADP,PAYX,0.7121889269367413,0.19788790616015817,-2.704713747436913,0.786432179317399,57.929792067880776,0.4225085529294295,1259
DVN,MRO,0.7372890778766595,0.1988466529175673,-2.702037675996491,0.6322887534398122,43.195077037306184,0.4279561784932873,1259
BXP,UDR,0.6524891969128015,0.19964358990710734,-2.699819501143794,0.399575679628824,56.98985411266746,0.455488148038225,1259
EXC,AEP,0.6039181855635587,0.19980358327768893,-2.699374858978669,0.4577147598847845,60.27727364467544,0.4918301389556449,1259
DFS,PRU,0.6344199809702811,0.20074405747933965,-2.69676572360349,0.6969571287582687,54.6664929732931,0.4382134947897186,1259
AIG,CB,0.6003357845951086,0.20075378925349968,-2.696738765592045,0.632638186312639,61.6464288413007,0.4886843969473666,1259
MMC,TRV,0.6263235312914581,0.20078091162801975,-2.6966636382121516,1.363198006344899,60.33579821322258,0.48067973464611735,1259
TMK,BBT,0.7064690600308577,0.20112660978705116,-2.6957066382047086,1.4451160059250412,59.70740482932411,0.41884097403398823,1259
BK,STI,0.7452556168827045,0.2016737390647355,-2.694194143458797,0.8238167366332636,58.53456169911701,0.44815573808591636,1259
LNC,ZION,0.7365131993730696,0.20222553223320805,-2.6926713859444162,0.9064139712291627,88.95676144164818,0.45578442215355974,1259
NWS,NWSA,0.9600036698516018,0.20253879924866758,-2.6918080476231827,0.8673189771075306,22.784722764953468,0.36797109455756866,1169
STT,BBT,0.6900368401209078,0.20264314494348312,-2.6915206669036755,1.0262966877141724,58.01775262412146,0.461876112598096,1259
AIG,TMK,0.6644611436033131,0.2036529582674122,-2.6887443361190346,0.5325148023515145,52.34190601142663,0.3967547582866333,1259
AMP,PH,0.6098615467229075,0.20440998002142413,-2.6866687095391604,0.8384012378689498,83.98822916851564,0.46151203283945935,1259
NTRS,GS,0.7375965705478611,0.20485974627689674,-2.685437818487725,0.9787559201728586,64.65192821061768,0.4560192802064526,1259
ETFC,RJF,0.6846251815868196,0.20492746077195784,-2.6852526492323676,1.531616357475898,85.35282188485513,0.47170733395675674,1259
IVZ,SPGI,0.6007069821964295,0.20496866107687894,-2.6851400034211585,0.04617787541553114,66.10141264266277,0.38126278248552226,1259
AIG,L,0.6099286190912023,0.20570440566349035,-2.6831307960131503,-0.0007154837333107173,83.64654676339929,0.40681394676785354,1259
C,RF,0.774555238948205,0.20573598718660835,-2.683044652809606,0.6511075963423381,65.41999972270632,0.4431792224547587,1259
PEG,ES,0.7533502664250412,0.20617393892856656,-2.6818509306849134,0.8749034013509803,43.916026693677615,0.4700132703060411,1249
AEP,CMS,0.8105838712481385,0.20643655714314607,-2.681135877124729,0.7423473180755038,35.67518503525517,0.40883439084018364,1259
MET,HIG,0.6344632061853201,0.2065977614856901,-2.680697234558773,0.2322339488274277,62.82795328926927,0.4271112154618567,1259
HBAN,BRK.B,0.6348536123610027,0.20661075224824854,-2.6806618955926114,1.0379053079959453,60.21243799418081,0.49665410703226087,1259
WFC,JPM,0.7720252942144891,0.20714005972973432,-2.6792231952493752,0.41180799659976386,89.34617223110418,0.42901656703060115,1259
HES,MRO,0.6996185780077581,0.20730844168122475,-2.678766002470437,0.5122890839053096,54.609438065700935,0.40189426622981966,1259
CXO,NBL,0.6689803539158149,0.2073512454511694,-2.6786498182072043,-0.08396062948418816,58.94654916325187,0.4413654977536887,1259
XL,CB,0.6177078092510265,0.207681863961644,-2.6777529103673157,0.5308083248634362,62.28420101477539,0.45692505203798667,1259
MCHP,LRCX,0.6254073862632059,0.2077891287103374,-2.677462112581779,0.6191946984033262,61.24826789987057,0.44215064082077815,1259
RTN,NOC,0.7287972114412417,0.20823596281321521,-2.676251741504698,0.7587808324885634,61.5157311219474,0.4362294998366144,1259
COF,PNC,0.6736459924234337,0.20851503903960583,-2.6754966112581795,0.5299796354030655,63.34178969350438,0.4324189529749513,1259
WFC,AMP,0.6842233708403404,0.20886320209571352,-2.6745554287156854,0.5291009912619468,63.956904024024645,0.42389460648714333,1259
MET,ZION,0.6754313899277746,0.20945371116728678,-2.6729613523077926,0.2645395519015012,62.43335969159907,0.39681688603373166,1259
ES,AEE,0.8252488825195494,0.2094735312696716,-2.672907896669517,0.7448112127141271,35.77805872132245,0.3924101439969334,1249
TMK,CB,0.6565159763643752,0.2095624754199038,-2.672668049410001,1.2136000418412647,73.68797133386224,0.5183337580989489,1259
SRE,CMS,0.7171280846365433,0.2099780810684332,-2.6715481647039874,0.4249612741151268,74.55501512941993,0.4174059941171086,1259
KEY,ZION,0.8024738984215496,0.2102332122974459,-2.670861375460427,0.8123681162364245,74.67302771486361,0.4480444104248966,1259
PPG,SHW,0.612502694700139,0.2102756446883488,-2.6707472017742986,0.43400789318151584,72.44196560195518,0.4258432390523729,1259
SLB,NBL,0.6404452798907009,0.21031244138056354,-2.670648203780446,0.32777959124674527,66.58882885040967,0.4336700423277891,1259
STT,RF,0.6997622572800795,0.21097449969515503,-2.668868836227358,0.6199289440303138,62.93104188466065,0.472949911337655,1259
MMC,ALL,0.6037895926968335,0.21125899972070572,-2.6681052714273967,1.0436055598754608,62.02044740456435,0.41273439051348204,1259
WFC,USB,0.7876986397864982,0.21170747783751143,-2.666902903813778,0.7735850880476899,81.75319502678212,0.4146578196772617,1259
LYB,EMN,0.6425662949205779,0.2130097927659298,-2.663420328313763,0.9058026723342253,80.8880349508261,0.4989222040231415,1259
OXY,MRO,0.6006136298462446,0.2138738606572989,-2.6611169524799356,0.30061028616363,54.94966172424997,0.41652183070553955,1259
SLB,APA,0.6227395234721524,0.21410749410440466,-2.6604951352466393,0.3883738897446922,66.52345215358302,0.4346748602695127,1259
FE,ETR,0.6104900761525335,0.21520493484444703,-2.6575798735444125,-0.025665525355070266,61.10071347401891,0.4272631849810214,1259
MET,BK,0.7014663258182325,0.21552879579639628,-2.6567213139940797,0.30027363375129207,63.59024230534371,0.4223617175844488,1259
C,CMA,0.7454822614496249,0.21560283777908812,-2.6565251392536866,0.5559597113511549,61.918782262912984,0.4219548616329072,1259
MET,NTRS,0.6887393117697124,0.2162106582477179,-2.6549162783347833,0.3114434730077183,64.2102544116357,0.41377754982760717,1259
IVZ,ZION,0.6426001006868401,0.21685510905114913,-2.653213491016441,0.0887397388902004,68.86341825881199,0.3827732601929903,1259
EXC,AEE,0.6057553534577622,0.21686451431531545,-2.653188663152895,0.377770720744271,62.515455380712574,0.5062847741562393,1259
IVZ,HIG,0.6055251675346661,0.2170509476850983,-2.652696655607471,0.0746928367944546,67.85086583456673,0.38479037170931446,1259
PEG,CMS,0.7691372966491964,0.21761621868389974,-2.651206457138798,0.5763289211411342,50.84456580093878,0.4687081999954032,1259
NEE,AWK,0.6240540628505438,0.21903287002332683,-2.6474821819617746,0.7440946787466488,54.533159208422205,0.3948488894698416,1259
EXC,XEL,0.6072383165732332,0.2190848609897501,-2.647345781856953,0.36602980149611075,62.208781560905216,0.497077911825011,1259
PFG,UNM,0.7789998749574493,0.2193905477895295,-2.6465442012259888,0.9239149613752621,66.09382499521898,0.46916233703001536,1259
D,PEG,0.6953071650187146,0.2196255250070664,-2.645928500362585,0.6667389010438132,44.27992879594472,0.42308683191700297,1259
DUK,XEL,0.8287891561847051,0.22015478145579281,-2.6445431814325815,0.3867477444019049,54.75172839969629,0.44989812866887224,1259
DFS,BRK.B,0.6117516331788014,0.2207303076470431,-2.64303905232816,0.6672829538644773,67.64602603512603,0.47753845366238346,1259
PCAR,ITW,0.6312304545437125,0.22085818782494976,-2.642705163510595,0.2916517049170572,65.80229052275082,0.45538881222272526,1259
OXY,APA,0.6742242314588752,0.22142107042778003,-2.6412369002864553,0.49346349025572966,57.26639339971798,0.4186585438440398,1259
CELG,AMGN,0.6438763545677983,0.2215302528616347,-2.6409523636952494,1.1943149465278218,59.13198274131488,0.4694310705513553,1259
EXC,PEG,0.6623873517842102,0.22243396634699564,-2.6386004875713778,0.5776245125007046,64.66815365216395,0.46305615608263845,1259
UNM,HBAN,0.7256844430180954,0.22325821076107683,-2.6364604703224868,0.9497861059458647,62.95928967988396,0.3537419381311307,1259
MET,MS,0.7059374144732652,0.22453115442146226,-2.6331648437039523,0.33668697746390247,55.759887575881585,0.3925214226178469,1259
IVZ,STI,0.6574448304616117,0.22499643536759317,-2.631963054933901,0.09214466957148357,69.13668681510718,0.38513227191101307,1259
UAL,AAL,0.7383874202775819,0.22513390126667343,-2.6316082766148763,0.7176415078101339,62.970391705656134,0.4364088193252061,1259
BXP,EQR,0.6336889126399877,0.22538394718775123,-2.630963280942452,0.5371128421315247,64.46751408132002,0.4623370219404782,1259
GS,BAC,0.7771142518537086,0.2253961980476219,-2.6309316908149047,0.6535170335162646,54.03822750302716,0.4417540582113975,1259
WFC,C,0.7428281831561734,0.22694137238627532,-2.6269555436347347,0.4911032864693531,109.20680436918772,0.47768366329886597,1259
PBCT,MS,0.6418055083863677,0.22721020291357902,-2.6262654324571044,0.36754672392199056,53.58830333693079,0.41406375844571497,1259
SRE,PNW,0.6927732858592827,0.2277471141451014,-2.624888598380707,0.4589283961651543,82.83954871399722,0.42147916958596277,1259
USB,BLK,0.6557851665850473,0.22781567235229216,-2.624712930444211,0.7139805631702779,58.64382555895882,0.4713558675992025,1259
IVZ,RJF,0.707737785449418,0.22862793126156916,-2.6226340677990483,0.11520670543738508,70.2999775620113,0.384205133503941,1259
AIV,UDR,0.8193466467451216,0.22890791151857642,-2.6219185211046265,0.952951083823253,66.61656644131726,0.47878320463661056,1259
FTI,DVN,0.6022735534314457,0.22898875470393765,-2.619650059354177,0.8692630934515655,73.35938244413063,0.489226525372587,1259
ESS,AIV,0.769332227755126,0.2290119987376072,-2.619591225044554,0.9790620917464187,77.83115596469639,0.4603342748125567,1259
SRE,XEL,0.7028137336698479,0.22944894507475228,-2.6205372785702368,0.46967179841720447,73.69115370864081,0.4111569661404913,1259
STT,ZION,0.6867106936767682,0.22953199310162803,-2.618275968683858,0.6001868361077534,62.117050690449105,0.4277803824084611,1259
WFC,STI,0.758867834090728,0.2295472565024831,-2.6202865011380583,0.46048187826529596,85.0550648762818,0.40922841218494366,1259
DUK,AEE,0.7681829879129651,0.23090655752712302,-2.614807723570833,0.39465474334097966,54.85251348463278,0.46419378181447146,1259
PRU,C,0.7749944439922001,0.2310761433640336,-2.614380683724221,0.9563861965250035,80.1519431975061,0.4584523999771039,1259
PRU,HBAN,0.7238342951306976,0.23132474079361687,-2.613755018488475,0.8129463392129263,65.80853386750469,0.41244492985695624,1259
COF,STI,0.6936120757980986,0.23137321080512374,-2.6136330766149,0.5214184949224142,67.52140817244072,0.441578900037047,1259
IVZ,ETFC,0.614078680874878,0.23166452819392797,-2.6129004934072566,0.06514889045085828,68.59250644593871,0.38363267886943425,1259
MET,CMA,0.6815858867836825,0.23224486235669534,-2.6114427387968004,0.26310369246227305,60.38159060774766,0.3945749603013009,1259
MET,UNM,0.7783099734523932,0.23358024854426984,-2.608096518763803,0.3270374216427789,68.04401272407107,0.4156928565100653,1259
AEE,XEL,0.8334120632562665,0.23397664373241145,-2.60710540422117,0.9587588519125712,42.991009680281486,0.41116393431042736,1259
MET,USB,0.6890634866309406,0.23467494191278016,-2.605361839288775,0.4844233884988705,63.15138231364265,0.41783634515701906,1259
IVZ,PNC,0.6560010877500879,0.23492521148654488,-2.6047376900669166,0.11331395851462289,69.54965479484103,0.3836037607894611,1259
PFG,TROW,0.691311841868808,0.23584398053249123,-2.602449707429565,0.8618922893559665,149.04098810907865,0.5937480253224882,1259
AIV,AVB,0.7678177855451878,0.23605371354070287,-2.6019281490288066,1.1132914375855993,53.996080641793505,0.4434591192897165,1259
MET,AIG,0.6419420958968484,0.2363504294066207,-2.6011907474826677,0.5032511968764188,64.56016712709112,0.4035874678776176,1259
XEC,EOG,0.7532785436343489,0.23676566929053916,-2.600159697888173,1.054548815990139,62.14596180322899,0.3929211329165616,1259
DFS,PFG,0.6295156417761092,0.23692311481888778,-2.599769033763397,0.628657839385638,58.15089659713565,0.4748089084204414,1259
CXO,OXY,0.6639162829166981,0.23700570331307452,-2.5995641704683567,-0.11554162684801494,61.681648530403685,0.4384591502489534,1259
COF,NTRS,0.6451107751410818,0.2383185542710316,-2.5963131824033563,0.6163874070281442,68.72166165514662,0.4328686399807643,1259
MMM,ITW,0.6841769266105939,0.23851134861801188,-2.595836648945834,0.795178791408386,46.20293389991994,0.35014175606978604,1259
WFC,HBAN,0.7361885732105208,0.23942561416190605,-2.593579884745823,0.5712925354900237,63.74439134463301,0.3798386679173068,1259
IVZ,BRK.B,0.6655544958723127,0.23983676490015748,-2.5925666349527163,0.1417745702931425,69.76542161420689,0.3826647175168072,1259
MET,PNC,0.7111477374625692,0.2400373824026773,-2.5920725938351756,0.2694681755336062,63.30161639028664,0.4167715854583504,1259
EXC,CMS,0.6081940879823039,0.24052046777693298,-2.5908839268894486,0.311753918069064,64.96897975706055,0.4987153133595444,1259
PXD,APA,0.6156524198257036,0.2408479113356345,-2.590079013157004,0.355730798011645,66.04658241922168,0.45219507845139045,1259
PBCT,RF,0.7465585255677167,0.24100610278387558,-2.5896903773838895,0.4107752427767455,54.56958671793356,0.40137578972141813,1259
SLB,DVN,0.6470855575449412,0.2410096534350839,-2.5896816560365847,0.3720784557143388,69.10249936586872,0.4673200331335236,1259
WFC,LNC,0.6877348934589346,0.2411050964242063,-2.58944725037379,0.4456018119593838,71.41103550037325,0.4165591786731601,1259
DVN,HES,0.7500121218417836,0.2413592460484688,-2.588823326198151,1.0907853490196777,74.79188944610166,0.5070290922047508,1259
WFC,BAC,0.7473299761311658,0.24190674777168464,-2.587480524109766,0.37721396840176014,93.38283617397937,0.42348823738476854,1259
WFC,FITB,0.7320734205115489,0.2419706033191178,-2.587324026168252,0.4631266099586391,101.65932624358328,0.4268788844754197,1259
MET,STI,0.7107297439272845,0.24225876950876146,-2.5866180806617565,0.27003933433328625,64.50019811236687,0.41947151677728883,1259
COF,FITB,0.6930589686507538,0.24301188597948448,-2.5847753840855416,0.6374143175883166,69.03380570872298,0.41659619854608504,1259
IVZ,MTB,0.6151256258638751,0.2433649527467583,-2.5839126431899424,0.17581435729463313,71.44051568554805,0.3882063258343592,1259
DFS,C,0.652684024809706,0.24344875106826758,-2.5837079821760613,0.6172548504930538,90.6382685931808,0.49244681155555176,1259
LH,DGX,0.6915431595424053,0.2434558209656701,-2.5836907171823413,0.7635669745540528,48.04832045174693,0.4398285284023051,1259
BRK.B,PNC,0.6705816002049132,0.2435631001353435,-2.583428772102743,0.7525638952170016,65.71584705270313,0.4992986259467645,1259
MET,PFG,0.7562027754464328,0.2435697968595511,-2.583412422809307,0.41887372858628663,58.28925940547071,0.40335808526730327,1259
ADI,MCHP,0.7297906223014995,0.24362241975980198,-2.5832839589270886,0.7273724137244023,51.793766218955064,0.4384903869572258,1259
BBT,BLK,0.6410655741625939,0.2452970628706838,-2.5792040567973866,0.6594283576879113,64.48464815082039,0.49843809445190207,1259
IVZ,NTRS,0.7003936988309623,0.2456556075772673,-2.5783326100939084,0.13494127370128417,71.84941260733301,0.3815420057163581,1259
MET,WFC,0.657330401449123,0.2465926269036628,-2.5760585885738387,0.6068272593927702,60.11747419465884,0.41785487183662817,1259
CXO,MRO,0.6104251844431485,0.24723356828504844,-2.574505935960508,-0.04849121892956958,62.66005580321359,0.44328064947781015,1259
C,RJF,0.730712193393463,0.24823272202230517,-2.5720900734429244,0.6153324055721004,70.9139122605975,0.4195597831744838,1259
MET,FITB,0.6836456237111468,0.2485476992726351,-2.5713296280047135,0.40336510387997154,65.23372667156201,0.39090788162022405,1259
TEL,APH,0.6451874416917115,0.24904107500988815,-2.5701395704674357,0.7469590061810445,65.65366008260355,0.4468644380143651,1259
WFC,BRK.B,0.6990864751676635,0.24924832739287595,-2.5696400596149047,0.5989661322080537,77.49894964034937,0.4387741334331826,1259
MAA,DRE,0.6305891080054379,0.24941265649811978,-2.5692441669893435,0.8000658911348002,61.70034190513618,0.433377610685827,1259
SLG,FRT,0.6407012944546214,0.24950467929315362,-2.569022534925815,0.5033821279601455,88.14103241122902,0.4873646915166129,1259
LNC,NTRS,0.7393905991213585,0.24952420988610297,-2.568975502442257,1.1812668318958186,83.96269910629022,0.47727725985290026,1259
CDNS,SNPS,0.6789886349261799,0.25000570315918663,-2.5678166518174996,1.215223520642119,56.7964265458443,0.46517885350133664,1259
LNC,AME,0.606749251804007,0.2501141336533823,-2.5675558562082124,1.510409850568582,69.17002346478132,0.4906779070853817,1259
SRE,ES,0.7067209941956849,0.2503611530278824,-2.5669619656180886,0.6577609692320862,73.55381939454739,0.4437864004610928,1249
PFG,STI,0.7054448898727913,0.2505600854131682,-2.566483926290038,0.819646163440189,69.83820932769301,0.4773454784226321,1259
WFC,STT,0.6492562944323818,0.25064215116769517,-2.5662867823844935,0.5433465556112,94.92710539002849,0.47510697412926145,1259
C,FITB,0.763488232663462,0.2507312159624653,-2.5660728658994296,0.8044928435985577,66.51205843334546,0.4266003640646787,1259
IVZ,CMA,0.6531565984882329,0.2512748279121694,-2.564768137548233,0.12665390149898606,71.17269433797658,0.3781337016820121,1259
C,KEY,0.7570522117567612,0.2513610388491546,-2.5645613672088,0.7024890706562554,74.0086408142394,0.45332632742369794,1259
ES,DTE,0.8495726264527027,0.25153594932356726,-2.564141979789709,0.8035562854844452,38.887624260037526,0.412545810333134,1249
IVZ,RF,0.6568803593005262,0.25280799087044714,-2.561096864926696,0.12616423049340417,72.22347126606671,0.38581670536178,1259
MET,BLK,0.6218166268477558,0.2536480036579206,-2.5590906578101156,0.27669361818542315,66.87253621716266,0.4473464245878191,1259
PEG,DTE,0.7684602723717068,0.2540852048418064,-2.5580479501550775,0.7004569407694917,60.47084355815096,0.473909394489698,1259
COF,RF,0.6612010847561782,0.25424861076217453,-2.5576584893270793,0.49253040677949345,73.04232103160585,0.39965819122430707,1259
PNC,BAC,0.7817370587302075,0.2550406213184413,-2.5557727798763032,0.8394369407321005,69.76100779053624,0.465329649364862,1259
COF,BRK.B,0.6024788261059495,0.2556220374696433,-2.5543905409736896,0.6385970800631077,67.44357849623678,0.456970958263287,1259
UNM,MS,0.7248143223108411,0.256413928086331,-2.5525107185898124,0.7731745055363892,68.29246359429965,0.42332451751280004,1259
DFS,BK,0.6337016052616075,0.25693912978965816,-2.5512657384693083,0.5887672601588082,75.76959064255834,0.4972271017212525,1259
STT,FITB,0.6861450671744058,0.2569753777221795,-2.551179865189389,0.7746122866864854,58.035779894710764,0.46085255304812983,1259
COF,ZION,0.639587848538701,0.2571189149229496,-2.5508398833651214,0.4486888499810744,78.74866994334359,0.40187246255132103,1259
PBCT,C,0.6798693204455312,0.2575116777183173,-2.5499101196737195,0.5063151633877608,74.10372971536997,0.4372065544179241,1259
SRE,SO,0.6539305875547132,0.2586543125408658,-2.54720964740719,0.8833514449487925,102.53780959983557,0.46732606331927923,1259
CI,UNH,0.6156361118715072,0.25940100636774144,-2.5454484595506943,0.8239526301261493,68.7096339483279,0.45024774113458144,1259
LNC,TROW,0.6347841092511115,0.2606841092578498,-2.5424285223058005,1.1736448222582159,135.7512747648313,0.5575152455745438,1259
WEC,ED,0.8427695713688438,0.26094776899738636,-2.5418089704036633,1.0582870857909146,61.462433718825636,0.45724572498394683,1259
APC,COP,0.6853714825899969,0.2609888966801179,-2.541712358594889,1.1747205658310709,67.48079128422499,0.45409264661629123,1259
IVZ,BK,0.7195555505723658,0.26107144213104905,-2.5415184785045803,0.1486336094905165,72.96874149650564,0.3828103535806143,1259
SRE,CNP,0.67586955924601,0.2617653656001384,-2.5398899274868088,0.28372190263750385,110.90566266318503,0.4020058025968481,1259
COF,JPM,0.6783154104059705,0.26233305009726526,-2.5385593829467537,0.47534855660908726,75.95825076440924,0.44113949789499174,1259
IVZ,UNM,0.6789029643712308,0.2628168481900983,-2.5374266812056083,0.1407127735704785,72.81924085078839,0.38278762909150443,1259
CXO,HES,0.6712863665297648,0.26545252024466914,-2.5312755057328453,-0.03531743487970585,65.31106071618709,0.43959429924984283,1259
C,GS,0.7991185326404221,0.2668229913477157,-2.528090017419592,0.8574739727947025,66.29007687519332,0.4225212901894337,1259
UNM,AFL,0.6352701807214631,0.2668875402504409,-2.5279401972252376,1.3185501606996586,74.91581415008082,0.5074221600622708,1259
WYN,MAR,0.6753337492158773,0.26703473698367536,-2.5275986208241172,0.5111841247032982,57.28269166887213,0.39750605046653026,1259
WFC,TMK,0.707513927098756,0.26729957693873446,-2.5269843006903936,0.45749062735743834,81.91493415033182,0.4207915183285383,1259
AAL,LUV,0.7009527010100811,0.2680370326200222,-2.5252754099470094,0.6746594332236786,96.84172114969441,0.4798707619716095,1259
IVZ,BAC,0.674668590216834,0.26824063628730954,-2.5248040435409256,0.1378440522565899,72.69796498722245,0.38585628913540315,1259
IVZ,USB,0.6628836666094837,0.26826640864007434,-2.5247443910572582,0.21818912927473608,73.67659301532723,0.38956050969090794,1259
CXO,APA,0.6610427536865121,0.2684785077225308,-2.524253583606729,-0.0330794842631307,65.5169075220711,0.43933930553561756,1259
UNM,STT,0.6709443423516245,0.26953428648378647,-2.5218135109671196,1.1131306448244611,73.18463253313425,0.4479390027116273,1259
DUK,CMS,0.8237293920789802,0.26972588844267964,-2.521371230550247,0.34163179938427773,54.85352345711668,0.45665983166942287,1259
COF,BK,0.6463193907122542,0.2698426230382198,-2.521101849980479,0.5996685246919625,65.59112754655555,0.4539644932421426,1259
IVZ,SCHW,0.670649286380182,0.27031903463457574,-2.520003103917834,0.1113260525106184,72.86388402759049,0.3792473001261656,1259
AMP,CMA,0.6910727716961583,0.27033046495673196,-2.5199767547592944,0.6535236080020664,105.5195754074912,0.45945714985422553,1259
DFS,AMP,0.6613942613571997,0.27037220823466057,-2.5198805332142356,0.5771217436823356,67.41212291196939,0.47546812338586364,1259
SLG,SPG,0.6270013635189539,0.27045477732474016,-2.5196902280017897,0.6138179904483064,89.12516691767715,0.4988718453311268,1259
USB,BAC,0.7650050429648129,0.27066191717368493,-2.5192129467520172,0.5282996581150581,63.96987940832295,0.38911558833345233,1259
DUK,PEG,0.7381538988047789,0.2708210012633885,-2.5188465236787843,0.5390436253764026,78.170265047866,0.49888926539366624,1259
SLG,REG,0.6427880466666535,0.27147382208548426,-2.5173440458982634,0.36092944639956936,100.15146045054533,0.4957243445234206,1259
LNC,CMA,0.761047287943659,0.2717963102377914,-2.5166025341604294,0.8615265670707728,69.46299925123104,0.4458015939652651,1259
BXP,DRE,0.661515217805397,0.2721125987891943,-2.515875725362434,0.294526522911444,64.66746355802016,0.42581435557679487,1259
SLB,APC,0.6517424368492085,0.272195395166644,-2.5156855382195142,0.3963774089409748,67.43551837058257,0.42688871708399745,1259
BXP,ARE,0.6724956700314124,0.27222380787848577,-2.515620279875435,0.31099598162964853,61.329013358466796,0.419944930891364,1259
DVN,CHK,0.6240749254353499,0.2723016401517452,-2.5154415328941595,0.35587931975460046,63.48890399761703,0.4989059586548408,1259
MET,BAC,0.7043725440835713,0.27233125056739615,-2.515373537631374,0.27658830746672514,63.2934984789294,0.40642366717145406,1259
HCN,AVB,0.6314974883561658,0.27374066711757017,-2.512141509500535,0.3739540692039049,77.62183505490259,0.47760722323950044,1259
PNW,AWK,0.7066584924702474,0.27376545395320273,-2.512084746902131,0.6306205105632489,66.54579420295339,0.4518657560680506,1259
WFC,PNC,0.7870358224897515,0.27434041372567275,-2.5107688215432824,0.473877349455429,86.38959484839314,0.40154712205748044,1259
AMP,FITB,0.7051420948716669,0.2747783298307194,-2.509767513052496,0.9183969719258346,109.50593252299451,0.4870610633276393,1259
AMP,BBT,0.7118962422502522,0.27541137379884323,-2.5083215011253523,1.3138036242196627,91.99087760473533,0.4708192791220691,1259
HCN,SPG,0.6065680481960393,0.2757635203926794,-2.507517865843379,0.48452510330514464,79.79325699160744,0.4865357853089423,1259
SRE,AEE,0.7032982150219153,0.2757941078788966,-2.5074480870749762,0.5006857254834746,74.03192334740292,0.42733501695437415,1259
AIG,BRK.B,0.6153081634137324,0.2758827447429171,-2.5072459037378074,0.6203568485248577,68.73044646269214,0.47484341165150395,1259
COF,BLK,0.6072432407144325,0.2765314061303943,-2.5057673080073934,0.6219268525946461,70.59428852434874,0.48424104634835774,1259
PFG,RF,0.6950608727925768,0.27673240376854363,-2.5053095058483223,0.7919803976872649,77.07546832606627,0.48136860715578444,1259
LNC,JPM,0.758878386433048,0.27692867695714696,-2.5048626296894203,0.939922540957201,98.69750334903104,0.4947310210189583,1259
IVZ,FITB,0.645072867890785,0.2771297691356289,-2.5044049507784583,0.1932299459868496,74.63123250814851,0.38420561370371964,1259
SLG,KIM,0.6161059960935062,0.27767105364445066,-2.503173854051295,0.3302904332887907,91.57988294299349,0.4949876074587716,1259
SCHW,MS,0.7486082380026571,0.27815104568358395,-2.502083191876861,1.0586957565391584,74.1898897974667,0.389519217831866,1259
MET,AMP,0.7140303788918827,0.2790169496832986,-2.5001180784716635,0.4120147569973052,55.76619764573473,0.43079530088796075,1259
MET,SCHW,0.7101582156910505,0.27929200923336883,-2.4994945017236336,0.24032900343153712,65.0055565450099,0.4073462580397765,1259
UDR,MAA,0.7428981161724474,0.28004817567623025,-2.4977818401875926,0.8742308102512775,76.64487009863815,0.40943998104655066,1259
PPG,PX,0.6380211077876966,0.28050924371203456,-2.4967387112574797,0.6227180471980882,118.17384737503049,0.4647498590062346,1259
NFX,MRO,0.661053357939666,0.28103131240534374,-2.4955586253579387,-0.08910942832914752,68.59225608118564,0.4878509576332089,1259
VTR,FRT,0.6132781135516366,0.28226632244776795,-2.492771422963917,0.029488401045794213,85.62275885026514,0.4913479900608847,1259
CXO,APC,0.6743992074322959,0.28269022953551115,-2.4918161611992504,-0.023280292176913853,66.8662959660154,0.44021417231888066,1259
MET,PBCT,0.6180575670501953,0.28320209492114873,-2.4906636508295983,0.5287690803533608,70.35851697393936,0.3949345022030952,1259
PBCT,KEY,0.7591552095692073,0.2838895773731537,-2.489117372319966,0.4586475302247911,57.831081427714125,0.4077973421949482,1259
AIG,MS,0.6156663241136128,0.2841726888066139,-2.488481148197697,0.435265972146527,67.09248149307993,0.39372184198144267,1259
UNM,TMK,0.8031978679172724,0.28457329104211493,-2.4875814352878596,0.8869528732519162,69.9047712041151,0.4280738466381435,1259
WFC,KEY,0.7469452779187847,0.2846559336047358,-2.48739590731117,0.5022195302640755,91.81668763990965,0.4047511984588538,1259
PXD,DVN,0.6296799359401077,0.28496066610191506,-2.486712032771778,0.28737672484849497,73.40093602966455,0.4751890189601623,1259
CB,TRV,0.799359808202969,0.2853660737997123,-2.4858027919878936,0.9999666567592028,66.27443689642405,0.4025369954721098,1259
COF,TMK,0.6032877220361594,0.28665056516431486,-2.48292620868512,0.509166872154209,69.38956346136635,0.43412523815941995,1259
PRU,ITW,0.6109187500618998,0.2868480533074718,-2.4824845091886782,0.5329472807610264,79.19748186192244,0.5143443736729525,1259
D,PPL,0.6695011723645888,0.28684912587185707,-2.482482110717467,0.8563514461479362,76.44024077731308,0.47925305035341503,1259
SCHW,BAC,0.7374091078604678,0.2870263716140641,-2.4820858145310196,1.022369509707526,77.66713561309517,0.3970845217201838,1259
IVZ,HBAN,0.6413434585379203,0.2877656292722459,-2.4804342481211887,0.17812002074987487,74.78042913102779,0.38163503126104353,1259
C,PNC,0.7581217379938743,0.2882682469536781,-2.4793125563074065,0.6287073829234769,81.17097138631841,0.4462566489361927,1259
WFC,PFG,0.6634886317479138,0.28835107509463664,-2.4791278016249163,0.515117629745999,83.94194606482824,0.4683823332477379,1259
KEY,RF,0.8664582984336152,0.28890720028404127,-2.4778879988756413,0.8588546592454063,78.47176140353693,0.43811410579123244,1259
PRU,AFL,0.6518333571004216,0.28901942156446203,-2.4776379601791985,1.0546279911505498,96.57209970180257,0.552048949023294,1259
WFC,RF,0.7452927132609669,0.2898029251324201,-2.4758935773831827,0.3576869811247678,104.9407872458996,0.4047835250824385,1259
GIS,MKC,0.6244148703006105,0.29004132089231427,-2.4753632763594102,0.4968033772891619,73.59018147844235,0.4378221551665723,1259
IVZ,GS,0.6916400016308537,0.29064193362374846,-2.4740281871303553,0.253912402002533,76.36895506070084,0.38576597526356987,1259
MET,HBAN,0.680107095520753,0.2907214412173792,-2.473851552818453,0.35851957062402096,64.9145797190324,0.3944313616711294,1259
ETR,EIX,0.6296660501855218,0.291153549224056,-2.4728919936294727,0.3699046228641298,71.76846783724653,0.4950535074744437,1259
PCAR,AME,0.6285324001017171,0.29161387490267465,-2.4718705387133824,0.6235378846724325,71.84561134525848,0.5055271312209529,1259
PXD,OXY,0.6204934038417061,0.29204451832929146,-2.470915660604588,0.5315887714614714,75.87763139374911,0.47956303962659746,1259
PEG,AEE,0.735656295801438,0.2922366381032403,-2.4704898893092153,0.6484743280689401,57.4868581976073,0.47229130765470245,1259
STX,WDC,0.646927849731525,0.292500980142098,-2.4699042834623284,0.7939332957361225,77.87892444941501,0.4898747409416859,1259
BLK,CMA,0.6041233822603367,0.29318604016617916,-2.4683878433138675,0.5869588672749873,81.7566521510745,0.4538640325212104,1259
BRK.B,TRV,0.6410611506470084,0.2933435786788233,-2.4680393614549136,0.999724375678425,76.77190821463348,0.4889055146410311,1259
GS,CMA,0.689165524836517,0.2933958431396196,-2.4679237703069012,0.5988386245663236,70.38755454189473,0.44902686651695534,1259
XLNX,ADI,0.6197943898460516,0.293756894229124,-2.4671255209587426,0.7623737706864437,64.40006392705254,0.4689825314184988,1259
WFC,BLK,0.6441073387899439,0.2939662204791969,-2.4666629382461207,0.5717200827822407,82.70009258214934,0.4641367669891813,1259
IVZ,MCO,0.6441226381403132,0.2942752724422476,-2.465980266353059,0.1369457587093023,72.87428956783457,0.3758999466006027,1259
AMP,ZION,0.688804227198117,0.2946003062735044,-2.465262665381616,0.6437938812705516,128.3513551946951,0.4918652553012368,1259
HIG,CINF,0.6294315705291582,0.29482760673422,-2.4647610645403306,0.8565677254885302,113.00140555428193,0.5108914887610895,1259
MET,RF,0.6958049560979428,0.2950424654146596,-2.4642870912959114,0.29955163771528487,66.71557209387994,0.3975515665332986,1259
NFX,COP,0.6651514386641709,0.2951865112988576,-2.463969422538812,-0.11544978244247793,71.11732808303502,0.48491221041513577,1259
KEY,NTRS,0.738742757218801,0.2954903755877246,-2.4632995460443285,1.0111869953849393,73.23859100121338,0.4418219186229306,1259
HCN,VTR,0.8225263742154814,0.2956318472998414,-2.462987781128447,0.6812654302694378,82.16913280089204,0.42713025311410296,1259
IVZ,CBG,0.6286457546683842,0.29573180678896005,-2.4627675410171213,0.3200571732644315,73.58400723493838,0.3784693988936861,1259
SLG,VNO,0.698828109206789,0.2960190587815856,-2.462134839452149,0.6721135143107244,82.09784560071385,0.45307492741176797,1259
BRK.B,BBT,0.6612972044722941,0.2960354178490918,-2.462098815824259,1.1188706675409228,78.07364249060824,0.49076226287089175,1259
PXD,APC,0.643246384415087,0.296464443432891,-2.461154416887939,0.2746451615026769,75.4926721709172,0.47013915732464007,1259
PFG,AJG,0.6023384293871584,0.2966106358813525,-2.4608327582241274,1.3034741324532828,72.45593712387749,0.4540327547927449,1259
PFG,BK,0.7343714055937065,0.2983148549989862,-2.4570886383861557,0.9251481277564808,83.92277199391164,0.4621251991381742,1259
SRE,WEC,0.7062750527649964,0.2987533423856664,-2.456126943630584,0.531526131569713,79.00668032462713,0.4420681490003411,1259
AIG,JPM,0.6285090207070233,0.2991089956871539,-2.4553474135038855,0.4642884612635515,68.74352671691555,0.4311357454257229,1259
PCAR,HON,0.6073854391315513,0.29914991567296323,-2.4552577522229035,0.3784927282261966,75.31509162292863,0.4610196840075693,1259
AFL,TMK,0.6828072950688131,0.2991787958958745,-2.45519447520699,0.5779857142784687,68.24471004612188,0.47901392680100735,1259
COF,C,0.6801917668179317,0.29952549285993035,-2.4544350825350327,0.6652003669502173,82.64422878989906,0.45339155536639864,1259
BXP,SLG,0.7688469286275621,0.29980748090185416,-2.4538177327332162,0.6857058863240956,63.3401347150841,0.4110029130455408,1259
PRU,LNC,0.8540481076342862,0.2999844553286135,-2.453430426982154,0.6969804984290697,55.97970380600274,0.45453119406914844,1259
LMT,GD,0.6308204815599703,0.30001564955280224,-2.453362170105704,1.0553593347561676,73.91293373411027,0.46995801963747175,1259
AIG,C,0.6525071635936222,0.3000519251959093,-2.4532827986626997,0.4906654577123381,99.63488416735761,0.4119857126361398,1259
PRU,STI,0.7465591281927377,0.3004222188145822,-2.452472851766494,0.7239364404835241,67.62224994672512,0.47068757335598743,1259
IVZ,PCAR,0.6122126459247478,0.3017479523774341,-2.4495769094942412,0.5994424579076525,71.58671977320319,0.42130393437795316,1259
PRU,NTRS,0.7317240792853335,0.3025580222756349,-2.447810325604941,0.8310325567236104,85.03930246539201,0.47316176477234473,1259
MET,KEY,0.6897927883086079,0.3029736928625828,-2.4469046985647718,0.40236782942665816,60.39886263674247,0.37136820498187667,1259
VTR,REG,0.6188324047077518,0.3031776717574529,-2.446460499193904,0.06528179839310311,88.7506565606126,0.4916985452644749,1259
AIV,MAA,0.7215513696309289,0.3032014729824808,-2.4464086769870312,0.8697200502939069,71.72589955961011,0.44746196504707064,1259
IVZ,TEL,0.6219485280592186,0.30331300806808525,-2.446165857847461,0.2062276214106391,73.88794712143695,0.3793865083134705,1259
HON,TEL,0.6015882212641176,0.3056042379167093,-2.4411868489726927,0.8933238211776058,72.15367296529887,0.4247030702600279,1259
PSX,MPC,0.6668717714690607,0.30630074811699837,-2.4396767076990287,0.5193600817267469,81.0331667025264,0.4773979691834533,1259
DUK,DTE,0.8217836078546827,0.3072971290323049,-2.43751914467754,0.4362567119307164,53.431231896656236,0.46931995854175135,1259
ETFC,BBT,0.6514212302937619,0.30755524873733453,-2.43696073605129,2.5330062706208474,77.75744423137203,0.41091810475141255,1259
TMK,MMC,0.6573212836785871,0.30759524047085596,-2.4368742383117405,0.8929324975009268,75.47573003413287,0.5033554404499905,1259
SRE,PEG,0.6714570475971493,0.30759732394001604,-2.436869732137247,0.7293866151010797,69.84938657126821,0.47478208595658117,1259
SRE,NEE,0.6877232402905198,0.3079472179146937,-2.4361131714989344,0.462736800956725,69.61662046156914,0.4054226798290678,1259
HP,OXY,0.6280896901275267,0.3079917587448773,-2.4360168909976965,1.143529890478155,78.36187794662713,0.4783499629248282,1259
TMK,ZION,0.6799421162541014,0.3082668769205648,-2.435422330055853,0.8098188521342303,106.19985417283759,0.43545061677621466,1259
CMS,PNW,0.8373959982787205,0.30847421484187754,-2.4349744098411543,1.1474417575473659,63.49562902174267,0.3822100207232324,1259
AIG,BBT,0.605998495599922,0.31039139153530537,-2.4308391291530986,0.7623988405833168,76.40151464254953,0.4127419565905871,1259
CXO,COP,0.6437609680283496,0.3107455200866064,-2.4300765551290215,0.012435515195569066,70.12642810812687,0.43686925124786546,1259
GS,STI,0.7299907306388554,0.31085294570425315,-2.4298453043811628,0.6981736616589397,76.01607172687716,0.4998185474595452,1259
NTRS,MS,0.7187832252207196,0.31147831331513054,-2.4284998162337237,0.6935576991520337,80.21092019319609,0.4326304435210285,1259
DFS,TMK,0.6285163338437993,0.31159933691994834,-2.4282395726838133,0.5253312903965444,76.29179106909508,0.47026171548547435,1259
UAL,DAL,0.7702957981976878,0.31162938046218647,-2.4281749754920643,0.747496370376265,74.55385795138784,0.487744998530293,1259
REG,AVB,0.6341409020899709,0.31190017954796345,-2.427592851592969,0.8807131230563681,87.15559384508579,0.47464911954353256,1259
CB,BRK.B,0.6743285285701933,0.31198797709269677,-2.427404166170733,0.9050435852866408,72.63712394279081,0.46776482049940127,1259
VTR,HCP,0.7701581799191155,0.3120394390270601,-2.4272935805820515,0.2800102836525976,85.81453960118668,0.5078964423076465,1259
UNM,SCHW,0.7123961670990082,0.3123798233484634,-2.426562341172496,0.6868432472807903,62.288643704466516,0.3667142977553419,1259
LNC,L,0.6826579028108772,0.31252725095879186,-2.426245736946946,1.0778117794453645,162.62899820545573,0.5261139122927557,1259
MPC,VLO,0.7126849074670673,0.3125675257622914,-2.4261592575125754,0.6086114945666153,53.49722593550985,0.4466543395800327,1259
NFX,NBL,0.6377028923257568,0.3125796205375344,-2.426133288172871,-0.09610393357166207,72.14723473067687,0.4849175418563495,1259
WFC,UNM,0.6704408149988172,0.31258467331938966,-2.4261224392076786,0.4551198475647766,95.96189571380812,0.41429539509903257,1259
HCN,ESS,0.643797074533173,0.3130486258828051,-2.4251266084657566,0.2806237828560241,84.65790462257851,0.48032337447898393,1259
PFG,SCHW,0.7147276731022532,0.3133324316044625,-2.424517771464153,0.6684860912217239,71.05674462683706,0.44520241871681837,1259
GGP,REG,0.6699337471809431,0.3139511348608002,-2.4231913449571323,0.703168903751797,81.17411716469084,0.36895564039032047,1259
XOM,COP,0.6216614465367062,0.3145554230242578,-2.421896946189383,0.2553647934519571,62.48518732497524,0.4265445383164689,1259
PRU,JPM,0.7655684994441838,0.3148054786572599,-2.421361644758526,0.6888518583721035,80.46704706280791,0.4734732260717957,1259
IVZ,BLK,0.7472960984486892,0.3148644743480056,-2.4212353784713856,0.18190134975734046,78.17863352903248,0.38415019273109563,1259
VTR,ARE,0.6181108944323632,0.3149347045121622,-2.4210850811401667,0.03571003533353024,88.58206538228592,0.4904511707409014,1259
WFC,AMG,0.6225759515710823,0.3152816854950576,-2.420342736156309,0.30488509821373183,116.16084392328196,0.44144859881852133,1259
MET,C,0.7286036257296609,0.31556312981940504,-2.419740868624049,0.4281537798746596,71.92899970717266,0.41528752850140377,1259
AMG,BEN,0.7295818195592862,0.3157360006988251,-2.419371302660284,0.6669026361345484,83.14473620846553,0.48718211274885026,1259
ED,AEE,0.7666714908936272,0.31629988412604476,-2.4181664449025706,0.7826195093053679,72.42568745316399,0.47513506395560734,1259
PXD,NBL,0.6440814727147355,0.3171294067991044,-2.416395710807118,0.24438887405970144,73.17990689243592,0.4687558894289021,1259
MMC,BLK,0.6223126845628446,0.3185943429788561,-2.413273551692689,1.209915099171036,56.42136264977884,0.411118097323846,1259
AEP,XEL,0.8395837674295311,0.31861591345299434,-2.413227626358614,0.8281414874459954,38.02746329851785,0.3858500260160048,1259
AMP,BAC,0.7166678097778413,0.31881385093633297,-2.41280626427534,0.7093734060201722,105.21121986210758,0.4647391282433864,1259
ECL,PPG,0.6171685750245465,0.31886401205128534,-2.412699501238642,0.8125620979866525,70.67958728125943,0.5090236385528067,1259
PEG,ED,0.7299422793136144,0.32008300840988646,-2.410107228164997,0.7373550473031406,75.61400297685346,0.4914203876187094,1259
NFX,OXY,0.6449269643189549,0.3202551175518602,-2.4097415725617526,-0.1179722025175633,73.97919937436103,0.4831830056083087,1259
IVZ,KEY,0.6534257727000574,0.3203279393833084,-2.409586884081263,0.22182344523427472,76.95125774685528,0.38354538555975004,1259
PFG,JPM,0.721029464967721,0.32057738267013053,-2.4090571307503854,0.7802580736965352,88.28859276626162,0.5007759519335313,1259
PG,KMB,0.6255278563453813,0.32070062014309975,-2.4087954718587934,0.3218591053232627,75.31839471397753,0.45577833429275777,1259
DIS,FOX,0.6018704817700429,0.320991292370716,-2.408178485980087,-0.33586201814628447,105.89919846789226,0.4753077203822095,1169
PRU,PNC,0.747513064821793,0.32162992355699827,-2.406823761990008,0.7244699236352705,76.39341244071211,0.48999452924022546,1259
C,MS,0.8210317630467872,0.3216349764503535,-2.4068130479425838,0.6096942359485173,72.70958908289104,0.39286523419288927,1259
HAL,CVX,0.6214030638221036,0.32171550792421194,-2.4066423004915327,1.0712692508932173,83.02471192911679,0.5118589850868723,1259
MET,LNC,0.8306370570436149,0.3218907336403506,-2.4062708403554556,0.3626909534367946,66.41635056060221,0.39359340657788733,1259
BLK,AME,0.6301164977719667,0.3218919167250719,-2.4062683326353578,1.0874124673181005,81.08101341021411,0.45020994055809876,1259
ETFC,MTB,0.6094222200010939,0.32224121373074244,-2.40552811983809,2.091079731441105,98.83683086155074,0.46540410850411795,1259
JWN,M,0.6380648716749038,0.32242530498985156,-2.4051381413538855,0.5202120524984525,57.03944539953578,0.46927050420517386,1259
NSC,CSX,0.6871981554513645,0.3224724169810632,-2.405038354764416,0.6409454449569939,57.120955101100684,0.48170017209713895,1259
BXP,SPG,0.6868957704817527,0.32279616654409815,-2.404352798689881,0.6358028048469287,70.01789414096775,0.43113766282684496,1259
HCN,HCP,0.8084863705043968,0.3229171481174137,-2.4040966896237332,0.08470800428368323,81.8999492650101,0.483376840530258,1259
PRU,TROW,0.6635349206081986,0.3247183193767925,-2.4002885702688994,0.7836210034684711,133.7956582751988,0.5661901997987185,1259
HIG,PNC,0.6164359474228445,0.32482931401413667,-2.4000541943925744,0.8605325291785852,79.80120110703896,0.4853476693669193,1259
PCAR,BLK,0.6281047869705695,0.32488726758697867,-2.3999318333234307,0.47567217219866137,74.72624002348776,0.4925882653973379,1259
IVZ,BBT,0.6437806088356938,0.3249167335359129,-2.3998696235348267,0.2873167384231315,78.79785307507477,0.38918073503504663,1259
VTR,DRE,0.6231187173466477,0.32521861131324376,-2.3992324236158447,0.05386626437575401,90.23045146934726,0.48850262709093417,1259
HIG,MS,0.6269090568808379,0.32650427370985946,-2.396521455676526,0.6940440308973472,114.56246563716434,0.5077665251762375,1259
DVN,COP,0.737494775405096,0.32659181600330706,-2.3963370262548387,1.2606934991633556,61.99415486726456,0.4714293712015812,1259
AIG,STI,0.6059552581144039,0.32687326423378404,-2.3957442268247946,0.5078152641798485,56.2674114786352,0.40910953852175674,1259
AMP,KEY,0.7066557985844545,0.32721079459255,-2.395033586932183,0.9010408961384329,91.68984302411239,0.4894707439410999,1259
SCHW,KEY,0.7321504516952693,0.32766045021308066,-2.394087354141163,1.2528621193720828,70.61617219318244,0.4088107636937938,1259
TRV,ALL,0.6327619069772854,0.3284011716179534,-2.392529799216705,0.7050084059876075,74.6205304714819,0.4168408884282425,1259
PPG,ITW,0.6066324972869666,0.32885983782777073,-2.391566070811996,0.37601270295691197,85.51779708679751,0.45342767674631707,1259
PSX,ANDV,0.6368714281290535,0.32894919722753924,-2.3913783780055535,0.3602947446724472,72.08347256087649,0.4515785010625641,1259
DUK,NEE,0.7432930704256331,0.32943953322090525,-2.3903488400001724,0.34565227781888674,58.25883384953691,0.4584219175593824,1259
SLB,NOV,0.6321917260021056,0.3303399698492124,-2.3884598818777008,0.275052675314483,81.63766075209723,0.46227209638296424,1259
USB,CMA,0.7778340900883519,0.3314003737526514,-2.3862380612267855,0.4990319180362146,76.98511269223481,0.40098591999143535,1259
IVZ,MS,0.7274358062943574,0.33163821122430903,-2.3857401314597313,0.23172058498982376,77.04513358266765,0.3766332201366515,1259
NTRS,BAC,0.7331931337168207,0.33433977406104276,-2.380094410263722,0.6811115850087611,75.78819319181198,0.4342850474240196,1259
TXT,HON,0.617858441310978,0.33490572200171287,-2.3789140415222927,0.9282613905233261,74.84448168140564,0.49224210673753904,1259
XEC,PXD,0.7328820064428195,0.33490798752737894,-2.378909318049146,0.6863119889610795,100.62735593303046,0.47499715193276054,1259
MET,BBT,0.6833183948871229,0.33510468921794156,-2.3784992569410273,0.5488552952269397,72.18637240340765,0.40474783355491184,1259
SO,AWK,0.6506895839212734,0.3359661425568169,-2.376704537219181,0.22798604854773527,53.80015726078061,0.4410346911882211,1259
AEP,EIX,0.6980365748168883,0.33649823347347196,-2.3755969210630177,0.8311400661302537,58.76631393637447,0.4166460871933068,1259
CXO,DVN,0.6995623574160811,0.3368455229977202,-2.374874370706188,0.03518414291105726,73.0337692072355,0.43290520644026814,1259
PRU,PBCT,0.6582603929648614,0.33687402879721456,-2.3748150764132268,1.4160430130689157,65.46231869816941,0.395775438741462,1259
BRK.B,GS,0.6850305610772863,0.33799433888500824,-2.3724863238758913,0.855671049026677,104.39196680639024,0.5513780902372859,1259
CCI,SBAC,0.6709002190475565,0.33947067746799175,-2.3694221742823443,0.5345341736372919,79.82571305035741,0.39620233919392395,1259
AMP,RF,0.7091126972683668,0.3400851013783941,-2.3681484822893055,0.7107929925111003,126.23327742881905,0.4955509347717473,1259
ETR,AWK,0.6047849032220896,0.34091121129488405,-2.366437389629079,0.2199422480394734,75.74566849628165,0.4928584130400244,1259
BLK,BAC,0.6441206446356843,0.34123181745679004,-2.365773765953362,0.6219939410985322,84.94514622484338,0.5043623409164569,1259
NFX,APA,0.6315588190805065,0.34135181016430705,-2.3655254552271843,-0.05024206296430935,76.51151494582965,0.4842617073618345,1259
BK,JPM,0.7524033011064509,0.34142424603910815,-2.365375574209046,0.8002785721348664,79.69165766931815,0.4312882829806491,1259
WFC,BBT,0.7564347436583467,0.3423058568792269,-2.3635523752306207,0.744079892204635,99.0962649220645,0.40196544411849366,1259
TMK,PNC,0.7266146969870529,0.3427538291161417,-2.3626266525500528,0.9496302203939397,69.44839813076084,0.46959785313458813,1259
HCN,AIV,0.6439610470828055,0.3430155248869482,-2.3620860817674516,0.32292640154078234,82.53780757829489,0.4777359676386234,1259
ES,PNW,0.8350926472759795,0.3433832819362562,-2.3613266949385796,0.7617820294730584,51.246588797417786,0.3606453597642788,1249
ETFC,GS,0.6315087606515541,0.34370477022762946,-2.360663105845022,1.893801977663597,106.35145060543117,0.4946401312204527,1259
LNC,RF,0.7659054471680349,0.3440541334516938,-2.359942250287946,0.9661064492047426,88.49849019381128,0.46679391565389705,1259
ETN,PH,0.6807879872361481,0.3445136525194164,-2.3589945332892746,0.4476106758911553,57.496265853999276,0.41807547633868347,1259
HON,ROK,0.6050098363525785,0.3446102022860612,-2.35879546961968,0.7992413601212377,86.90433227649062,0.43298200594534525,1259
AEP,AEE,0.7791280023176578,0.3448197719601692,-2.3583634580137014,0.8384757497746764,45.77321112906303,0.4445870101515705,1259
ETFC,JPM,0.6376437347492151,0.3463403823446167,-2.355231831231072,1.583260970148816,98.12206871924907,0.4345164191030562,1259
TMK,ALL,0.6018805359047199,0.3464085406135448,-2.355091584927872,0.9445216674428155,87.27926797754566,0.5324362780051778,1259
WEC,PNW,0.8255601763913654,0.3466960158186383,-2.354500174671458,0.9093882042165642,69.37576480054886,0.42394115161056095,1259
KLAC,LRCX,0.6606156305786645,0.34693705109518347,-2.354004446233806,0.43861597113890044,79.18393152289676,0.47725226677312554,1259
LNC,PNC,0.7695577046924331,0.3470734488458048,-2.3537239796229077,1.0168020997446916,88.65878694956508,0.49901518720467364,1259
HIG,BLK,0.6007694126983498,0.3473623993943318,-2.3531299650825805,1.0497397236153763,69.21864645548797,0.4822656216653205,1259
AEP,DTE,0.8127285864315433,0.34822451871136695,-2.351358754411678,0.9065391296949744,47.33250428725594,0.4427526997493984,1259
HIG,BRK.B,0.6269929473442355,0.3489030466794446,-2.3499658858497168,1.1039556931984638,74.23946230827808,0.47592876657249955,1259
BK,PNC,0.7543246343194957,0.34943895870985653,-2.3488664916509827,0.8365035071441026,69.00703024146124,0.49026895468992565,1259
WFC,PBCT,0.6881354049956472,0.3495924153001295,-2.348551799597675,0.8793964109070076,99.16450188213439,0.40360452958004905,1259
KEY,JPM,0.772255721328816,0.34963682088449,-2.348460747054217,0.8205061958496841,81.94795420904015,0.4769807191171693,1259
EOG,CVX,0.6612887655361644,0.3501323321454459,-2.3474450049277342,0.4994283343625819,96.23675712383098,0.4466265414426173,1259
HIG,C,0.6478734944955071,0.35020541966429203,-2.3472952289360687,0.863364470593218,141.72099354996416,0.4590720092785991,1259
NCLH,RCL,0.6822835809317418,0.35110373233924264,-2.3454552884864106,0.5632281057570616,79.55548229843721,0.4502078586107539,1259
USB,JPM,0.7917391112682995,0.35141814719632547,-2.344811708962121,0.5910602987692584,56.21704427187592,0.3829271893514482,1259
C,BBT,0.7615102576829238,0.3516054655565021,-2.344428385552963,1.0363341616465844,79.7048811763361,0.4631263647864044,1259
AIG,PFG,0.641733393262318,0.3519337935023841,-2.34375668485315,0.5404541029213032,72.23377666735458,0.4018446519515948,1259
GS,ZION,0.6864936096150719,0.35233330953272857,-2.3429396560042997,0.662129425266817,79.18413372875266,0.4242370824289054,1259
TMK,ETFC,0.6237255331029427,0.35417426438545874,-2.3391791786464116,0.5182882279990011,80.14015813773345,0.456586981016031,1259
EMR,L,0.6103400401955246,0.3549533336829307,-2.3375899280050354,0.9644700172564761,77.41667443553564,0.4143705975963902,1259
PNR,FLS,0.6277652026272498,0.3549688626073597,-2.3375582628158367,0.37572206984825207,82.20070329001229,0.4356191001371746,1259
IVZ,PFG,0.7329372954253227,0.35499537865751546,-2.337504194819655,0.26991971901820344,80.11612759471058,0.3757761749442971,1259
TMK,FITB,0.7042493102927653,0.3550518896403073,-2.337388970008172,1.0321065709778345,101.04670318876066,0.4453813693304701,1259
OXY,APC,0.6506018446706289,0.3552091912976668,-2.3370682697123373,0.45232780978827897,80.13837090957041,0.46319120567016125,1259
AMP,JPM,0.7266161417582693,0.35594286045341605,-2.3355731682001237,0.7014083521395383,130.66312535564924,0.480066846547569,1259
RJF,RF,0.7196819290225313,0.35607351882679295,-2.335307023126491,0.9403572401399646,78.18139259405967,0.4446066463681021,1259
TEL,ITW,0.634388789298237,0.3563652517507888,-2.3347129027115265,0.6946158440503272,82.24694153189263,0.43733068285353743,1259
PNR,ITW,0.6515167251675845,0.35651718984227376,-2.3344035463403845,0.08881069720703506,87.35873862692007,0.444687642064939,1259
STT,PNC,0.703392042801896,0.3565754876514048,-2.334284860499652,0.6082400364019991,78.89546955630198,0.47409570353011127,1259
OXY,SLB,0.6738742382983378,0.35718908616043327,-2.333036082559,0.8778853914187776,91.775697596911,0.4403724913627801,1259
IVZ,PRU,0.6992699402521191,0.3572341769278544,-2.33294434525896,0.26658022426139866,81.82894775950456,0.3843703538365358,1259
AVB,EXR,0.6033882367076449,0.3573142046804195,-2.3327815386902997,0.5068890143233372,56.503774743183286,0.4225581470560741,1259
PFG,TEL,0.6120547907202424,0.3581956476950836,-2.3309892064732822,0.88528028149061,72.27222155944958,0.5134203490586483,1259
EMR,CMI,0.6296595880008522,0.3589906460015845,-2.3293739876483945,0.544798503652816,81.1873190027655,0.447918711986901,1259
PRU,AME,0.6278800797894183,0.3591552853527496,-2.329039642997314,1.0466026270668114,82.48805832271229,0.5144066206660651,1259
VTR,PLD,0.624891450542183,0.35927117175264567,-2.328804336649924,0.07319466050695612,95.03047871293857,0.49131604297794995,1259
EOG,FTI,0.6207254509672632,0.359346705685346,-2.328650979980306,0.02576183940471363,87.53764692902178,0.45090718442946087,1259
CMA,RJF,0.7188323038037939,0.3607210173085109,-2.3258626781924363,1.072659176598969,61.00465263730226,0.4332554141847334,1259
EOG,MRO,0.6446042642846578,0.3608346685592605,-2.325632260328378,0.03475212372367645,88.88761097855942,0.4470908452333579,1259
HIG,RF,0.6160136461167369,0.3608547752237362,-2.325591498469015,0.6408816570104644,144.01125666779794,0.5048986521545075,1259
CMS,XEL,0.8920134851570356,0.361015861337539,-2.3252649601117548,1.1074160795523842,25.193718182419655,0.24088632062959478,1259
NFX,APC,0.6690736185505182,0.3616911922944369,-2.323896543082411,-0.007231592200913857,79.89914837331261,0.4842059351248361,1259
AIG,RF,0.6019326779979096,0.3623147644637633,-2.3226337881377903,0.3826835967741289,90.03746457803842,0.40431862797693396,1259
WEC,NEE,0.7787713364494815,0.36317366511725324,-2.3208957080153665,0.7790821086723718,69.89711969705313,0.4546259222435017,1259
SO,AEP,0.7669910212715195,0.3635689123764422,-2.320096354725195,0.4007760059594386,64.62857486170898,0.43341195209842576,1259
SLG,PLD,0.6711388811941738,0.36358638575305924,-2.3200610231898833,0.08474018025364294,96.14609125298102,0.4733267305658619,1259
DUK,ES,0.8182028051441494,0.3641766365174901,-2.3188678634189492,0.5322308929539611,60.97835143858505,0.4638097076528264,1249
IVZ,AME,0.6250462778537982,0.3645993014162445,-2.318013873352071,0.3853492622406888,79.10436137507352,0.38892108381669527,1259
EOG,NBL,0.7311022380863209,0.3649156019835288,-2.3173750108817064,0.021311034523601252,88.07475790770935,0.451036846669627,1259
UNP,CSX,0.6591525098864035,0.3650811577518367,-2.317040696785688,0.5157717320805946,94.70949993571604,0.4873019456884533,1259
PFG,PBCT,0.6212225184187807,0.3651977628506584,-2.3168052616916146,1.5406335937250748,74.28573819229666,0.47001850050131394,1259
IVZ,C,0.713369428440058,0.365663024637615,-2.315866112980082,0.3104930378929645,84.01626978724072,0.3780399297846337,1259
AMP,L,0.6560771095332052,0.3657670125986163,-2.3156562643495002,0.6847238618078421,164.69335064587273,0.48400082578562464,1259
MS,CMA,0.7233004476787871,0.36632044902099836,-2.314539761753265,0.8560200054263073,82.43070261058199,0.4337950434583993,1259
SCHW,CMA,0.7456776669792575,0.3670771887827307,-2.313014028924121,0.9505387102398692,98.96946115664909,0.3876417044210282,1259
EOG,HAL,0.6841482473389109,0.3671229233624067,-2.3129218528909634,0.6012017542812502,78.44367648577278,0.3902106688040744,1259
AIG,UNM,0.6182604744232946,0.3675208104180792,-2.3121200903011547,0.49653970879992415,79.66129794567738,0.41422296883258386,1259
PRU,TMK,0.7871972319720193,0.36767941533196385,-2.3118005738281946,0.7200069339008228,84.12587125207888,0.48415136679246273,1259
AIG,PNC,0.6001747582701555,0.3680276889360429,-2.311099121997864,0.5015646781060481,64.04966364734354,0.4142066809135776,1259
IP,PKG,0.7065849397043741,0.3684562287521519,-2.310236308941958,0.3363658293625949,73.94972899728708,0.44535556348143485,1259
TMK,TROW,0.667164516587959,0.36878701378391,-2.3095705399646573,0.6473498345537139,284.7395785244551,0.552309485828837,1259
STI,BAC,0.7963888871891847,0.369071796737909,-2.3089975166936814,0.8433745944718359,83.57299602717467,0.443382483347165,1259
NFX,HES,0.6693117008139582,0.36965364227486014,-2.3078272132647206,0.00786199386659864,81.12019566986723,0.4836687138894316,1259
IVZ,LNC,0.7112859998861486,0.3697583518441421,-2.3076166683019723,0.24490418122113017,79.31835787454584,0.37775915266470783,1259
AMP,LNC,0.791317092823027,0.3709815424392269,-2.305158575047904,0.8123143529972651,69.4138617214331,0.4557705158812138,1259
UNM,L,0.6794664954983841,0.3713455267939954,-2.304427630127265,1.1662163139371557,162.04845109494755,0.4516540275857464,1259
GS,FITB,0.7200981195480871,0.37183202525019926,-2.3034510170719336,0.8490090766849424,81.13560247743595,0.4463200893775016,1259
AMP,NTRS,0.705253112998583,0.3718945766455476,-2.3033254792733358,0.9092937905898035,123.38289095513163,0.4809929520410125,1259
HIG,L,0.6443892389578888,0.3728957329940831,-2.301317127289179,0.14802202930206854,178.46901708373827,0.4300153334004259,1259
PXD,SLB,0.6285644787797235,0.37342569972773465,-2.3002546963178423,0.8192564059787106,71.53658742321774,0.44440445964157893,1259
NFX,DVN,0.6827535998846829,0.37349931117504986,-2.3001071646009192,0.013402736115150651,81.71731386207216,0.4830795009394003,1259
IVZ,WFC,0.6567601082789538,0.3736602503572287,-2.299784643309508,0.46258049437382137,81.07621109092078,0.3984308436295477,1259
HP,NOV,0.663062371167425,0.3737701843899238,-2.299564361493012,0.4422897489883006,94.9538236664184,0.512678947455621,1259
WFC,PRU,0.6968922885411541,0.3739804229608936,-2.299143150448534,0.5385842149657646,101.30778900169906,0.42909978724973874,1259
ANTM,AET,0.6901609965886316,0.3741809094798515,-2.2987415475860464,0.9069681653559952,67.79392884440182,0.4360177076524806,1259
TMK,BLK,0.6782479282630653,0.3758013253787297,-2.295498116495438,1.1117848142347564,74.29793242168539,0.48993709393115525,1259
SRE,PPL,0.6665221821598836,0.376329396187551,-2.2944420775866083,1.0152512234055566,77.72874381260813,0.4474802256181576,1259
SLG,AVB,0.6176255291010847,0.3766435367569697,-2.2938140770534834,0.40079757644825015,99.20710102366264,0.4861865321897242,1259
ETN,ROK,0.6455268977639812,0.3776229578792194,-2.2918571538306205,0.384380953304679,65.15231208092796,0.41813896737215883,1259
IVZ,COF,0.6315613163229585,0.378615982359754,-2.2898746513112567,0.5075787097344872,77.19882110888307,0.38274682497329854,1259
DTE,ED,0.810589802635296,0.37877707884964346,-2.289553184422648,1.0604389082550496,74.93813286897004,0.4447420495707761,1259
PNR,ROK,0.6111198203716436,0.3788146456449566,-2.2894782261773123,0.2703374398134988,88.9904002786698,0.4420746639484992,1259
GM,F,0.6838848868862197,0.37968528766054005,-2.287741641738482,0.1035963703682784,85.9132236433907,0.4634746903289531,1259
OXY,COP,0.6665428205224199,0.38012746972612804,-2.286860128884683,0.582254918981265,84.4139115514502,0.4500166618803541,1259
EOG,OXY,0.7027770238533932,0.38054728872953375,-2.2860234856216044,0.08735815835156618,91.63232283421407,0.45212433254230955,1259
SCHW,ZION,0.7188531898012492,0.38063293181923785,-2.2858528446596704,1.0075660702645335,113.9493437276851,0.3901596231274808,1259
PBCT,STT,0.6298804185284153,0.3821518053937931,-2.282828456201775,0.4976740020325494,76.33889048104292,0.45522085495636216,1259
DTE,XEL,0.8523947419346876,0.38307300937101796,-2.280995900661018,0.8929187499229296,40.73619182002108,0.3627898577771457,1259
MET,PRU,0.8526467281293564,0.3836127050452674,-2.279922888476618,0.4953014506706535,76.28642208221176,0.3685904331198318,1259
DVN,OXY,0.6760354996875811,0.3836790798017162,-2.279790954301126,1.5965363116624633,118.08630906760713,0.5293942478800413,1259
AFL,MMC,0.6147742215110154,0.38444397640940076,-2.278271041120961,0.5207032715232076,78.36820537945468,0.4293017357903771,1259
STT,JPM,0.7230741195383017,0.3845607189266492,-2.278039142117675,0.5822631866444159,85.60371979885699,0.45727825721803805,1259
PSA,FRT,0.6063194536064251,0.3867210169112952,-2.273751584041922,1.0872044829672851,69.03774200041391,0.4458592119713407,1259
PFG,ITW,0.6448189860010118,0.3872992006560906,-2.2726052330910256,0.6230974310833142,90.54000217695314,0.5233881875763398,1259
DUK,WEC,0.8340663402592019,0.3875767400443744,-2.2720551365203248,0.43548682919641507,63.294805272221936,0.4598257437086714,1259
BAC,JPM,0.8331750025132124,0.39069017972365594,-2.2658917661154927,1.051767400881964,96.73969284265218,0.4573029680593714,1259
AMG,TMK,0.6635051090769656,0.3909764899752975,-2.2653256780962905,-0.012803210722311843,93.15313468875395,0.46149522507469626,1259
PNR,PH,0.654807940100295,0.39142676273982396,-2.2644356382921527,0.31434808777817785,90.54685814832843,0.4536511440362659,1259
UNM,BLK,0.6377419706771464,0.3917143200431691,-2.263867380911907,1.0010571154858454,80.7525029130096,0.4754904037396987,1259
EXR,AIV,0.6260642476372783,0.391779048303128,-2.2637394837835187,1.4281587543578467,106.8465631852168,0.4516992106452507,1259
BK,GS,0.7252512877248579,0.3941518568922918,-2.259055007160133,0.9773033694572848,95.12565006877063,0.5085941728687414,1259
LNC,ETFC,0.6745214937330523,0.3949551594428805,-2.257470831897228,0.5465060643297167,91.16794314762743,0.4719103749851089,1259
TMK,L,0.7151776905265372,0.3952791502917512,-2.256832140925048,0.784399604648222,303.0971416528583,0.5003897581727158,1259
EOG,APC,0.7252194095357466,0.3953181695618551,-2.2567552307235585,0.09832468102508593,95.07280494765465,0.4382272232591415,1259
EOG,APA,0.6986345432942062,0.39550132799882254,-2.256394237349347,0.07180291772080767,93.67710797585555,0.4488100855513641,1259
ETR,CMS,0.7300621029951365,0.3960639759393415,-2.255285572550671,0.2934758232987909,83.95683866612036,0.5075498085513876,1259
DTE,PNW,0.8249476644343309,0.3964427801221238,-2.2545393960238647,0.9317965353928082,60.624057038064166,0.3881903672786862,1259
AMP,AJG,0.6027525873596322,0.3973301026518016,-2.252792263658186,1.2007606873469423,116.75736450088611,0.4219408436746059,1259
PFG,ETFC,0.6385542217166768,0.39751804556776676,-2.252422336560981,0.438765759075527,90.88197685610287,0.5008981706962878,1259
MMC,BRK.B,0.6838767114670303,0.3978671854237542,-2.251735247435703,1.275229862916955,77.79027385615582,0.47281414502437236,1259
AMG,JPM,0.6503804454569373,0.39810084279699015,-2.2512755095010606,-0.004530358104892162,94.00363335816265,0.4615284522555328,1259
PEG,PNW,0.7372370924624959,0.3983090889477719,-2.2508658290381636,0.6330509534420149,82.39696862032034,0.48656469863395446,1259
BXP,KIM,0.6805849976502267,0.3990962737609809,-2.2493177087037193,0.30278897113559505,90.0228751548581,0.43986414223724146,1259
KEY,STI,0.8495605380957364,0.3997407598630024,-2.2480508121187714,0.8562114920312058,89.56561968597306,0.48864965412139555,1259
HIG,TMK,0.7158490906290884,0.40006763083907243,-2.2474084661911324,0.898131427226225,83.52407105712273,0.5041568272332353,1259
SO,CMS,0.7853305105090987,0.40065943458996767,-2.2462458309633107,0.30147499570064423,58.870250244655445,0.44621753864817854,1259
ETFC,STI,0.6783069019667565,0.4007547663019174,-2.246058586636009,1.6654437991190683,65.46398534397132,0.425184611342698,1259
AME,ROK,0.6589351628754636,0.40140169723456226,-2.2447882240493278,0.5597370965911274,79.71538979367705,0.45007477713678423,1259
UHS,HCA,0.7133579121878831,0.4016355493630433,-2.24432914111853,0.8037563654158425,61.90774691560959,0.4048935711480606,1259
PRU,ETFC,0.6819524632216123,0.40213717030313095,-2.2433446180703447,0.3730917132069492,90.82121695858535,0.4946840883147596,1259
IVZ,AMP,0.7702409084190585,0.40293622603961177,-2.241776956497124,0.37860394782810775,76.96897558214457,0.37667025714994395,1259
DUK,ED,0.8091763887314672,0.4036162290698394,-2.24044346960737,0.4712668356554431,63.3189428549778,0.44289331445542357,1259
NOC,LLL,0.6402556896826946,0.403828948882925,-2.2400264393286236,1.5961167073442133,99.34073212550258,0.4518195411444608,1259
TRV,PGR,0.6074753286247829,0.40388095952369574,-2.239924482357909,0.5826504409937914,101.48885281573247,0.4508604585977195,1259
BK,MTB,0.7194356113151815,0.40416909364884546,-2.2393597084206056,1.0664072201810555,98.20075299133802,0.47848261607867615,1259
MS,BAC,0.8083053369948644,0.40447570174046177,-2.238758831533027,0.9221714099351306,74.48701459472362,0.44852753563652575,1259
MS,PNC,0.7488848091792709,0.4046258965448213,-2.2384645269463297,1.0228661008857372,85.99326935072357,0.47439941283280396,1259
TMK,CMA,0.6899056610914538,0.4052715229139635,-2.23719973306509,0.7486929835657605,110.37287823398972,0.43409965956338276,1259
UNM,BRK.B,0.6370931563278658,0.4055496895038184,-2.2366549498393,1.0373627728112158,86.84754270108617,0.47628945264029093,1259
MCO,AMG,0.6181613407612654,0.4059831312377843,-2.23580624281408,0.293331334363706,240.0932282918457,0.4286794871354981,1259
ETR,XEL,0.7397631422893652,0.4062573928950858,-2.235269332962281,0.33155398284910925,85.6258559731483,0.5043861679620492,1259
REG,FRT,0.8309219642831895,0.40631937291234893,-2.235148009449417,1.0653821325352153,58.60565056066942,0.3403182160505601,1259
IVZ,DFS,0.629160628439036,0.40651365484795504,-2.2347677386168714,0.3991005528097735,82.96902833470591,0.3928821111683211,1259
PFG,LUK,0.6202760156070782,0.4065713194952452,-2.2346548791125804,0.21287371748940584,144.38890935875332,0.47487320086026236,1259
BLK,RF,0.6041619408055698,0.40678929223951693,-2.234228303866412,0.6366941890920828,101.98864167798666,0.4875998124360827,1259
GS,RF,0.7301932478069312,0.4099759307734618,-2.227998130961797,0.6882177646583746,84.4343499730261,0.44997105975933954,1259
PXD,HES,0.6357687182073156,0.4112862473092641,-2.2254395903115145,0.3361907156217481,81.79761838185351,0.47406594750567216,1259
FIS,FISV,0.62894614655313,0.41132005387176884,-2.2253736037108878,0.674510226445529,63.633193050536164,0.5004165730033325,1259
HBAN,KEY,0.8450834133541778,0.4113950039015265,-2.2252273140670433,0.9219492571192287,74.3529323997994,0.41070548373318505,1259
KEY,PNC,0.832594185318371,0.4129838198275683,-2.2221276221701785,0.873872606480453,74.88548849865212,0.47302496155274226,1259
EMR,CAT,0.6324975854422107,0.4133074241871403,-2.221496613776917,0.4519006483675784,85.84092522995289,0.4532332297514311,1259
MLM,VMC,0.7976640437853033,0.4133245542709015,-2.2214632142216844,0.8314642151104276,66.88919664923822,0.4916890976838902,1259
BRK.B,BAC,0.6527557460175396,0.4143125247305887,-2.219537423186074,0.6087045106315941,119.60427989567532,0.5368643858811023,1259
ETR,DTE,0.7263350290623607,0.41449150392283046,-2.2191886574414332,0.38837399435644787,84.47391186814032,0.511400043532239,1259
TMK,BAC,0.6988647943320291,0.4145943168591836,-2.2189883270218997,0.7862478624362785,113.39116152286736,0.49065727474194876,1259
ETR,PNW,0.7219006241342132,0.41492335286047205,-2.2183472747469066,0.3338537673164936,89.44569700647439,0.5078063389447341,1259
EOG,COP,0.692712675181359,0.41532262564446937,-2.217569529719194,0.21243684442790822,99.38569803158364,0.4331140532754509,1259
PFG,PNC,0.7125592682582489,0.41537210406240876,-2.2174731617508208,0.8261403307991773,85.8118831884124,0.520947044172746,1259
UDR,DRE,0.666489018301569,0.4178305516612859,-2.2126879749153034,0.7205166312792974,94.05400207572121,0.41226237574792607,1259
L,ZION,0.6160733865405775,0.4178457358893461,-2.212658438425094,0.29206614111789764,95.64242031716286,0.4000350361504036,1259
WEC,DTE,0.85383159072148,0.418585346098867,-2.211220012580335,0.9563500674807062,64.71788224494655,0.4298324353081899,1259
DUK,SO,0.7997785010265775,0.42065368844884127,-2.207200181387791,0.9172765635594607,80.19720014140994,0.4492450747266723,1259
BLK,FITB,0.6190245623706094,0.42115164790389426,-2.206232994216398,0.79035368811296,103.14994732144888,0.4978068212847641,1259
NEE,ED,0.7392260110749945,0.4211580556765897,-2.206220549886579,1.243116518069555,105.6047756701514,0.4730487379059087,1259
AEE,PNW,0.7981536844484154,0.42130139405211503,-2.2059421869113613,0.9937210391652296,67.78227141911688,0.42810343180645094,1259
AVGO,ADI,0.6122123537891403,0.42172282930415417,-2.2051238693800093,2.7355254521300134,97.6534054170998,0.4464090448918822,1259
L,RF,0.6206618812049529,0.42192372029262265,-2.204733848550487,0.2963787888790087,97.50507677190768,0.39562944668022676,1259
PSA,AVB,0.615852145955709,0.4243018355294952,-2.2001196031106756,0.9713508852531113,88.52201829116319,0.45241036786570477,1259
SLB,FTI,0.656052209961816,0.4254492878967469,-2.1978949888521897,0.3429289012635049,93.6705119660094,0.4715519997572083,1259
PPL,AWK,0.6109511613938997,0.42629728667154887,-2.196251664941895,0.2424275887872681,63.10740458089622,0.4450008225869987,1259
BLK,ZION,0.6026915728955285,0.4270004668456855,-2.19488944418692,0.6049638272782325,109.00933797220148,0.490824437820685,1259
BEN,MMC,0.6004461171334445,0.4270238299447193,-2.19484419163731,-0.3545671176170972,94.86194395452168,0.42841284413162367,1259
FITB,JPM,0.7820159996000602,0.42710184459488254,-2.1946930864803194,0.7217395759523613,88.85689786737278,0.4519500816732471,1259
AMG,STI,0.6215551616315658,0.4278197532593637,-2.1933028194534194,0.03715779719276032,98.47382774499037,0.46282632148331443,1259
ETR,ED,0.7040564829992132,0.427925818341856,-2.1930974550569067,0.37797176054818715,92.42985616307448,0.5102146325771025,1259
PPG,HON,0.6192539332864033,0.42800128086239975,-2.192951349308573,0.5509626944400052,88.77863388377897,0.4543340469601275,1259
APD,PX,0.6452889801796654,0.4287820136173222,-2.191440017012768,0.6021048557564548,178.60288294993194,0.41418172651908514,1259
LNC,SCHW,0.7665352405110692,0.4292985343427336,-2.190440414292922,0.8217575542140969,79.06529050417019,0.4523290288206546,1259
AIG,LNC,0.6449721537266407,0.43013749059005535,-2.188817269112698,0.43938873899912834,75.6131229062095,0.39480632331811666,1259
UNM,BK,0.7147904528059736,0.4309155403650263,-2.187312457302113,0.9374834529923277,95.14845154899432,0.41962517722411274,1259
PFG,CB,0.6097396759774809,0.43094822655420106,-2.1872492498923757,0.9287506603192736,112.97697089434996,0.5393632112951883,1259
ETR,PPL,0.6461382723760498,0.4309541804368767,-2.1872377365716322,0.7871731133318173,85.48848256857777,0.5127537415394295,1259
AMG,BRK.B,0.6260916405845941,0.43126739929975244,-2.186632088349572,0.051530589997650096,98.57412249569033,0.46248075101338176,1259
PFG,MMC,0.6398060865815306,0.43160693469457434,-2.185975639366072,0.7064646435705995,105.04957848931312,0.5171672081445445,1259
IVZ,STT,0.7056355259318406,0.4320693423251704,-2.18508177454566,0.3958676960236343,86.86807175325684,0.3703296756058066,1259
HP,DVN,0.6753637565130589,0.4326649076522501,-2.183930746456996,0.5788974070722737,93.49818972355956,0.5157576489377314,1259
PBCT,LNC,0.6626303733526102,0.4331040643265957,-2.1830821748881934,0.35864064044249394,64.76650307146004,0.40583190843951666,1259
LMT,RTN,0.7158259637345868,0.4332802157917491,-2.1827418422527263,1.0448297972575353,53.406124317119264,0.3715722314568436,1259
AMP,STI,0.7228490364043627,0.4335480175065002,-2.182224481318797,0.759927160906494,128.17328035690542,0.46241347004240074,1259
CXO,HP,0.6521013856925386,0.433831072632486,-2.181677710241843,0.24807489915544362,84.50275663101596,0.41367525944846345,1259
TMK,C,0.7186692928328328,0.4339620066827457,-2.1814248078923213,1.02819822778176,143.764961238567,0.44635738466424557,1259
ETR,AEE,0.701264263328709,0.4341760629172178,-2.181011380051763,0.3389461720811441,87.98676750476908,0.5176843016487613,1259
SO,PNW,0.7712224249830242,0.43497007436288965,-2.1794781188143384,0.36167029158425107,60.16231232377748,0.4380781212463211,1259
SLG,ESS,0.6374284687348075,0.4350206032016435,-2.179380561437829,0.3484665137705554,101.67243021025033,0.475624101754237,1259
AMP,LUK,0.6166486163687096,0.4351955443667962,-2.1790428120125216,0.20678152034354036,161.93719618146122,0.45910097935891486,1259
SLB,COP,0.6383021592977276,0.43693283487857354,-2.175689895295779,0.4743571987531965,101.95759234701444,0.46742296645881687,1259
L,CMA,0.6228109494515682,0.43747089585839233,-2.174651880481745,0.23990118757701137,101.28824348169891,0.36656382704677765,1259
ETR,NEE,0.6701119526170243,0.4376123576166768,-2.1743790086301122,0.3118203241764186,82.79068870557273,0.5013271496066378,1259
AMG,PNC,0.6298994796650991,0.43794882367537785,-2.1737300390008447,0.05666556448231866,99.80181942177865,0.4638657068565976,1259
DVN,NBL,0.7164592769547493,0.43876092074243545,-2.1721639950641927,0.7715753424864471,109.40760741013142,0.5408722032825953,1259
AMP,USB,0.7290427152403014,0.43921321335720015,-2.171291986667242,1.2757398757323843,113.53221908891622,0.44875693975104264,1259
HBAN,STT,0.6552475579757695,0.4394347332489053,-2.1708649512525215,1.0495805097179591,85.28397602617869,0.4552949524591519,1259
AMG,RJF,0.6715570510937309,0.43947968155445993,-2.170778305991944,0.06140996407814277,100.9530988383505,0.46450619445062324,1259
AMG,NTRS,0.6746368944015703,0.44047809765460794,-2.168854032830062,0.05806172856141978,100.63398500226089,0.46367437754051205,1259
XEL,NEE,0.7680973946892068,0.44106421715985605,-2.1677246875524725,0.8802345311680224,72.67177035206377,0.41035596624349363,1259
ETR,WEC,0.732845408447773,0.4424250203370148,-2.1651034998829974,0.38288658961095007,90.01838691407599,0.5112091806529127,1259
AMG,ZION,0.6218158746596023,0.44243624507836793,-2.165081883478101,0.06461282311764943,101.35374471948565,0.46312044383141765,1259
EOG,HES,0.7067810748974422,0.4450436485560542,-2.160062640227507,0.10987610743967628,99.87216041799088,0.4452557979583034,1259
UDR,ARE,0.6608719336345652,0.4451709278467103,-2.159817730129994,0.7298459297433828,93.11128155660921,0.44107472301387957,1259
STT,RJF,0.7067569542105481,0.4454100467295133,-2.1593576440099578,0.598923905281294,67.63293987583842,0.45862529885952086,1259
USB,AFL,0.60157564182605,0.4458506865431824,-2.1585098988153777,0.8556479945369359,94.36655607137308,0.5094901368129658,1259
KEY,BLK,0.6066132132786252,0.4459432956128381,-2.1583317425539397,0.9482815769775486,93.84169250486927,0.5247208598476522,1259
ITW,ROP,0.6381041836468795,0.4462002517080972,-2.1578374497039796,1.117091129495926,89.75444193093435,0.4775870054100397,1259
BXP,PLD,0.6954365031649977,0.44747623655913354,-2.155383447056137,0.258655284321932,90.91743926221204,0.4440977911690389,1259
SLG,DRE,0.6497117804066602,0.44774043490149246,-2.154875445913601,0.16995674077317183,103.49349278819636,0.47182818062864057,1259
SLG,UDR,0.6238486109564764,0.449323544272116,-2.151832216433817,0.30769900037601633,106.62019792003761,0.4880442959353474,1259
SO,WEC,0.79864306819016,0.4496006946654992,-2.151299581386035,0.38690220236808553,67.7868072926039,0.4371483305492168,1259
AMP,PNC,0.723749443612042,0.4501980158679983,-2.1501517666434697,0.7902527139693066,123.65162829748802,0.4844255540990132,1259
AMG,ETFC,0.6032324330156612,0.45045730602401396,-2.149653569701477,0.04207985562445201,100.93746002235854,0.46202903980183185,1259
AMG,L,0.6032276784082601,0.45083011350047963,-2.148937320736521,0.25452834118105966,105.98189658072629,0.47115855788888705,1259
LNC,BK,0.7539653912693354,0.45106251104360723,-2.148490866364779,1.1210491665447615,100.82961055737375,0.4898927211260531,1259
ETR,ES,0.7194230925757766,0.4514265623999237,-2.1477915476596747,0.47832518500419774,90.59731920703085,0.5180116964288378,1249
SPG,REG,0.7379487932275566,0.4533709352693568,-2.1440576091987573,0.5544782974486014,77.08716158938049,0.3964107629838356,1259
BLK,GS,0.6698267839724472,0.45411270623875355,-2.1426335883258583,0.8594094239321404,104.61255994881282,0.5419513933000072,1259
LNC,STI,0.7743654813178131,0.45461522904584967,-2.141669006655234,1.0002129805159419,84.59751495428443,0.46557799782219733,1259
PRU,BK,0.725337291509032,0.45585707509011103,-2.1392857846504376,0.7669983751010855,99.97713428442847,0.48946891170917756,1259
BRK.B,C,0.6810877148455842,0.45666298706153363,-2.1377395139749003,0.8121336210682963,152.84690284378556,0.49382047720631644,1259
AMG,BK,0.6815997110795335,0.45732497828834795,-2.136469579367325,0.07849569686622657,102.96518897340448,0.4638812050745082,1259
ZION,JPM,0.7383341906352511,0.45799685230375964,-2.135180867176072,0.941804589141407,82.50746640112166,0.4061318159246724,1259
AMP,BK,0.7436187558094542,0.45833227364646506,-2.1345375671599847,0.8974454328468906,134.8738060689814,0.4748303760491976,1259
ETR,SO,0.6837219411112754,0.45836625097289146,-2.1344724049678687,0.8700258719394115,90.12425594749017,0.4724785657849412,1259
NFX,SLB,0.6309729773105096,0.45889252160755634,-2.133463172930161,0.4905148872986813,96.07877841852468,0.4734795087816016,1259
TMK,KEY,0.7010306290370651,0.4590164573914163,-2.1332255161018976,0.9457824257529526,102.21369073781555,0.4557118135049271,1259
CXO,SLB,0.6511634973862702,0.4593181864744007,-2.1326469507445824,0.26173263862195206,85.76923167487129,0.4230632555809257,1259
PFG,AME,0.6465889207190859,0.45948451093555875,-2.132328038370863,1.2082670144274041,90.5913055747509,0.5091559560462144,1259
PRU,BRK.B,0.6750145741830409,0.45958424122426833,-2.1321368193782404,0.8258813501639817,100.36560577723236,0.5281911127771479,1259
MAC,FRT,0.6485672978240496,0.4600001331959792,-2.1313394440808042,0.8147563861456798,101.68114304783596,0.4091461798644877,1259
LNC,BLK,0.6662846648580825,0.46194065538319373,-2.1276197722873134,1.1667740457077966,100.42937606903524,0.5214188304333098,1259
COG,RRC,0.6475565632816599,0.46223885598857034,-2.127048285547722,0.3091515796783459,83.57379604959924,0.43627502944237034,1259
ANTM,CI,0.6869234597112197,0.4628131342941137,-2.125947793598476,0.9266408316241513,74.28015236875204,0.45082518833150326,1259
FISV,HON,0.6259497744215455,0.4629147402201318,-2.125753097103075,1.7741570121547663,84.04271944378804,0.35854363200776435,1259
PNC,CMA,0.8119277900824806,0.4629216323570309,-2.1257398905659155,0.7835683634090211,121.27114067919392,0.5063300691398609,1259
SO,XEL,0.80696019471239,0.46301331837019766,-2.1255642056414286,0.33418395310573346,67.06070233092251,0.4440328209873338,1259
DFS,BEN,0.6095595607757379,0.46427732628219354,-2.1231424412436595,0.023629846165110917,118.98875436227296,0.4847187061749334,1259
ETR,AEP,0.7230759513689492,0.4645210263951796,-2.1226755838665383,0.4439276167943253,79.08184590641123,0.5026802223273313,1259
C,NTRS,0.7556445225674471,0.46487875378304855,-2.121990316768504,0.732019218072826,106.98648553499547,0.42258458353029693,1259
USB,FITB,0.7973788691211785,0.4656849098349698,-2.120446174241475,0.6929025427647758,104.32278226351768,0.4403260187889027,1259
STT,TROW,0.6632377843582998,0.4659710046955177,-2.119898222721819,0.8977501643265169,129.53684208090183,0.5244013115677777,1259
HBAN,C,0.7436562874763692,0.46621982835439696,-2.119421674999953,1.0181896021958912,111.09459049102924,0.4216026593153635,1259
AMG,RF,0.6131691674795747,0.46642962292099555,-2.1190198895007,0.09982454015234997,105.00741197915455,0.46592604050327174,1259
STT,STI,0.7016812022977424,0.4668526262763617,-2.118209817105856,0.5816439900525416,94.15182875600883,0.4704763214135647,1259
NFX,HP,0.6251587924884994,0.4669831137626301,-2.117959937042949,0.24563009652232085,95.7804565071857,0.4767081346303752,1259
AMG,CMA,0.6121256685806549,0.4670998130177629,-2.1177364650027117,0.10235358886421478,104.54847246177444,0.46075973365600487,1259
BRK.B,RF,0.6133095401740549,0.46721533950237665,-2.1175152423775985,0.6262065461994372,130.61839941458354,0.4959230148895923,1259
CB,PGR,0.6123149231676027,0.46860749295013615,-2.1148496724748127,0.6170387706428974,104.59575931651523,0.4545234098088403,1259
LNC,BRK.B,0.638972380150702,0.46866630414323573,-2.1147370770355263,1.1919753113622054,104.78947681481633,0.5298039136569148,1259
HP,COP,0.6577644086926124,0.4687265648206727,-2.114621707418331,0.7665601783214023,98.99232036220491,0.5210210253332553,1259
HCN,ARE,0.651220767825559,0.4696199601502032,-2.1129113981777734,0.21703740711141006,95.8058403752184,0.4825696968340193,1259
BEN,TMK,0.6512047095560515,0.47012833950243993,-2.1119382454688576,-0.3307822772955195,101.70817089097551,0.41984396749635794,1259
L,FITB,0.628327924599853,0.4701802562103234,-2.1118388685524847,0.34844015724069477,107.5862957062088,0.4166440747514256,1259
AMG,USB,0.6386646181997944,0.47030912215697546,-2.1115922010972112,0.13025605665946371,105.05231859257893,0.4669795153324438,1259
BRK.B,FITB,0.6230525007609548,0.47122902230947955,-2.1098314913032032,0.7610507379712909,131.45896176989203,0.5286582587121157,1259
PPL,CMS,0.7377104981441422,0.4713067255960555,-2.109682773913966,0.32376251733204275,68.01835513131839,0.45398452532469324,1259
AMG,SCHW,0.6574238073252737,0.47144649554146084,-2.1094152695345607,0.07040300979130334,104.68943848821756,0.46304800194836404,1259
PRU,SCHW,0.7471657981100939,0.4715344066125077,-2.109247019486477,0.5813365472391546,75.28702718839504,0.4392888625822978,1259
FITB,PNC,0.8108335394663811,0.47200935902090013,-2.108338051920816,0.7393959442540854,97.52843445666946,0.4877308952111085,1259
AMP,ITW,0.6109644881696892,0.4725530694744442,-2.1072975511161687,0.5631077219474631,128.9554870698371,0.4766548233217179,1259
UNM,TROW,0.6269209050339078,0.4726019743293107,-2.1072039645890723,0.8914406686255237,175.34797297290783,0.49452770643870203,1259
BK,BBT,0.740749011027514,0.4726850001927338,-2.1070450836403967,1.252778367820037,96.0875098408802,0.4771304231700924,1259
AIG,PRU,0.6684986560046184,0.47420545522893987,-2.104135722018886,0.5693117568874126,88.29464277118285,0.38951281404301047,1259
V,MA,0.7812411308930647,0.47422967125646065,-2.104089388502027,1.044333451536818,68.8067556337476,0.43178544163174526,1259
MS,ZION,0.7071739089292675,0.4746517416710216,-2.1032818401284246,0.9157614380936665,107.63560137609022,0.408798635052334,1259
SCHW,RF,0.7391479789438317,0.47482536516426105,-2.1029496546345525,1.0553917794813787,116.65406962979995,0.3891297628556183,1259
C,JPM,0.8504656527863146,0.4751751128549085,-2.102280514297485,0.6150323869702666,99.98374731918727,0.44524931930652856,1259
AEP,PNW,0.8088845256197803,0.4759848869003255,-2.100731322306035,0.8423862227487658,84.4941293014496,0.4594072395226294,1259
PFG,BRK.B,0.7017587844875212,0.47631105108005073,-2.100107360544302,0.9928666775714936,110.26248605241817,0.5398565668131219,1259
SCHW,C,0.7271439179529354,0.47669616977256674,-2.099370637016981,1.3665171592093464,126.95517752081898,0.4025099749106816,1259
COF,PBCT,0.6391643056352309,0.47718635087647215,-2.098432961543035,1.012655583974741,80.53447133813683,0.36853426738399614,1259
ADI,AMAT,0.6033947050486522,0.47723849934273366,-2.0983332078129995,0.4796002392624123,67.76111490937512,0.47365781942113516,1259
HP,MRO,0.6315040327052754,0.478011496380167,-2.0968545992213787,0.3588403950657168,91.99915597077121,0.5011866416064288,1259
HBAN,BAC,0.7549779556513662,0.47819851584954115,-2.0964968748680324,0.7409335008221387,61.82173447815339,0.3863553533458751,1259
HAL,MRO,0.6683347216405299,0.47822501925566485,-2.0964461804156023,0.2378551867823982,109.29430357242624,0.518688171182334,1259
AMG,BAC,0.6366989412549332,0.478460248368346,-2.095996249050851,0.11045354880627735,106.19844597955053,0.46648117717938764,1259
HON,PH,0.6244243904872252,0.4799179444090764,-2.0932081980400783,0.80356236142183,125.96924069010235,0.4352730028036436,1259
HBAN,ZION,0.7920236706447277,0.4812062634315433,-2.0907442785135086,0.729008449439909,125.27860348975219,0.43094590024439294,1259
AMG,BBT,0.6148399659430043,0.4813437543296355,-2.090481334535198,0.24436671999602066,114.06356603495624,0.46929379882768674,1259
PPL,PNW,0.7148214132678072,0.4822537688441027,-2.088741016218881,0.37134197613506265,73.1566028218519,0.4496226355591956,1259
PRU,BEN,0.6509222864647093,0.48241232688301916,-2.088437794570498,0.01131779168237784,131.61723501421045,0.47989792547435595,1259
FITB,RJF,0.7233106542984035,0.4825253440777609,-2.0882216648550562,0.7196925930395038,67.17127772836893,0.4399560957399737,1259
PSA,UDR,0.632117617664623,0.4831491791412144,-2.087028680627077,0.8273671139080059,111.71312780176511,0.4453012521888194,1259
STI,CMA,0.8368377427417615,0.48497651200662195,-2.0835343095559886,0.8026810314769056,110.88799494576303,0.40938720851787896,1259
PPL,AEP,0.7183406652789368,0.4849851184910043,-2.08351785185095,0.44310534903697973,68.3606435652026,0.4593688694963104,1259
STT,BRK.B,0.6400261555624362,0.4851637729050234,-2.083176221356542,0.7056782164926665,98.00178213894782,0.46859611691525094,1259
AMG,UNM,0.644306541897857,0.48521325146371463,-2.0830816065289897,0.11428580987535222,106.9493785891282,0.4614322857742315,1259
SLG,ARE,0.6540867475202817,0.4852471829794237,-2.083016721400212,0.22120445713024556,104.39683788248712,0.46228353716175524,1259
ETFC,MS,0.6720323952579632,0.4855305654844887,-2.082474827764321,1.425767546036786,122.0174796645602,0.4666123379644202,1259
MRO,NBL,0.6414394496755064,0.4856169715172854,-2.0823095995865324,1.2530128308723558,69.29808162848721,0.45671285949028406,1259
AMP,ETFC,0.6379649160823262,0.4859936178408689,-2.0815893670381596,0.44119903711376307,113.54763664981336,0.45711779006617,1259
USB,ZION,0.7460570469537648,0.4866991190641269,-2.0802402954312416,0.5286041344503014,100.30544751205292,0.4056676345619056,1259
HP,FTI,0.6536959122234384,0.48679788905506166,-2.080051426116835,0.5526675646243412,101.30449698521147,0.5061520530796442,1259
EOG,DVN,0.7420872012643515,0.4880410278531036,-2.077674279318183,0.15327319217907193,100.65490915739608,0.4290841615180426,1259
L,AFL,0.6115961125657755,0.4887850832496234,-2.076251479691164,0.3683861253063203,117.51745937582095,0.40047707191240517,1259
BEN,BK,0.672028212953917,0.48879897487051344,-2.076224915722366,-0.31107174671707033,102.40281648349212,0.4222933911807225,1259
DAL,ALK,0.6796546895437,0.48933166159058766,-2.0752062929134008,0.8383110598435081,118.49421409118419,0.4620506250367528,1259
AEP,ED,0.7825776974796039,0.4902224854278172,-2.0735028080861113,0.9768105988612079,69.7740911383675,0.4225725619329776,1259
KSU,NSC,0.6330448677443702,0.4913064746010033,-2.0714298968152565,0.148279192695072,86.96996023329426,0.46260713249824625,1259
LNC,LUK,0.6032840837135431,0.4915318460597753,-2.0709989116413796,0.26463936453560605,171.56044072430407,0.49747200098722216,1259
HAL,NOV,0.6192161905912701,0.4915930245567438,-2.070881917506514,0.2863273308344904,105.98851282591335,0.5297554444437492,1259
HST,MAR,0.6316196178957996,0.49186036035146946,-2.070370677727381,0.08370574175907514,96.97665959332711,0.42139401443766583,1259
FITB,MS,0.7301196346075277,0.4920606643875713,-2.069987623253067,0.6788991722416287,77.70202383457556,0.41701965854348877,1259
AMG,FITB,0.6078681553874465,0.4931321100217095,-2.067938580685329,0.17126588441668716,109.54972207251824,0.46733854768355493,1259
DUK,CNP,0.6370659130631825,0.49443420000332394,-2.0654483269261488,0.30463679101231866,102.8925630853958,0.4559120224101442,1259
MCK,CAH,0.6700530271015913,0.4946015171468392,-2.06512832070841,0.9021034860517074,104.21652654112772,0.48289549323095643,1259
KSU,UNP,0.6219928626395407,0.494660581929175,-2.0650153543507312,0.18517796317150292,86.77392295838612,0.45922789696454164,1259
COG,EQT,0.6240398694788512,0.4951196319247659,-2.0641373705427655,0.8709712725748846,79.07626815277462,0.41194514757816453,1259
NCLH,CCL,0.6479948948651911,0.49535645691964447,-2.0636844079045935,0.9709449114029113,77.53843234650668,0.4166577680681999,1259
CMA,JPM,0.7431552027906632,0.49552066801104055,-2.0633703264413072,1.076446964214822,93.23838693473833,0.4121918576372638,1259
UTX,BRK.B,0.6020700014236681,0.49586952904314713,-2.062703060685998,0.35145109634926175,108.86828026425582,0.5095090015772682,1259
HCN,UDR,0.6520439466454206,0.49599008838391556,-2.0624724638251717,0.26656816126691635,89.71216842533057,0.49400626735630837,1259
PFG,HON,0.6271342302641648,0.4960443136775735,-2.0623687451942563,0.8235783054485724,115.68825967306296,0.5509510124248,1259
HAL,APC,0.6453992620909715,0.49684515673446145,-2.0608369026351046,0.40357876955160654,108.67956788616716,0.48617565129764717,1259
PFG,AMP,0.7798531545311675,0.49803918815353415,-2.058552817961627,0.8556780239933066,100.59319218279056,0.46523059976357495,1259
AMP,BRK.B,0.6732455580545988,0.49831135571939844,-2.05803215540124,0.9741899029507701,131.76524923854745,0.4747716809846055,1259
STI,ZION,0.7979633352566922,0.4984372329623889,-2.0577913457361277,0.8672216264741625,122.94446061917529,0.4295268186528599,1259
AMG,HBAN,0.610493930692647,0.4987244194987234,-2.0572419340724273,0.14508440455616134,109.27833090467604,0.4609699019823681,1259
UNM,ETFC,0.6470118345318635,0.49958044479811053,-2.055604209718576,0.44788538214889523,103.96139886089311,0.4405688494306187,1259
L,BAC,0.6193487775814074,0.49973562821445644,-2.055307304225252,0.21428032452800871,114.5194891109377,0.40758297088387974,1259
UTX,ITW,0.6256181826663771,0.5011680730311099,-2.052566473714104,0.224925656348771,101.44765986526187,0.48968629993768675,1259
HAL,DVN,0.6584649280537079,0.5015648117121659,-2.051807290157994,0.4066469560091826,107.30418155381138,0.5173376999683768,1259
BEN,ITW,0.6147159379418691,0.501611775856075,-2.051717419423747,-0.27571709422718077,106.40839151608405,0.4292030681743713,1259
AMG,BLK,0.728691364476795,0.501819648764939,-2.051319628023842,0.1319258925192978,110.4640808255454,0.4682007280146873,1259
STT,BLK,0.69353808905742,0.501855547988641,-2.051250929411912,0.7056414111698279,101.91603553898165,0.49514113223308887,1259
SCHW,STT,0.7172143048202478,0.5025912955706223,-2.049842908021546,1.4257162029094574,121.2055475533555,0.4348424403335294,1259
CXO,HAL,0.6622507659053282,0.5027932543649757,-2.0494563943030495,0.5166774599819689,76.07290872166858,0.35803767250453405,1259
TMK,AJG,0.6204016167280487,0.503834464545702,-2.0474635626478506,1.407403120997958,108.64418309405004,0.4487844400557669,1259
L,STT,0.606537719750405,0.5049057494323324,-2.045412916369536,0.34683706399924263,118.05247155406155,0.4250468783848795,1259
ESS,MAA,0.7004744134651092,0.5053527270989698,-2.0445572350057106,0.8551240658178648,121.12377102141673,0.45836057514086953,1259
USB,STT,0.711078564039856,0.5059644870860502,-2.0433860198420595,0.7312843348037444,110.35928580921009,0.47077563870374894,1259
SO,DTE,0.7769259198651285,0.5060492231399908,-2.043223785205905,0.35803761219527264,76.96193587518997,0.4530714297978597,1259
PFG,BEN,0.718798162276654,0.5062969128808164,-2.042749550934056,-0.026187815252740762,138.49654451353274,0.4777688818310946,1259
GS,JPM,0.8092524319481204,0.5068215416368888,-2.041745028619893,0.6972146862943565,92.12944213583607,0.49436629339196364,1259
HCN,PLD,0.6570900006422465,0.5078247083844241,-2.039824031694071,0.2034188078844956,108.51591613774383,0.48485166325413603,1259
NFX,HAL,0.6447231220454881,0.5078713837268026,-2.039734644864414,0.3878433155952562,101.30299191220408,0.4536167007288755,1259
MS,RF,0.7469768528542493,0.509790076399843,-2.0360596629032766,0.9650877523294399,105.95992777091779,0.4360721073633021,1259
AFL,BRK.B,0.631851323559554,0.5100192291529588,-2.0356206806517765,0.6604276698031056,104.4632822970586,0.508387401050171,1259
BRK.B,MS,0.6893445102441665,0.5101864174945,-2.0353003919336627,0.6296747422855983,125.23632160190148,0.5361150873491871,1259
PPL,XEL,0.7339149061212814,0.511024011310199,-2.033695652029542,0.35978637587857804,71.75593180316214,0.4481137590371055,1259
KEY,BRK.B,0.636798113021577,0.5111497038730052,-2.0334548193622615,0.9904344067803329,103.50276579975646,0.5175003461601709,1259
AMP,BLK,0.7371134888467387,0.511736967501157,-2.0323295276827915,0.9801980893636797,134.98271634305206,0.4694545051882498,1259
AMG,GS,0.6608171258403991,0.5121688533400282,-2.0315018923961325,0.2206338623813944,113.57808043330213,0.4690741014835046,1259
PFG,TMK,0.79301202287148,0.5126594307812594,-2.0305617086467342,0.8268528549104527,101.638518862577,0.48795772207317656,1259
LOW,HD,0.719999996107848,0.5128075052444612,-2.0302779102061588,0.8478454318386945,76.47750337933235,0.4785098525282784,1259
AMP,SCHW,0.7199182465304323,0.5131290747177943,-2.0296615664164004,0.6493362960398755,121.9500125666881,0.4507509000456269,1259
MPC,ANDV,0.6655057778276771,0.5136373094580827,-2.028687372455946,0.46589319657571165,72.91955573932485,0.4467979126975724,1259
HAL,APA,0.6218012481187302,0.5141455663424069,-2.027713044152097,0.443469763012465,103.17271659086308,0.4903129934344807,1259
ETN,ITW,0.6569143716123463,0.5141856742266765,-2.0276361533845897,0.20841400884080416,81.7819831951402,0.4275712058399125,1259
L,LUK,0.6066119381644309,0.514609800132858,-2.026823026291266,0.3860665869526326,96.64375108589812,0.4036154335342833,1259
ETR,PEG,0.711473728330118,0.5147165953674914,-2.026618269834823,0.5439465740675342,93.99483605685704,0.5242359943625483,1259
DFS,WFC,0.6425591618652494,0.5149243238173749,-2.026219983944421,0.9107617787170016,87.33733750599116,0.4213502759592736,1259
PXD,NFX,0.647502801364701,0.5149733783780701,-2.0261259273684433,0.3595883944000938,97.60871295435848,0.46525553418448934,1259
PBCT,L,0.6033400801007153,0.5152212968740186,-2.025650557875531,0.40845861556024743,108.93741895569755,0.44401000659797923,1259
APC,APA,0.687217422788273,0.5158106527060753,-2.0245204084197406,0.8960161415923129,103.93286060319966,0.497893276577276,1259
LNC,HBAN,0.7330459873039938,0.5181919157088214,-2.0199527042375474,1.168608928207564,45.91494193573789,0.34318438256143785,1259
AIG,AMP,0.6150237872535937,0.5188234117765381,-2.0187409878656877,0.44787557621622076,94.79620376268052,0.450120769996925,1259
BRK.B,TROW,0.6648804511705093,0.519444834039482,-2.017548435202679,0.6675217585517484,254.8438482538079,0.47193429975476897,1259
L,KEY,0.6363008157656854,0.5196175443139163,-2.0172169624650382,0.2439241688910376,123.15027030045458,0.38834444237542326,1259
BLK,MS,0.703983934855787,0.520227988138244,-2.0160452683370607,0.6439769408333139,106.40861536283413,0.5147720667164343,1259
BEN,NTRS,0.6386719175342032,0.5207389326139651,-2.015064427113153,-0.29699517466977643,107.90389653671393,0.42505163872445495,1259
PRU,BLK,0.6740956677775278,0.5207915595108624,-2.014963394525684,0.8000034263216904,109.17567754346626,0.5451679985643931,1259
MCO,AMP,0.6176582738514531,0.5213755090220705,-2.013842249445929,1.041525093183496,126.0486058461165,0.4534366226709575,1259
ETN,AME,0.6195383243351084,0.522142559693444,-2.012369322662669,0.47080538368079605,87.31937152301823,0.4678090100225413,1259
TMK,RF,0.7134777024575937,0.5226522823430493,-2.01139037615049,0.8348196489909977,123.10683153814622,0.43262578733857315,1259
HAL,FTI,0.6358410762209635,0.5228169083679932,-2.0110741775833074,0.3655480956830762,112.7287951569248,0.5285787371237232,1259
HIG,UNM,0.664605302633823,0.5239959272119032,-2.0088092417293497,0.8493779418205434,135.0425370881774,0.47166088010096063,1259
ALL,PGR,0.62444127880014,0.524266244882719,-2.0082898555975928,0.7764968187685913,139.23596386651082,0.5200131351062006,1259
APC,NBL,0.7100857643673233,0.5247189733428329,-2.007419904778709,0.7720485092177388,93.77244859830026,0.5056030006188634,1259
BXP,VNO,0.6979216987184819,0.5250458437919866,-2.0067917347921336,0.41112337268849647,99.76177235537519,0.4248992835926891,1259
ETFC,BAC,0.6690845935885472,0.5264658116605637,-2.0040622417601104,1.3503942528558173,152.795250923762,0.4813687233134158,1259
BEN,BLK,0.7576025304817082,0.5266673351913106,-2.003674782996173,-0.26238160706593766,109.63686007991383,0.419973467609295,1259
USB,C,0.7567421284106761,0.526923039119914,-2.003183123186516,0.6967747972316465,135.34529683037354,0.4641963680236551,1259
BEN,JPM,0.6460207237697536,0.5270908591435488,-2.0028604248164026,-0.26858473339257977,109.50146546909664,0.4220925748248983,1259
PPL,ED,0.6800757395573694,0.5279244364395419,-2.0012573261521704,0.4191446383598896,78.89511873255972,0.46317718042630585,1259
ETFC,ZION,0.6387295104172384,0.5282470464630448,-2.0006367945755392,1.2751288619872052,179.43929285033838,0.4714493479186178,1259
NTRS,ZION,0.7214981106505873,0.5282875846024351,-2.000558816489608,0.6920734241365385,107.22752730787573,0.39355783791462917,1259
PHM,DHI,0.8332572145079785,0.5293866207259526,-1.9984443884312677,0.5567440243501587,105.13505760974564,0.43780028278271277,1259
AMG,KEY,0.615178138908733,0.5307041087549317,-1.9959087708432317,0.2045754171345784,114.08282964302737,0.46546916480844525,1259
L,C,0.6553396754275772,0.5314117205980076,-1.9945464911871404,0.3633186302786236,122.77800595308666,0.4306502590890598,1259
EQR,FRT,0.6107245431450579,0.5319446877474576,-1.9935202359001796,0.6864890831069195,99.0849197327153,0.44834571047521765,1259
NTRS,FITB,0.7440806350979633,0.5320900292708862,-1.993240343586559,0.8775024479405573,116.6126905622976,0.4378003372467494,1259
GD,ITW,0.6187305719624544,0.5321265001339858,-1.993170107584645,1.1162972597115217,133.40597330386862,0.5234553505551577,1259
BEN,BRK.B,0.6409902593143304,0.5333504976364719,-1.9908124447917461,-0.33353251324351507,112.55198631635724,0.42816188622210916,1259
SBAC,AMT,0.6656619048288102,0.5347770470254428,-1.9880634401602713,0.9589274220883135,87.08483718021736,0.4274360768669742,1259
TMK,MS,0.7012250162114284,0.5362379012443811,-1.9852469649132773,0.7798194188322987,129.9393312571035,0.47604027759596473,1259
AMG,C,0.6765856597762833,0.5363893481516411,-1.9849548999319127,0.3259780005318386,126.02186565881684,0.4706792642045483,1259
PFG,CINF,0.6122148071073038,0.5370230793590847,-1.9837325838112974,0.5921179213741019,151.3161386028502,0.549083963674751,1259
AEE,CMS,0.8272937412482095,0.5371767546916478,-1.9834361399074103,0.854125503609815,62.18914827673809,0.4263672930352241,1259
MGM,WYNN,0.6127815977566532,0.5382523909753845,-1.9813607555359132,0.12261461927957201,173.50251284058558,0.41737525306354684,1259
AIV,REG,0.6753340816307408,0.5384112016070703,-1.9810542709138073,1.0124616786591685,105.0322960107048,0.40278122883677875,1259
BEN,STI,0.6308500723190267,0.5386938507013499,-1.9805087500060312,-0.24551830442807046,112.14118366716966,0.42137820505924856,1259
GD,HON,0.6091114914400939,0.5398315301506127,-1.9783124256227098,1.548131128349706,77.88210072316444,0.45324326915547253,1259
BRK.B,AME,0.6182823378915284,0.5409208328955816,-1.9762086235172063,0.9926670211366443,132.70169931369287,0.5076095950047137,1259
KSS,JWN,0.6014920069000965,0.541028665128091,-1.9760003169575664,0.729695355991219,64.99617819390562,0.48717544111585653,1259
HAL,COP,0.686642150102073,0.5415169754161191,-1.9750569088976357,0.5433492726432145,116.41532107188193,0.5219755188713202,1259
LNC,AFL,0.6145045086645068,0.5424707956363373,-1.973213631054391,1.362068504517858,132.69946988340314,0.5503749420924189,1259
AIV,ARE,0.6443940252623088,0.5435472206629204,-1.9711325908406165,0.7536547468468008,58.63465812200757,0.3669528766366316,1259
DVN,APA,0.7258877830034505,0.5436190075728681,-1.9709937744622936,0.9021478287277722,128.48657859164032,0.5450835881025882,1259
AMG,MS,0.6857461919965059,0.5446896640749779,-1.9689229408317808,0.21750486305835096,116.57217953070283,0.4665738699650734,1259
HBAN,CMA,0.8007837718379684,0.5448395450629185,-1.968632973664742,0.6812411273021434,102.33321196544318,0.4358361086687796,1259
BEN,SCHW,0.6092813547192432,0.5450820316979533,-1.968163809472884,-0.19201255945960574,114.18965870726619,0.42522093092778407,1259
C,BLK,0.6984158608245356,0.5459072141953898,-1.9665668924098039,0.6958370349539672,112.37481092948873,0.49557770004707946,1259
HCN,DRE,0.6613077885010046,0.5465385403787294,-1.9653447622526148,0.23073141121253216,91.0127599779609,0.4664079385422243,1259
REG,ESS,0.6483825928646092,0.5467554018447994,-1.964924884118809,0.6669728335764391,154.39021107961207,0.4935143729847572,1259
NTRS,RF,0.741290933471377,0.5468035480785964,-1.9648316601823355,0.7147823056886785,116.40328298183529,0.4046117369454395,1259
CMI,PH,0.6688969009079481,0.5472889097458775,-1.9638917645783975,0.7060916162365893,79.78492704157127,0.4389795035350709,1259
TMK,STT,0.6591938307950771,0.5485862576464628,-1.9613785119754916,1.0427324447172464,146.0762846739335,0.4674466674744585,1259
AVB,MAA,0.7095893667165742,0.551129259892657,-1.956448002444595,0.7215538622302987,93.81684024489289,0.44270543539180446,1259
STI,FITB,0.8446794309281278,0.5517808353597424,-1.9551837865422361,1.1183780840997704,127.91667251359952,0.439124200712277,1259
HP,NBL,0.6506434919344765,0.5517957443999015,-1.9551548549507842,0.5227407647042921,88.31036220243195,0.4613973610811876,1259
DTE,CMS,0.8750847784791653,0.5523215048773833,-1.9541344688074858,0.7962138990535441,70.32679952317135,0.39375907145051536,1259
PRU,AMP,0.7542056846623517,0.5538298542502782,-1.9512057083849987,0.7235899776703123,104.30773469702397,0.492969740828383,1259
REG,EXR,0.6102077284817345,0.5542024843725493,-1.950481852561188,0.4912991406397066,93.35109804823126,0.4509679790862554,1259
RJF,ZION,0.6979385081022083,0.5550767379316697,-1.948783058354639,0.9114330343193702,78.70994470731623,0.43961288580508623,1259
BK,MS,0.741309043687182,0.5556139677729538,-1.9477387923643938,0.7176653902195699,105.26091164006831,0.4589903741508917,1259
EOG,HP,0.7013595400725532,0.55562066122979,-1.9477257799232544,0.35978452913779807,104.47574373308615,0.4326376994184577,1259
ESS,DRE,0.6686164693370409,0.5558391330848508,-1.947301035562434,0.730120247517583,121.14334183364302,0.42785627097398543,1259
HP,APC,0.6583561884057161,0.5560953105736265,-1.946802927683404,0.595487320409378,92.61442287676056,0.4956799651846586,1259
SO,AEE,0.7464936807242557,0.5561113783078944,-1.9467716837270777,0.327072281784768,75.56159274429577,0.44926857575196594,1259
HAL,OXY,0.6574354171627274,0.5570162472562864,-1.9450117531963569,0.7029132324548474,123.41444421639264,0.5288860891835461,1259
MS,STI,0.7547784833032715,0.5573556244637975,-1.944351475899977,0.9943569716831262,96.7901510293673,0.4516208067318395,1259
LEN,PHM,0.8220671005403951,0.5582086998349476,-1.9426912747252973,0.7749374981728425,116.51016665294676,0.42450381510343194,1259
PH,ITW,0.7163397245715448,0.5593802002212936,-1.9404102059615558,0.682574953766062,114.71265123590773,0.42861770758801626,1259
TMK,AME,0.6174673227591324,0.5601234709776809,-1.9389622466124947,1.249494148672517,132.01714927265175,0.44183830972844373,1259
ANTM,UNH,0.6755017141388493,0.5605984337755696,-1.938036683074082,0.7716688030773511,115.048294401375,0.4737950147223761,1259
LNC,UNM,0.8553207687226618,0.5607215728704152,-1.9377966835122822,1.117871533642725,117.25439291596138,0.50041501469037,1259
EOG,XOM,0.622613646596103,0.5607275743004583,-1.937784986257986,0.584440647367954,118.87623437245855,0.4668917390802319,1259
PPL,CNP,0.6402957963013093,0.5617378392771178,-1.9358153740675008,0.21335277828906746,103.99777139896668,0.45995232018946136,1259
ETFC,CMA,0.6550141264344828,0.5633586952212422,-1.9326531362919113,1.2368059089957806,170.59428167362594,0.48370526515197787,1259
CXO,PXD,0.7330996043519361,0.5638888707431295,-1.931618178823844,0.60951327867538,89.63190588939439,0.39857792463604436,1259
SO,ES,0.7883904750548444,0.5641524432315629,-1.9311035463331698,0.4479298288899895,83.88696012974057,0.4546584915337875,1249
SCHW,FITB,0.7204978572851855,0.5648131155850118,-1.9298132371619405,1.3257069301499351,93.62000002632514,0.3761158315211979,1259
IVZ,TROW,0.7424723896263687,0.5651595155778483,-1.9291365208530602,0.680805096422259,101.8884762800998,0.4560562580238538,1259
BLK,TROW,0.7414259699402598,0.5652859085905897,-1.9288895708781626,0.8753934449487345,200.0472597824942,0.3962028915007498,1259
L,MTB,0.631483075310848,0.5654498918673597,-1.928569150091599,0.3368622536080565,126.51115068765282,0.39567209682130344,1259
DFS,AXP,0.6388714235812613,0.5657502018454773,-1.9279822727835483,0.5853256284528046,126.5647216207644,0.46457570303965234,1259
PPL,WEC,0.7090571475155854,0.56747425178923,-1.924611139931022,0.40625848621777877,76.77602656241224,0.4610917073256498,1259
PM,MO,0.6455490713544109,0.568313992357939,-1.9229679423430968,0.28903691776328494,129.173391436187,0.49748546973140967,1259
UTX,HON,0.6567753015787527,0.569971306967253,-1.919722561240858,0.2892115707370216,122.34496285747665,0.5072946813961056,1259
L,BBT,0.6503647421540342,0.5709782268936007,-1.9177492390679785,0.35916952161835425,134.3062745911844,0.4145300295022023,1259
USB,BEN,0.6353620390284521,0.5710129272496318,-1.917681213471768,-0.18953068489306069,131.1770428404129,0.40070249719501927,1259
SCHW,TROW,0.6268060800228533,0.5711520090736815,-1.91740854714884,0.9921924713335973,222.1928556707467,0.49220602929525514,1259
AOS,ITW,0.6079768339245638,0.5718387217120452,-1.9160619291603134,1.3881718340999494,114.80775848657333,0.46965450119717195,1259
AMP,HON,0.6056192645117359,0.572995984956232,-1.9137913050389128,0.7827014582952928,144.4509303531104,0.47889226839752547,1259
PH,AME,0.6425810705622554,0.5749765744099393,-1.9099014907204048,1.226364567371932,118.31879139383582,0.48486871643958196,1259
HON,TROW,0.6122701389110423,0.5750921675578072,-1.909674320361027,0.6273818839695923,284.004618202052,0.3893034368451039,1259
MMC,TROW,0.6049026008273193,0.5768446772400239,-1.906228138841131,0.5696185931311426,356.0242182133886,0.4635970627264993,1259
L,ITW,0.6493108039736161,0.577203520257818,-1.9055220220527254,0.12950953403542917,125.04524853682481,0.39102426027970605,1259
AMG,LNC,0.6681083256027055,0.5795596188626495,-1.9008816720492778,0.24597140670502188,120.90414153600621,0.4603145716630561,1259
AMG,PRU,0.67859667161838,0.5798252075019847,-1.9003581402889282,0.26156980375844796,124.06910655667824,0.46732395998802223,1259
HAL,NBL,0.6332950604871816,0.5816822228620213,-1.8966949538256341,0.3264740115300209,116.84339990840232,0.5107219242900135,1259
AMG,PFG,0.7238862298652395,0.582578182062484,-1.8949259107954861,0.24955931540710688,123.69631335107084,0.46821597204603554,1259
LNC,TMK,0.7849391909337435,0.5835726624787682,-1.8929610598452764,0.9817864293619687,128.50355166749273,0.5146025580876968,1259
PLD,ARE,0.6745067147905047,0.5844179034270465,-1.8912899987082812,0.7260689608449993,101.8167613578716,0.42019165084446936,1259
AMG,AME,0.613988785141447,0.5853622131567777,-1.889421899561685,0.4428632352826563,121.25639278847764,0.46988572561819375,1259
BEN,PNC,0.6175456196869233,0.5859698286769695,-1.88821920951541,-0.22461873324184148,123.15966417484925,0.42797754754544776,1259
MCHP,TXN,0.7383573715023334,0.5868199976588278,-1.886535539502038,0.8890083217680794,84.23658012276697,0.44057548656341805,1259
L,PNC,0.6604103242751451,0.5870984451713432,-1.8859838791143322,0.17067347099494543,131.2578721424107,0.40133683082066235,1259
AMG,DFS,0.6040927792217156,0.5874764697825955,-1.885234758241452,0.35090296473446536,123.55000733331094,0.47249117867280216,1259
L,JPM,0.6706356253768222,0.5883992123019928,-1.8834053175352474,0.19145501636127965,130.90604928633087,0.3955872266112348,1259
NFX,EOG,0.6860506889438511,0.588735646210901,-1.8827379914224704,0.7701636183145982,108.98380440617763,0.4721688480165459,1259
CB,CINF,0.6989878735081219,0.5887714533473165,-1.882666957219578,0.7731076443156026,116.68531824400608,0.4338216427757284,1259
ANDV,VLO,0.7294539947442197,0.589795645251889,-1.8806343674890067,1.0139885466241847,115.63137906197343,0.534482694748501,1259
C,STI,0.7787514636270157,0.5898008075792934,-1.880624118522443,0.5939366789294922,111.47921146842009,0.46090959356218675,1259
PNC,ZION,0.7877014752358553,0.591437619918757,-1.8773724895361825,0.8504885962206452,127.43068417911509,0.4814873315227976,1259
TMK,BRK.B,0.7057987782012083,0.5919166749611569,-1.8764200557283397,1.1683938490661558,102.88125354517085,0.5465461438793106,1259
HP,CVX,0.6410150677508705,0.5919936726908914,-1.8762669401856642,1.1120532873482543,141.110877699227,0.49700885731659966,1259
AEP,NEE,0.7427068251015778,0.5920295887900964,-1.8761955153524843,0.7405613497307413,58.27236973922678,0.4440099963842676,1259
AMP,MMC,0.6041638979120789,0.592185875452715,-1.8758846918316456,0.6546884183722351,145.18399262153685,0.4686203164281786,1259
AMP,HBAN,0.6781848858217093,0.5935046086838848,-1.8732605040605141,0.9162163046079709,91.53773472685992,0.425308093170406,1259
ETFC,PNC,0.6501766917013244,0.5939842830903906,-1.872305321427198,1.6846303379354906,83.90171339071884,0.44537099740814157,1259
AMP,BEN,0.7429428016117768,0.5948774662010611,-1.8705257599646983,0.20078884035018865,194.84399114705778,0.4675869821064473,1259
LNC,BEN,0.6618966220891669,0.5956046297342442,-1.8690760501202761,0.038690366964857906,175.57625015483262,0.4990582211479914,1259
ETFC,RF,0.6574280384244661,0.5966180115004208,-1.8670543266153392,1.3414802486390596,183.7820000096242,0.47749817010246814,1259
L,RJF,0.60427052579479,0.5989285325962298,-1.8624386140633211,0.1952814131188576,130.98126573123514,0.39808459073509206,1259
PPL,AEE,0.7150434993110185,0.5997779140582972,-1.860739624608231,0.3673558730988321,79.58303186999935,0.46247450048393424,1259
AMP,UNM,0.7439479506745402,0.6000195485143635,-1.8602560739479663,0.8570497219873707,147.38562170516894,0.44762735313729674,1259
PFG,MCO,0.6068599363570871,0.6001766650041315,-1.8599416058987643,0.6497517824514754,100.82628451012015,0.4977028034414863,1259
AME,ROP,0.6539909900698594,0.6005883584828946,-1.8591174085491506,0.5057218562697416,110.22181080338993,0.41601406661767026,1259
RF,JPM,0.7832333581456074,0.6006544848395227,-1.8589849993768413,0.9137694132505054,98.60620575185915,0.4322860611908825,1259
L,MS,0.6550013331104753,0.6022887730276628,-1.855710226351395,0.17363158738540505,135.89445357405253,0.39964298334007087,1259
L,STI,0.6660241215457188,0.604608864010636,-1.8510534466756063,0.17382713346092685,136.3312694019067,0.39849739499938863,1259
ETFC,C,0.6522122325479836,0.6049215492041907,-1.8504251289684104,1.7247595209358788,177.1795139484004,0.4627760891631876,1259
PFG,AFL,0.643862888857936,0.6049498244933765,-1.8503683034756648,1.174908943839094,115.87418640234442,0.536777191889175,1259
PNR,AME,0.6364671063821205,0.6050372470391127,-1.8501925995724184,0.39896291278846935,100.59770099797582,0.459940079575272,1259
NTRS,CMA,0.7438105246228536,0.6054702958762525,-1.8493220508107346,0.6415045379909519,92.0508833373437,0.35437968540954323,1259
SPG,PLD,0.6465749165744109,0.6072605777504251,-1.845719579819062,0.03974567029111813,116.97931948600103,0.44750001402676515,1259
REG,O,0.6248937650625117,0.6078097260020348,-1.8446134212256127,0.8540895721948715,45.16313343816936,0.32446683456794523,1243
BK,ZION,0.7196899945410257,0.6088591162283431,-1.8424981079605853,0.6567576730510292,165.95984900501364,0.445757113542866,1259
PFG,HIG,0.6652183583950652,0.6093162016492342,-1.8415761122124756,0.7715424674716183,138.27386422112275,0.5144194090951739,1259
SO,NEE,0.7058371329939421,0.6102707868723585,-1.839649369418504,0.26720823537233906,88.88848221598427,0.4633863436097091,1259
SO,ED,0.8086476706174935,0.6106807843466318,-1.83882131300686,0.4281998295160468,70.01741745871644,0.4450244605850736,1259
AMG,AMP,0.74579093158293,0.6109858027833334,-1.8382050772709437,0.42066801705773976,123.97009353230591,0.44911184922005515,1259
PPL,DTE,0.7358309407492277,0.6113397417757334,-1.8374897899361309,0.39878074538442077,80.78697766746446,0.45747332894478315,1259
STT,NTRS,0.7697935953084205,0.6163007784393736,-1.827438949049089,0.7095780849461814,119.79151135996406,0.4858250545623365,1259
KEY,ETFC,0.6580596210650643,0.6166281403956804,-1.8267740617770856,0.4446884489504115,101.0363637462087,0.4763113501373881,1259
PRU,HIG,0.6643266062401092,0.6192161985534654,-1.8215101441977395,0.6400740969596798,131.23079548660536,0.5127962604056886,1259
AMG,STT,0.6737007111833244,0.6192452526884571,-1.8214509744354315,0.41315480992401726,131.23319878313242,0.47296450897769154,1259
CVX,COP,0.6932223652155775,0.6194478886342658,-1.8210382520044812,0.36541485163828114,130.0225315147454,0.4529304954291197,1259
PPL,ES,0.7280150872340817,0.6196005560723351,-1.8207272491906097,0.49714603812871233,81.61952064122654,0.4626472856944536,1249
L,BRK.B,0.6969347905046036,0.6228323277767147,-1.8141325761821927,0.16192294648814062,137.3992755189834,0.39830532906537286,1259
GD,NOC,0.6668361341717831,0.6241691525975815,-1.811398365964418,0.726374684363105,130.69548281289613,0.5300976952199324,1259
BK,BAC,0.7415183709540478,0.6252912009535443,-1.8091005320507125,0.6754988671837127,138.53385901328448,0.509046488587517,1259
ESS,ARE,0.6432760453284446,0.6256132929926586,-1.8084404280052668,0.7573850043841215,96.90573317724534,0.4414233000843517,1259
HBAN,RF,0.8171560519691595,0.6256977187806215,-1.808267366886971,0.7650755985395045,134.1015187557418,0.4399610131315579,1259
ALK,LUV,0.651124783222736,0.6260794281010551,-1.807484725421081,0.725105480781536,126.11787085997577,0.5036271149372935,1259
BBT,TROW,0.6061889476157141,0.6261966184422525,-1.8072443803481195,0.6278598498172343,155.73608095663167,0.48614342398731153,1259
PXD,EOG,0.7324408990079351,0.6264786384294272,-1.8066658659562016,0.8404781241587819,73.80502769693408,0.4316633194732207,1259
HBAN,FITB,0.8246713992843375,0.6270659984849247,-1.8054604494457451,0.9575727202227152,126.6273257053614,0.460643660652951,1259
EMR,PH,0.7020902308708684,0.6272974654456773,-1.8049852135812063,0.2972729480857144,135.64096909510008,0.44360495341082873,1259
L,SCHW,0.603779002114978,0.6273418300864402,-1.8048941131416463,0.09974240384136193,137.96186880140897,0.39392721623311366,1259
L,BLK,0.6555400424649007,0.6279880927936365,-1.8035665612147807,0.17696463324751058,143.06337340071735,0.3989198267089921,1259
HON,AME,0.6421730318655406,0.6283327702519952,-1.8028581523893952,1.1241744537543814,143.16323085469432,0.4428834043215272,1259
BEN,RJF,0.6616606652208814,0.6284149465104862,-1.8026892187126462,-0.16256145436725952,132.31412524022952,0.42968223123288013,1259
STI,RF,0.8553914658609475,0.6291081451657423,-1.801263586166945,0.904423825542746,150.16825477518353,0.39940494273202254,1259
BK,CMA,0.7466042420430357,0.6294066243804706,-1.8006494072800658,0.628304504376541,154.05354785660495,0.4412055408187513,1259
BK,KEY,0.7603147067489502,0.6300568047816371,-1.7993108512308362,0.8288352191383168,136.44389624553628,0.4920616339687109,1259
NFX,CXO,0.6935875719504148,0.631889654290652,-1.7955323916622106,0.9059297936351944,101.8500945488393,0.4134027309153618,1259
PNW,NEE,0.73191327706437,0.6322505244812411,-1.7947875568418188,0.7968331471618564,120.84028752313168,0.4818107950211822,1259
L,AME,0.6074915678930642,0.6324458844321481,-1.794384211101041,0.24618217325498412,142.99680494810963,0.4307338584962188,1259
EMR,AME,0.6581137978101274,0.6326161318038404,-1.7940326426211521,0.28045112904580327,150.75623838306433,0.479280303956084,1259
C,TROW,0.6607405824802816,0.6339322351039649,-1.7913125906877203,0.9069712310296855,138.7943171416639,0.5140562722485887,1259
ESS,PSA,0.6079283374057267,0.6343164975137005,-1.7905176653896822,0.8928970419659742,160.73637674728215,0.4789982105747066,1259
L,GS,0.6333761724839485,0.636764439837196,-1.7854455119911514,0.24681180356627644,143.1313761941931,0.401207597589257,1259
AVB,FRT,0.6380171515943406,0.6370961683551211,-1.78475708254177,0.9056299488755551,131.4779172039238,0.4588274207229297,1259
AON,AJG,0.6436424763475638,0.6380259986807942,-1.7828260278007413,1.470888920300938,160.84526409753792,0.45889357299527905,1259
L,USB,0.661045595009063,0.6384371769083068,-1.7819714404228986,0.25774764530156574,145.19653548915474,0.4070436956274877,1259
STT,ETFC,0.605986147397655,0.6389436207367992,-1.7809182949900821,0.29592193131115235,109.46245549305534,0.45246525953450994,1259
PSA,MAA,0.6203073665170313,0.6399846553454391,-1.7787515224719588,0.758609942368548,126.68628574546196,0.4138007752354596,1259
L,MMC,0.6157530649602112,0.640300724020642,-1.77809314612216,0.0915433348260798,135.54182232501086,0.39469593162777067,1259
AMP,PBCT,0.6378705603433487,0.6454039618972123,-1.7674286839059927,1.3070871278713783,159.456950542917,0.49735858347663886,1259
L,HBAN,0.6221899522792464,0.6455900163217788,-1.767038635416586,0.14609666492626555,144.11319574341985,0.39248177604429424,1259
TXN,AMAT,0.6029883805386449,0.6463066146951906,-1.7655355119323661,0.6942378770530965,100.45633791605272,0.4244285935237781,1259
L,NTRS,0.6255732546769596,0.6465041329659523,-1.7651209684677018,0.17163345980349934,143.87518774685358,0.4005452403333755,1259
DOV,ROK,0.6171526900556116,0.6477917932892867,-1.7624159964596358,0.3618646802694121,133.7675589433001,0.4256289468118231,1259
EMR,ROK,0.6687979368335408,0.6478897206526534,-1.7622101047450291,0.2305033464406838,138.7143709783419,0.4434663125630029,1259
UDR,REG,0.6799192157745816,0.6505885033391443,-1.7565259686014871,0.9848654663526779,133.7540302881852,0.46933335954728966,1259
EMR,ITW,0.6830922057911587,0.6520565824120383,-1.7534257465432526,0.05183556479280726,140.39456695255723,0.4531534583524186,1259
ETFC,FITB,0.6624936327765925,0.6553706569371296,-1.7464055836927554,1.7095704107575602,150.72789972619918,0.4506903367284823,1259
HP,HES,0.6936308268848687,0.6564104615600428,-1.7441966870943688,0.7417516452864708,94.49385547648761,0.48324729131842453,1259
HIG,LNC,0.666495536251635,0.6570004899631157,-1.7429419114727682,0.6827258958517428,163.22018756232956,0.5199346587410247,1259
L,CB,0.6508611349279155,0.6572232322256784,-1.742467963145965,0.15202153261834478,142.42524461613104,0.4022362070464058,1259
PEG,CNP,0.6251138283356792,0.6575435552583373,-1.7417861362249512,0.24464997789136628,163.558034521537,0.45106696242564714,1259
GD,RTN,0.6250493700815669,0.6578257126219101,-1.7411853048922319,0.9411766545042275,118.12655859510444,0.5233375495341781,1259
MS,JPM,0.8000369470039546,0.6611125023308249,-1.734169438177364,0.9608591982013376,141.44505812465363,0.474255954702186,1259
EMR,HON,0.6285053113901632,0.6613607717954046,-1.733638211313104,0.02925727648676675,141.48780836616424,0.4537834826436721,1259
AMP,TMK,0.7303615903685531,0.6625590504655826,-1.7310716698843793,0.7451516454558238,165.71136379262754,0.467994538272349,1259
USB,TROW,0.6190741706553754,0.6631444077417167,-1.729816366143128,0.5034398389526372,192.94498477529584,0.45808073453909065,1259
TMK,CINF,0.6641099732759524,0.6644938135412986,-1.72691863695037,0.9230795001074817,197.71497875889074,0.575352728922335,1259
PFG,BLK,0.7278492309390128,0.6650862080212632,-1.7256447840085032,0.9589746980872779,131.72871332042197,0.5612914908559459,1259
EIX,PCG,0.6232712926010001,0.6655845734749447,-1.7245722986905276,1.011612502895899,85.92909914007588,0.41110209873703657,1259
BK,C,0.7621236579049189,0.6666514099761681,-1.7222739032986818,0.9229452292705663,177.85981450499924,0.40964275843038694,1259
BEN,UNM,0.6481939437542251,0.6673579505458399,-1.7207497990682306,-0.1400732029728298,143.37655909320253,0.4300311456917598,1259
CVX,OXY,0.6892107713643493,0.6686384713327203,-1.717983584610866,0.4694216190046469,161.90886715419265,0.4756444327864415,1259
PNC,RF,0.8173144578983083,0.6691285857156131,-1.7169234676009892,0.887902153465803,124.50275176231231,0.43547859207619916,1259
CVX,APC,0.6116225209476297,0.6694835670015011,-1.716155170663822,0.23282747740410875,138.92242511152725,0.47010357060661423,1259
MMC,CINF,0.6560459311362522,0.669803287389079,-1.7154628489290416,1.0384641390043141,170.34485365355576,0.5171798142835845,1259
L,BK,0.6333935382059267,0.6722524515947482,-1.7101486167127422,0.1029490990628414,145.8525564041389,0.39694042191939,1259
AMG,TROW,0.706960555248819,0.6729252779803587,-1.7086853240639686,0.9308679202001178,147.63380948722155,0.4941723360998309,1259
FLS,PH,0.6267081539404128,0.6730577897655559,-1.7083969580238234,-0.22916972262601626,155.01058451932622,0.42873786838530425,1259
BK,TROW,0.6623328646641568,0.6741979920681573,-1.7059133293733946,0.6429103482311876,252.62486927949135,0.4687531279709343,1259
L,TRV,0.6043750800970312,0.6756595700981767,-1.702723401725067,0.05772747427585241,141.5985597842775,0.3971730602994234,1259
LRCX,AMAT,0.7572401472326019,0.6761281871710456,-1.7016991303395317,1.014647441252472,134.7108264746607,0.48910633802662346,1259
DOV,PH,0.6575426947351465,0.6761506277433476,-1.7016500628364457,0.43330267891016544,129.68532607006748,0.4408506664379229,1259
USB,RF,0.7846892089645554,0.6782167809000833,-1.6971250415006522,0.5584421925131984,108.97722464151738,0.3791054574342294,1259
L,CINF,0.6513834569015017,0.6789054032798231,-1.6956136895646166,0.10153858726489022,144.4890450005862,0.40321455857890764,1259
SPG,KIM,0.7401377771701139,0.6803868409867881,-1.6923567848185075,0.617330911803887,69.48472354891817,0.3865734424643603,1259
AAL,ALK,0.6257001912381857,0.68254453550316,-1.6875994866020918,0.8265019374470285,162.98436349771268,0.4751493538566578,1259
REG,MAA,0.6495155262377919,0.6832903507883847,-1.6859512940818646,0.6718115236782161,134.97590621230108,0.4725275473476069,1259
SO,PEG,0.6971083760228777,0.6836222749048169,-1.6852171322130947,0.43199198922657084,105.95082781704458,0.4790226141990269,1259
EIX,ED,0.6679762976454865,0.6842028507551636,-1.6839320471084234,1.0740373530792386,122.00133141177636,0.4603073666340381,1259
COP,HES,0.7319560764034704,0.6855833014256247,-1.6808715989996368,0.8004830236947252,103.82853903379522,0.4076983128737141,1259
L,TROW,0.6242804047339215,0.687160649711525,-1.6773661575014496,0.43113040738038205,155.91834063874373,0.4309305025720192,1259
BK,FITB,0.7414142211556537,0.6877308049517639,-1.676096819131108,0.8527221306832885,167.7208134464016,0.4916119713666665,1259
EOG,SLB,0.6873832692948837,0.6881870743379327,-1.675080159690801,0.4814058396582273,120.59225003412273,0.41866022844949974,1259
CMI,ITW,0.6138153572396086,0.6890679959446052,-1.6731151013677779,0.3645871924794924,153.54396996874496,0.4870937635895566,1259
ITW,ROK,0.6688480777896985,0.6892524544032664,-1.6727032659684498,1.1145211197077276,107.81062292901163,0.5040404094675371,1259
AIV,PSA,0.6342270799249342,0.690941169112149,-1.6689269686297623,0.8737525108896913,146.5618842769196,0.4784409249543966,1259
APA,MRO,0.6536059348116642,0.6936434780465047,-1.6628614637761898,0.5586955805787036,91.00773344553541,0.4773917302728882,1259
BEN,BBT,0.6128990729085119,0.6945605800889993,-1.6607965478929994,-0.13031005286706213,152.8955205426879,0.42665352399296597,1259
CVX,DVN,0.6348318624083822,0.699266995864058,-1.6501473062496885,0.24470854449034543,142.6568845776939,0.4606724619064958,1259
SPG,ARE,0.6000251694229141,0.7028853680758782,-1.6418987129906333,0.15169312182735428,132.12550554458258,0.44713448928231614,1259
LUK,C,0.6058755218833815,0.705192268157895,-1.6366111442931772,0.4727372502380639,206.0473913972909,0.4894447865941001,1259
SPG,DRE,0.6469577927440383,0.7055040796979293,-1.6358947084979079,0.16801603101621504,134.3351295964579,0.4443200699016448,1259
DRE,PLD,0.784836797316796,0.705704577381999,-1.6354338126699055,1.143558802324201,134.6451430715287,0.40763369299191204,1259
HIG,AMP,0.617650230251215,0.7059942399235268,-1.6347676421099813,0.7365818767762454,184.39559004375258,0.465545050876674,1259
MS,TROW,0.6693108861738745,0.706584237220445,-1.6334096340119153,1.1497990671328986,236.05516232380447,0.569381806215314,1259
BEN,BAC,0.6326846026987977,0.7070783436878373,-1.6322711761936166,-0.07349656075720275,158.18464399667843,0.4299890727919382,1259
TROW,BAC,0.6246434927263612,0.7078674473039137,-1.6304508119069743,0.2195975960778016,124.98052243970966,0.47968342706997685,1259
AVB,DRE,0.6351823197504827,0.7166552346314006,-1.6099892570488044,0.5945262446036721,113.46517021470842,0.44405195028198513,1259
BK,RF,0.762694346473631,0.7181764551086992,-1.6064108287504308,0.6825821200885228,197.67066734838198,0.49838324881921253,1259
PLD,KIM,0.6336779614731053,0.719879654129115,-1.6023911270869289,-0.2848716868696584,171.60163592891482,0.43698732654643074,1259
PPL,NEE,0.6722274592993884,0.7220287315460447,-1.5972989037543914,0.3108415693939998,93.36069769078986,0.4656897741517168,1259
STT,BK,0.8047413190625299,0.7240695917453704,-1.5924418654263925,0.6482997857418716,162.42852381096773,0.4686272096091044,1259
LUK,MS,0.6160373957608821,0.7267692845572613,-1.5859844450993759,0.16566934177650502,204.28313255231333,0.4860621663353792,1259
SWKS,ADI,0.6060815398623702,0.7269735120306803,-1.5854944269116902,2.054662506737892,201.46553852484382,0.4510186136046011,1259
BEN,GS,0.668071456937913,0.7293721055443397,-1.5797230016767685,-0.06275429207872546,165.8273215246811,0.431548827390624,1259
CVX,NBL,0.632424387089126,0.7307503009427777,-1.5763930770049654,0.21634607549937185,144.4137930849235,0.4509738108645637,1259
ESS,PLD,0.6573230338091357,0.7327785478168843,-1.5714739630399823,0.7474241764945739,226.610238666384,0.463304391337946,1259
BEN,RF,0.6048826526452058,0.7329823404617442,-1.5709784684483281,-0.04496300558474191,168.262455801049,0.42984363994738156,1259
GGP,KIM,0.6508970784866571,0.738536418016216,-1.557385563715891,0.7090883951049888,108.21722321411008,0.425259384061977,1259
UDR,PLD,0.6862796488261109,0.7390910232513757,-1.5560186394832536,0.7328412667942313,215.45631729327192,0.45485203911667105,1259
AEP,CNP,0.6406900795397167,0.7412783851804492,-1.5506100755351524,0.40182981090259096,270.4686495090859,0.47571715084231136,1259
MMC,AJG,0.7036963135906794,0.7413559164736001,-1.5504178540777827,1.426576860776458,212.75513125144033,0.44448852193969146,1259
AME,ITW,0.6723727393037503,0.7417521970033106,-1.549434811027248,0.39758542508012834,144.10740259743298,0.4619104345436208,1259
HP,APA,0.6473055287547347,0.7431489173084512,-1.5459625670191859,0.6401907234538403,82.67154874306559,0.477214540269746,1259
EQR,PLD,0.6088804133922158,0.7431630034999023,-1.54592748944807,0.10288328935079435,175.12288249238577,0.45042792181937913,1259
MAC,KIM,0.6612027013166994,0.7435680892984954,-1.544918231156283,0.8117464940546973,132.355265318515,0.45054280918675665,1259
LUK,JPM,0.6041441655573656,0.7449883053528228,-1.5413719834240607,0.022758393935780614,195.31968528402797,0.48999932741444097,1259
LUK,GS,0.6051173823318361,0.7474211743017305,-1.535268499659025,0.24076349887017595,214.58523312959656,0.48392421749482395,1259
BEN,FITB,0.60207295620488,0.7491930184197402,-1.5308001932557076,-0.030425054071255817,175.06855690896617,0.430191006807153,1259
BEN,KEY,0.6035475869665271,0.7492320984586319,-1.530701416654244,-0.030040978029767955,174.90816024496073,0.43130699251992166,1259
LUK,RJF,0.6129964030492773,0.7492416276467151,-1.5306773297238485,0.08987362730917577,204.31922809691227,0.48999882634502157,1259
O,FRT,0.6395471671240385,0.7505048184559266,-1.527479246982057,0.9625724383340172,106.54122835571211,0.3962743402316573,1243
CVX,SLB,0.6598607901816024,0.7512811492121634,-1.5255087024560643,0.38085645147452324,175.67749206401547,0.47547631165181736,1259
TROW,PNC,0.6248614308088702,0.7539141599586241,-1.5187962259278045,0.21112130806398674,135.64439995851188,0.4666736976081553,1259
AVGO,MCHP,0.6081422196080923,0.7553138296736437,-1.5152093628866175,1.9770926792429813,229.86426743326706,0.4521623379796884,1259
BEN,AME,0.6133613836249271,0.7579314248805,-1.5084659902041304,-0.02116296401950207,179.15447748121485,0.43005379611776623,1259
CVX,APA,0.6297399943037165,0.7598290708782833,-1.5035479522625756,0.3011774336992201,142.3522497478806,0.4237872786127358,1259
PEG,EIX,0.6257654829185173,0.7600983623449682,-1.5028480115825589,0.6384867513776613,77.61319067501097,0.4548714935749251,1259
HAL,SLB,0.7621711057805125,0.7603319638025736,-1.5022404241901979,1.0063700244365839,150.91226312698132,0.4717701648685085,1259
FISV,ITW,0.6073929666858838,0.7604470549469944,-1.5019409360452223,1.255991325649291,239.0934523634655,0.48570041579669304,1259
NTRS,TROW,0.6451526572608957,0.7631146935166284,-1.4949729214057312,0.6409734673307201,261.30183937138787,0.4786406656227004,1259
BEN,MS,0.6860352514666755,0.765373040748069,-1.4890338984407365,-0.00471606570531376,182.74096263024148,0.43088796367970605,1259
AIV,PLD,0.6656930535139851,0.7674761527359297,-1.4834693024464904,0.7727556926775404,193.32923996355692,0.43770711039533905,1259
COP,NBL,0.6734352246351738,0.7696988429676825,-1.477552116690431,0.5669830073837349,113.44377341456496,0.4651743050133267,1259
CVX,HES,0.6588135851038408,0.7723565803351236,-1.4704268110552807,0.26379335235548335,170.38553036628994,0.4562517338076162,1259
EIX,ES,0.7179887655262649,0.7736349348694991,-1.4669798168959811,1.2269169740250123,79.70941530175266,0.4281221984774676,1249
CINF,TRV,0.6991113784926629,0.7739469265835115,-1.4661365764062277,1.1132385276046415,166.9291712872009,0.4863593418482928,1259
REG,VNO,0.6004679312965346,0.7741443013727785,-1.4656027157656097,0.28173229935571975,239.5250514739199,0.46992465982750825,1259
TROW,JPM,0.6501962704808976,0.7789446960013184,-1.4525207419151724,0.19031518370323264,144.09987305910312,0.4674336408682429,1259
MAC,REG,0.6455296370978565,0.7814875335963937,-1.4455129549551995,0.6310365853067667,144.63075661303125,0.42218769284231694,1259
SWKS,AVGO,0.6849611761126725,0.7886249202566813,-1.4255397509633532,0.7854800960203407,170.4114149209838,0.4731829008159865,1259
EIX,PNW,0.6986519867484202,0.7928731385647398,-1.413428856888433,0.9491837763972489,112.23233455397836,0.4198128058499334,1259
FLR,JEC,0.6382922803237812,0.7953647718382817,-1.4062445447011083,0.5202102144463556,171.7009665143205,0.4603002030417677,1259
EIX,WEC,0.7097963112438496,0.7962936872521099,-1.4035503666510956,1.0287815511961969,101.62508048481648,0.4479469547045169,1259
ABC,MCK,0.6479390464531793,0.7966875886705402,-1.402405294701013,0.7923308322013355,218.48180921915528,0.5086503862537364,1259
CAH,ABC,0.6437949483658923,0.7989218354402858,-1.3958804255506816,0.811577741282666,120.75833973283723,0.4634336033416988,1259
ES,CNP,0.650240203435184,0.799093734261566,-1.3953762860641334,0.36364203928947564,241.61646235562966,0.4581988172230097,1249
BEN,LUK,0.6090677246866104,0.8011461565914604,-1.3893331376357279,0.6899950924196804,147.89379060768007,0.4489495440436632,1259
PPL,PEG,0.6840697692410816,0.8056148185308116,-1.3760195017687988,0.48352077530437537,123.32081382170065,0.4987346835767353,1259
AVB,ARE,0.6387158732631262,0.8063146207433829,-1.373914662334816,0.6005794052633922,132.12853902267136,0.46496605085843623,1259
TROW,RJF,0.6546956692081494,0.8082709898107945,-1.368001023304095,0.209832637658658,154.4197260954303,0.4738226841090595,1259
ITW,TROW,0.6089559950833426,0.8090634433302104,-1.3655931647050648,0.8090973196142188,481.0172080571885,0.4731781061933906,1259
WEC,CNP,0.6394110012515076,0.8092121653018662,-1.3651404657871593,0.4163029294790072,325.3780996938203,0.4952150226881166,1259
APA,COP,0.6718272309663494,0.8099039680713989,-1.3630312853450777,1.0415973601519908,168.90150072009473,0.47034771596027447,1259
MAA,PLD,0.6220044344895346,0.8101938297271623,-1.3621458875575188,0.8759772445080818,187.43325419178367,0.4634594581699794,1259
ETN,FLS,0.6123402477913378,0.8105344255980464,-1.3611042585776596,0.18640485830025508,117.5505995508673,0.4322499283251122,1259
DTE,CNP,0.6801620318174628,0.8118684247306273,-1.3570113344363743,0.5784654479369268,352.7271557151858,0.44253758632032714,1259
L,BEN,0.6243403547415232,0.8127503433334928,-1.3542937929104621,0.1826160423012156,191.2320749262778,0.38942397730345796,1259
BEN,C,0.6737441961480197,0.8130589495602439,-1.3533406387894893,0.07487361004966211,211.909037929177,0.43442098368980075,1259
EIX,DTE,0.7159591557360737,0.817228218692875,-1.3403485906947525,1.0140571893824157,125.76075914587643,0.41446278169478096,1259
GS,TROW,0.6402599263023575,0.8183794686941847,-1.3367225880862668,0.7150250625533244,237.4736425772692,0.5702988409011814,1259
CNP,NEE,0.6319530677604134,0.8196337588092034,-1.3327525720317142,0.32161760562458175,210.36414015625604,0.4789212868986227,1259
CMS,CNP,0.6693411836043753,0.8232831487600398,-1.3210833929968346,0.5013590661039178,457.43030115737866,0.4838342486728202,1259
STI,TROW,0.613563575482189,0.8243117217712259,-1.3177618876325232,0.7778944544758741,316.5773733881535,0.4814012906682383,1259
CMS,NEE,0.7865547942005561,0.8270040019058127,-1.308998027298677,0.9740028346973219,129.7563385763135,0.44553832052445325,1259
FRT,ESS,0.6285684271106434,0.8297545768251865,-1.2999372202859503,0.5751327877288652,222.7835506963219,0.467873032412388,1259
AVGO,TXN,0.609104987155653,0.8309915533327485,-1.2958261355323266,2.043634096996576,185.20433408444063,0.49581080215543233,1259
OKE,KMI,0.6143313490960228,0.8315324869512832,-1.2940211339945322,0.26560820141671465,222.57212053465116,0.5262225421826928,1259
DOV,ITW,0.6353268389302719,0.8319193945943046,-1.292727374020917,0.13711684613984937,152.46310845119592,0.4358508939619351,1259
XOM,CVX,0.7739944431273437,0.835323147082474,-1.2812463119579487,0.4710190303189765,109.96890376096312,0.40508789356229236,1259
KSS,M,0.6512126083531029,0.8372594418642435,-1.274633419109522,0.37705892377583544,133.12779726155958,0.4863141386218626,1259
CNP,XEL,0.6568775386143979,0.8374654204012829,-1.2739263867149917,0.3153383031871677,230.3314442363516,0.47843667031667314,1259
CNP,AEE,0.666659436840959,0.839083150311291,-1.2683491931364528,0.3800591003944013,230.40590739214724,0.4878107797954768,1259
CNP,PNW,0.642513712770638,0.8442774968971065,-1.2501414814051341,0.3934626229296386,228.6802693888704,0.4809758137249325,1259
HAL,HES,0.678596034701571,0.8444032440800237,-1.2496948521483928,0.4634269970182228,142.94856054932438,0.5082419101328011,1259
BEN,STT,0.6845491430565169,0.8460479405110197,-1.243826952285698,0.1416097718955656,239.49675839439448,0.436127742049857,1259
AIV,FRT,0.6281698183724495,0.8515315340732458,-1.223898230298218,1.0261369144172838,201.2979140176184,0.3918184196037453,1259
CINF,ALL,0.6157350246791552,0.852677048259549,-1.2196615674200562,0.7555295270346429,274.99525313454154,0.5383262232910303,1259
PSA,PLD,0.6031486965960773,0.8528124590953822,-1.2191590182540026,0.45901087498794546,360.20304890525745,0.5123458381548937,1259
REG,DRE,0.7104722641157838,0.8544457264168608,-1.213068191383437,0.5439591155677657,234.03923824462822,0.450553532143822,1259
EMR,BEN,0.6022614949021148,0.8649637193452664,-1.1724670512032649,0.4946823866002499,173.6900167003257,0.43905464297609714,1259
EIX,XEL,0.7158384414873501,0.8708339347440237,-1.1486715458587822,0.9161687007146695,119.05607358880016,0.4312321930244637,1259
EQR,MAA,0.6603532899340031,0.8793836251200959,-1.112354928694525,0.30115461225561746,199.8842405471728,0.4651121849538783,1259
FRT,UDR,0.648534529938816,0.8795562816121333,-1.1115995697919232,0.6282108172790823,208.68442988482494,0.45510204818677646,1259
EQR,DRE,0.6125826210143517,0.8811342836756938,-1.1046532233256214,0.2232833092513314,201.44191231068083,0.45190126881361514,1259
CINF,BRK.B,0.6766132913140132,0.8828483409597825,-1.0970189346805095,0.9211537171783305,327.0367219668326,0.5589869033986136,1259
DRE,KIM,0.6308188383956764,0.8946344596091809,-1.041769941399681,0.08662938500815853,431.0556022434669,0.4627269529259908,1259
AVB,PLD,0.6516178549081484,0.8950395831495492,-1.03977759956604,0.5694463481940886,266.5330852671876,0.4951267737961742,1259
EIX,CMS,0.7103264813888128,0.8955111259268352,-1.0374501552663955,0.8338425720025013,88.44635191321193,0.4319795651672809,1259
FRT,MAA,0.6146488820456121,0.897855054733909,-1.0257429295220113,0.5264731352189613,228.84314380170002,0.4513578487343231,1259
EQR,ESS,0.7568380775845008,0.8996179637358152,-1.016781481291328,0.49419890179995285,215.35964750612976,0.42861218950024604,1259
REG,ARE,0.6660304554151325,0.9063907118849724,-0.9810063245494752,0.5164618863962412,272.169967189468,0.48652987628329464,1259
EQR,AVB,0.8198687775912725,0.9119846249304349,-0.9496693833166817,0.6139270335956198,233.2439073081908,0.4698451920464017,1259
ARE,KIM,0.6012960616577567,0.9121545025243145,-0.9486899192871577,-0.019946181816466055,571.5616524558596,0.46503324752394387,1259
EQR,AIV,0.7242543039759131,0.9150553644769281,-0.9316934418299329,0.426399845670144,233.4769575270905,0.47859074807905716,1259
REG,PLD,0.6929130055425947,0.916625331237614,-0.9222730327297636,0.4694079470128338,370.1951479720707,0.4856722447020538,1259
EMR,FLS,0.6447655429154492,0.9243195715027666,-0.8736038604702139,0.34753930198515104,261.5158105776834,0.4596178120379224,1259
FRT,PLD,0.6869559263120615,0.9293215037365337,-0.8394287062284251,0.29490501200743496,405.5868264290179,0.46258230167362074,1259
BWA,F,0.6023446575870061,0.942043553414603,-0.7408701458183258,0.9598918322868853,438.1612245352334,0.48196687351679623,1259
FRT,DRE,0.6746924916632447,0.9456891390588527,-0.7087230054804624,0.4147484115013839,409.2842863733722,0.42895630277623004,1259
EQR,UDR,0.7797322648862667,0.9457220646569725,-0.7084230557416711,0.48966871612443363,255.11281331977108,0.45356783990998745,1259
FRT,KIM,0.8041305734648226,0.945869052370434,-0.707081804056811,0.6434806064092637,346.2869749210264,0.371488337661085,1259
PSA,EXR,0.8091217375822415,0.9501714992540556,-0.666124123139072,0.5695555726484142,144.90055567499016,0.45930018915493626,1259
EIX,NEE,0.6369406524433411,0.9527948302568292,-0.6393676232939778,0.8038855040149949,542.05975081576,0.49227509762242455,1259
FRT,ARE,0.6754292471442032,0.9607197134224725,-0.548175233477827,0.399235470487526,534.8143209674763,0.46835523502128595,1259
AEE,EIX,0.7042926528332609,0.9623740234482514,-0.5267202564896281,0.9384805413990074,164.21269426080065,0.42656174193207835,1259
REG,KIM,0.8128127385592143,0.9670932148499967,-0.45949753282447897,0.6067530302572663,696.1929735163358,0.4279146575730057,1259
DOV,FLS,0.6338024372529535,0.9729466861752155,-0.35970567569611217,0.29891297199804095,322.2052106905847,0.44116063347577433,1259
TROW,BEN,0.7542897960212233,0.9756497947688586,-0.30501963349456274,0.2771547640240086,inf,0.4932107636032985,1259
AEP,PCG,0.6317171676440961,0.9883362519934996,0.12029881969694421,0.7965059556621142,inf,0.49548658931021994,1259
PNW,PCG,0.6305314921909081,0.9902754859666683,0.24895432423393948,0.9102440780697467,inf,0.45457663658329384,1259
ES,SCG,0.6119523592879883,0.9911522525597257,0.32379603061309614,0.4387505637167523,2036.8292652303373,0.47302545031968823,1249
PCG,ED,0.6161927400526788,0.9917845883121271,0.3882918383018866,0.9161932747283836,inf,0.5186187702084989,1259
XEL,SCG,0.6136745506099802,0.9924118196093201,0.4655905476360229,0.5829469942465283,inf,0.5258990937605528,1259
WEC,SCG,0.6126377454192865,0.9927164082799206,0.5102690767056274,0.566349678971227,inf,0.5266092042093841,1259
ES,PCG,0.6266908161612957,0.9930266620785698,0.5630431211790522,0.7033715001453098,inf,0.47414124174843036,1249
PCG,AEE,0.6070931766729988,0.9931474066781446,0.586301243126627,0.7445643228585934,inf,0.5215529102249522,1259
PNW,SCG,0.6030833789028734,0.9932112816278944,0.5993988851486215,0.5727243500607397,inf,0.49569762102908627,1259
DTE,SCG,0.6159071211789242,0.9932142959996025,0.6000321567836931,0.5074375402318408,inf,0.47156943736929846,1259
PCG,XEL,0.6566898956830968,0.9934224485406993,0.647782659013919,0.7639721537684485,inf,0.503296256408597,1259
PCG,WEC,0.6432870575287971,0.9938863713576351,0.8225800064394275,0.8496810267815674,inf,0.5261084871224434,1259
PCG,CMS,0.650823818765884,0.99391076848687,0.8419820712789033,0.7052881885193213,inf,0.4978388910737753,1259
SCG,CMS,0.6073883165130382,0.9939159502379222,0.8467403545207295,0.45848975239231243,inf,0.5322716049782915,1259
PCG,DTE,0.6266361536250818,0.9939331119581235,0.8652511261344333,0.8264665959401382,inf,0.5038833760217134,1259
