Date,PMCC,PMCC_budget,CoveredCall,BuyHold,LeapsOnly
2000-07-25,100000.0,100000.0,100000.0,100000.0,100000.0
2000-07-26,100596.54212335998,101215.823310533,100764.7255658443,100985.13131611861,100796.69030273179
2000-07-27,100671.31631132915,101358.37333117117,100859.86106163902,100985.13404703754,100775.86558779865
2000-07-28,100935.16709641826,101909.31332629888,101165.76386577176,101484.54884755495,101248.73400802106
2000-07-31,101760.80122034303,103733.75871630329,102133.80922988882,102784.76902073332,102350.0140810794
2000-08-01,101839.28188450962,103896.6378366224,102187.59050636155,102780.95735745414,102369.25420501792
2000-08-02,102382.06406909882,105090.0856213139,102836.54755575811,103608.45932254192,103070.2036407791
2000-08-03,101893.65485810784,103942.89649673774,102069.70432945812,102359.68748825337,102140.531443243
2000-08-04,102411.5978748836,105084.50233904443,102764.35555885875,103291.89240949124,102907.07452898762
2000-08-07,103081.92168099654,106477.90306695679,103554.59201224541,104264.31267285123,103719.88860075221
2000-08-08,103494.9032661347,107398.1234187115,104104.51300622582,104966.90016232266,104267.34452734656
2000-08-09,103601.97506531278,107613.59998852544,104247.08662381205,104966.89562004713,104231.19323905354
2000-08-10,103345.22490990767,106949.91642023888,103780.10682430169,104036.40349983422,103539.74851597927
2000-08-11,103417.85910580603,107151.06225425945,103929.09275868496,104247.63656777212,103697.373471725
2000-08-14,103786.58591122729,107982.53619636658,104404.16652268622,104454.45046742205,103793.05580197737
2000-08-15,103926.95809223977,108229.45542578243,104660.7269539624,104890.91127188825,104136.01973347002
2000-08-16,104517.89663850615,109546.155025964,105430.54758715942,105721.21915882711,104750.6368650952
2000-08-17,103892.89840370294,108180.3469755861,104779.08797159375,105117.36189127788,104202.93429870879
2000-08-18,103330.02508941303,106897.60717009344,104054.80339492905,105123.88590855821,104364.81043697214
2000-08-21,103504.55458828347,107155.24377806987,104275.31213320578,105122.55596312994,104337.73538458747
2000-08-22,103959.34693974884,107955.73448090226,104872.01912195944,106245.90701202978,105316.68110845602
2000-08-23,104419.20419288652,108897.3099252453,105465.852617567,107237.65577640831,106168.16119985213
2000-08-24,103738.08759514418,107458.84525431466,104508.59590138884,105690.782456304,104907.3413747653
2000-08-25,104690.14695756882,109495.47157469018,105767.1728533353,107760.2350130583,106668.39061714707
2000-08-28,104739.68073376425,109497.78353764745,105802.62737500384,107454.40384808986,106383.61657275252
2000-08-29,104898.36509710409,109803.09314509915,105930.22063680188,107540.56424630061,106480.87189636503
2000-08-30,104518.61306959677,108877.99159015114,105300.16422344084,106666.54097044161,105871.29438478245
2000-08-31,103540.31494715548,106792.42633570805,103923.75463739921,105032.9458215703,104667.7152582966
2000-09-01,104559.93813188524,108980.9323095037,105129.53619173833,106909.3286686002,106343.30856904281
2000-09-04,104937.7252017894,109679.39578712957,105580.57449554517,107288.67817483054,106626.51057274341
2000-09-05,105548.34334501038,111066.86348429395,106122.79637718263,108091.29197457357,107469.25626248318
2000-09-06,105707.2991395805,111325.89424910628,105888.40013829757,107442.9320060376,107200.07310782849
2000-09-07,106041.32201236674,112050.22749220488,105995.34117875724,107296.02098352136,107267.76040079839
2000-09-08,105050.05549988028,109766.4160332386,104281.29343424218,104808.90581822439,105508.02509506058
2000-09-11,105594.111404904,110905.51493569718,104649.01821412884,104879.38949347509,105728.37594741822
2000-09-12,106297.4042080113,112470.35710533781,105388.19459975061,105605.64416742254,106411.45639569225
2000-09-13,106245.77322333524,112306.61309419494,105095.68008903631,104960.86036104748,106017.90888076671
2000-09-14,106567.58322324108,112878.39352542537,105312.1374948237,105436.35318262661,106613.0262528763
2000-09-15,106431.60804312486,112437.50706191224,104872.16692444963,105462.16646514443,106892.21500339452
2000-09-18,106336.19493056739,112138.24883404006,104483.95406723101,104779.53971520042,106506.08072235073
2000-09-19,106495.21219738132,112538.21875980766,104493.28434787452,105060.28698778052,106919.54442777383
2000-09-20,105649.13813570997,110720.9764618211,103092.38818887714,103242.27832434347,105656.05148244352
2000-09-21,104533.01557666283,108225.29138098867,101176.10999718611,100879.8782387704,104115.9574980305
2000-09-22,105351.54368681037,109921.82269086129,102043.81901209528,102248.077355308,105460.54131037617
2000-09-25,105673.66287546529,110671.83969590337,102168.87149378959,102218.86145648727,105630.09423270631
2000-09-26,106052.23145094751,111557.92840026745,102472.19112548165,102530.26789894782,106020.42381235337
2000-09-27,106448.06445645669,112378.65735041696,102982.42817438554,103031.60084311203,106414.1334075304
2000-09-28,106357.02510892886,112187.95662695002,103025.58191255674,103006.55113097033,106257.18078389103
2000-09-29,106484.79008529303,112350.88587327136,103301.35920030993,103377.73613567754,106473.95705361855
2000-10-02,107424.37317525006,114388.50569608998,104610.16544872051,104531.10907963128,107251.30255558096
2000-10-03,107326.28153577542,114040.8578715891,104498.80816178155,104255.72001104959,106982.09243376224
2000-10-04,106813.87232591746,112857.34508597005,103830.18475622419,103524.58851594961,106430.32480636361
2000-10-05,107015.29616085836,113407.42535325332,104064.80885843807,103449.95740425785,106319.34654899505
2000-10-06,106757.20012341873,113029.2028875391,103832.60977371654,103094.94384271702,105953.37967201631
2000-10-09,106230.94356887421,111410.03104047842,102897.58040694719,101973.80994875122,105250.31584094545
2000-10-10,107249.34866734126,113566.51573890277,104107.81454247239,103151.74136463761,106202.40029878223
2000-10-11,106605.74866792622,111857.46765960893,103061.4266188839,102039.0375576586,105519.02695559248
2000-10-12,106145.52691358194,110944.1201515338,102447.5811086013,101382.1530649775,104993.38847396692
2000-10-13,106265.17454685197,111530.66619613927,102534.47471298887,101465.79075913326,105122.14862920417
2000-10-16,105637.49135561394,110024.87322818222,101923.32782384806,100700.38835121565,104348.86015460252
2000-10-17,105823.98399035362,110478.13308890679,102386.55905669084,101122.15138364169,104507.4375406395
2000-10-18,104849.6078930469,108087.80428173626,101033.6823660984,99694.93270235127,103433.17810682727
2000-10-19,105518.82251965297,109787.42599600753,102309.43211732143,100977.34318516632,104108.76470110308
2000-10-20,106020.03524063004,110980.42967155321,103446.2095969633,102306.93920302065,104819.97590484604
2000-10-23,106278.44485815885,111389.6586163898,104118.61969453131,102862.75899330177,104965.20128069639
2000-10-24,106699.38959887739,112434.10617413756,105204.91621305588,104095.77359745768,105526.99393244096
2000-10-25,106274.4783150181,111407.08715984013,105048.51811160437,103656.78550646138,104818.89396130438
2000-10-26,105471.08937642649,109704.4306760408,104316.54524125493,102490.60172457596,103565.53645292285
2000-10-27,105295.1363882708,109169.41444029046,104170.41131519158,102369.33901568539,103396.4692275482
2000-10-30,106042.44837875871,110885.80611922765,105409.58608993472,103577.64588472214,104139.1813902334
2000-10-31,105897.31623807792,110526.93957768838,105586.30743990713,103577.65134646854,103818.9185715918
2000-11-01,108099.19600373917,115647.65324843001,108511.11516211725,107371.1562802276,106914.36537077348
2000-11-02,107883.35291183782,115198.41840093305,108507.18092241437,107267.77164945587,106621.04487965438
2000-11-03,107781.51846933484,114936.1723204357,108698.34026600608,107385.09433335112,106449.1430537693
2000-11-06,107178.27583974994,113685.56260229199,108039.09507029744,106040.29313535972,105167.68875969479
2000-11-07,107428.60882567584,114209.88162594412,108594.97810214109,106417.73987406731,105240.19872463186
2000-11-08,107367.1627918236,114040.53690910988,108791.00018062351,106482.47865519878,105048.07197252571
2000-11-09,107129.95790831457,113338.57442697817,108605.05526785602,106206.24523586317,104720.73969231285
2000-11-10,106997.88027662209,112952.89248429656,108611.33237154674,106183.53009337428,104574.95431869278
2000-11-13,106695.16018739268,112086.53178688556,108087.30238055358,105257.51517992177,103861.59021705447
2000-11-14,107363.98487828685,113609.04827328549,109006.55637163961,106196.99603337357,104548.65108318943
2000-11-15,107784.39498165388,114532.86081000885,109675.84489385757,107213.3912540989,105320.87880243057
2000-11-16,107544.89923768256,113712.94087890527,109374.31225073143,106981.71337720595,105147.742802402
2000-11-17,106946.3510010551,112406.2819792067,108620.72219447354,106245.79517819593,104530.89887788716
2000-11-20,106636.61287685213,111791.23162186382,108201.33666743383,105507.08545584648,103920.66597934888
2000-11-21,107047.4736090436,112747.26008071785,108631.8826335431,106131.72281526795,104489.92081542747
2000-11-22,106362.97171231675,111101.52342598936,107540.69610977905,104632.66838798898,103401.97919874238
2000-11-23,106796.50322004115,111844.0790645553,107991.09915328286,105060.76910545737,103833.3762154075
2000-11-24,107287.78267990478,113125.29274785708,108726.6844922778,105924.60104127879,104448.71374636175
2000-11-27,107972.13372929701,114623.41366531554,109645.62248922465,106965.38689878056,105255.33074835264
2000-11-28,107915.67016140926,114291.7191120637,109480.33091232873,106767.50005325704,105185.22663327701
2000-11-29,108443.22385138196,115318.37156887027,110087.44244793149,107551.17771708364,105910.27052871007
2000-11-30,108161.42336797343,114357.67423157912,109338.82620510367,106600.42636016778,105450.96543301831
2000-12-01,107359.56176479459,112810.0467264796,108162.35191700212,105105.05066711026,104326.66159134188
2000-12-04,106122.36933285903,109937.6209790069,106301.00398677627,102841.47142703908,102689.67272511113
2000-12-05,107681.87972849312,113287.97941640131,108339.89280623663,105139.02464914462,104555.36251817044
2000-12-06,106594.55795636299,111295.91199117959,107157.19672671251,104154.47333638361,103666.68387304286
2000-12-07,107113.03856749134,112426.23858521481,107964.21910994267,104888.8052302753,104113.7155270092
2000-12-08,106025.3564621914,110253.78791835914,106823.45480001329,103512.05283931331,102763.9931309338
2000-12-11,106961.77426267606,112503.62760927131,108162.34530795619,104598.99981856198,103446.7941824125
2000-12-12,106759.60685913333,112195.27592216391,108123.85743200424,104503.68425071266,103181.9832925614
2000-12-13,105583.38096216082,109446.78031972544,106584.48572107106,102964.1502624026,101981.74174157398
2000-12-14,104939.35008501154,107780.94000300595,105677.63023673394,102186.02266861328,101460.77633108544
2000-12-15,104901.18155681907,107677.21518151643,105632.75000027787,102318.74494986584,101585.78435044388
2000-12-18,105872.84498004119,109770.71830867525,106959.28465302663,104114.09351112535,102984.70704591308
2000-12-19,106688.69892141609,111557.49564705981,108160.8206604814,105645.69012841539,104146.43303123472
2000-12-20,106092.7410698742,109924.01951047346,106899.54987925588,103751.81360522567,102959.72781137048
2000-12-21,106405.56278033246,110371.0318922184,107218.17155279132,104124.54369084629,103351.79537339989
2000-12-22,106728.6986705678,111016.80537428873,107830.75641001208,104860.25319207055,103817.98524561503
2000-12-25,106879.35499265861,111272.08336480598,108090.39970057367,104860.24843406341,103717.90729464556
2000-12-26,106903.17605044342,111285.40563774496,108212.23886956481,104860.25351830584,103623.32173098116
2000-12-27,107635.64138448267,113075.34905355713,109379.06581935342,106424.72428937872,104724.28888038227
2000-12-28,108200.97107290284,114340.77914044679,110288.11719352854,107623.0436488274,105617.85973492899
2000-12-29,108433.21105845748,114740.5426687337,110693.51393229885,108208.73037941495,106062.67094195056
2001-01-01,108620.61186694194,115088.17423235357,110985.59505049951,108208.73311205879,105969.51386586124
2001-01-02,108103.33632969072,113870.87461154033,110322.02509771574,107223.6894154833,105098.07828683766
2001-01-03,107083.96737945023,111552.06207145804,109057.33783854646,105321.72069523373,103392.36438039657
2001-01-04,106620.95874771835,111006.43645545027,108782.08539212885,104549.28002042657,102448.14229281223
2001-01-05,106070.70589260037,109624.50621475773,107818.91557296593,103566.88765019365,101831.89144630227
2001-01-08,106124.49330234616,109643.70624896925,107872.00461168942,103340.64261649594,101617.19191272094
2001-01-09,105401.42112381637,108274.35234803628,107143.93707699794,102486.04210929044,100780.29340248917
2001-01-10,104526.4625057164,106306.58856530202,105966.21074604186,101260.07504985562,99839.05510417913
2001-01-11,104687.17577825508,107051.76399491631,106397.54051977998,101702.06778222632,100025.76394458752
2001-01-12,104708.374019458,107650.95671276022,106816.63230910726,102148.49026252648,100127.58078141553
2001-01-15,105335.65120340567,108751.39064201733,107496.92575779688,102758.4249935416,100653.26652268835
2001-01-16,103912.75669778825,105753.89171543079,105410.03383496236,100672.41415453321,99143.00052601824
2001-01-17,105372.96264546177,109073.05638981861,107527.79089494616,102708.97986342294,100649.36629216709
2001-01-18,104332.72641954492,106732.1497087006,106380.83149080437,101586.83213712412,99587.9203627184
2001-01-19,103122.13350909736,104117.85057150348,105064.71165150053,100486.85408362295,98541.66453182804
2001-01-22,103804.01026289938,105573.72848952444,106044.79946502308,101679.65049050516,99474.59655363546
2001-01-23,103743.77729843098,105533.64958908342,106301.50924019818,101799.47727050059,99298.47859185429
2001-01-24,103736.53996572038,105487.21986558738,106458.79981031567,101799.4661998451,99144.51761341808
2001-01-25,104299.87816341389,106497.75152671004,107126.42118581015,103219.73663712303,100458.97967878052
2001-01-26,104324.77429849394,106521.49108506799,107254.5318333257,103219.735455947,100364.13472637946
2001-01-29,104010.95450200012,105923.82876502129,107125.8486322477,102895.38250578605,99874.22479577153
2001-01-30,104180.99839946722,106383.79861998945,107407.0426763007,103126.47608058188,100017.79490732128
2001-01-31,104239.91841888287,106527.3932581615,107558.87421916681,103531.60287479954,100343.07979435491
2001-02-01,103422.74337447117,104692.46437589616,106405.0059635903,101575.96832791767,98686.69938752272
2001-02-02,103728.09382223318,104964.22911802238,106425.40867570267,101447.84249912582,98802.087080324
2001-02-05,103840.22975197014,105012.66480624014,106527.67222061024,101809.35774343203,99170.38048432374
2001-02-06,104083.30905097607,105544.8396201448,106829.25452402572,102174.54745659791,99499.79383274751
2001-02-07,104268.67009034968,105969.55881404375,107052.97614603497,102177.28574653965,99482.61731511791
2001-02-08,104732.94743196691,106788.05768255533,107567.07089000876,102964.45537761723,100228.95321401776
2001-02-09,104587.20289699119,106491.02515839493,107259.67938505401,102485.63108814963,99904.77037162361
2001-02-12,104692.65742645282,106806.9513534943,107385.37348652631,102608.49664620461,100009.38001689184
2001-02-13,104847.25464876725,107091.02904858447,107522.1407138605,102723.47746506217,100150.02869014573
2001-02-14,105025.8280454075,107195.41710597316,107539.31166614026,102757.2072407859,100323.81569885205
2001-02-15,105348.78154798344,108035.20346140061,107945.13187566662,102911.06774379888,100404.67247845442
2001-02-16,105467.08164864205,108027.31225035309,107749.22585659061,102743.48177309784,100510.17130707385
2001-02-19,105852.04637537448,108871.53987687221,108389.53924625632,103297.72172478626,100824.45908597393
2001-02-20,105474.82679635841,108033.38780946824,107783.83483007991,102413.35600586567,100158.9854604769
2001-02-21,105054.60591763482,106902.9016532295,106998.16387143776,101458.75119420416,99537.62509160276
2001-02-22,105012.54228216807,106527.62795525248,106605.65472963512,101185.436436609,99597.36349432159
2001-02-23,104221.7469966493,104931.24941608019,105312.07441914298,99664.34844872795,98537.82848348272
2001-02-26,105223.83403532705,107168.52092376625,106670.95892333322,100996.88896407011,99564.49408049634
2001-02-27,105441.84843205793,107874.83657543614,107041.05066349545,101464.50838437214,99913.36245392622
2001-02-28,105149.48871035768,107279.56055336886,106459.63279858144,100713.04107250892,99436.78051813396
2001-03-01,105170.42697932133,107441.44158410109,106259.40136709169,100464.05889519653,99415.16773766492
2001-03-02,105291.0142457563,107229.88847365684,105838.37014646022,100238.17753365652,99725.53982420995
2001-03-05,105942.19474399707,108695.91326357632,106624.97265495038,101137.76256405003,100531.85197424139
2001-03-06,105930.42574997204,108917.35730197714,106657.6119943768,100960.85513426273,100313.50108415107
2001-03-07,106851.96860854886,110958.40253478847,107680.15181423468,102336.36513920956,101642.97181346736
2001-03-08,106818.08288949801,111247.4174776268,107741.87798866615,102847.25053223038,102072.52881079483
2001-03-09,106522.54530728933,110343.2644279926,106910.92731339623,101649.93932375121,101364.71522697964
2001-03-12,105885.42081805858,108524.7395962878,105561.74230239366,100127.58107669256,100508.00144108922
2001-03-13,105371.6812173245,107377.68756348526,104884.11958704467,98936.3169977817,99436.5561359145
2001-03-14,105367.33598572093,107291.56942954606,104997.1692239272,98936.31499408296,99318.57749345113
2001-03-15,105378.27827365769,107064.64860413274,104496.03909691032,98254.04524566201,99068.14777406481
2001-03-16,103847.99855646443,103918.16753494118,102584.89742957184,96491.54947129649,97597.96176839063
2001-03-19,104044.18142864571,103913.61027706836,102602.94891559167,96497.29472599167,97890.7196283631
2001-03-20,104709.61480978182,105633.41309813697,103598.80150861111,98115.70410230616,99004.37191762067
2001-03-21,103786.38304062604,103599.89933270557,102100.98752862065,96320.40595622016,97763.15893677593
2001-03-22,102140.01454802488,99813.02819500095,98641.23247663568,92282.09812265763,95448.97556870087
2001-03-23,103116.3370719848,101861.93303489657,100264.19808328435,94218.44073603948,96817.36318186863
2001-03-26,104417.67715475838,105011.82772351804,102497.71402588133,96539.3799346217,98220.62906508059
2001-03-27,105919.11100944736,108445.10331914914,104698.32671562675,99451.26331257305,100327.68810020931
2001-03-28,105279.94842101584,106754.43983121635,103683.9346324184,98001.64708820877,99303.18607459267
2001-03-29,105619.3873082996,107450.34500258572,104523.07241299082,98916.28948666653,99785.63041113259
2001-03-30,106032.9524437474,108336.57503330165,105405.8512829354,100113.85836259292,100647.50253334474
2001-04-02,106248.78834043907,108836.35056792034,105973.14138082048,100490.68581181708,100671.32541032013
2001-04-03,104823.24567576544,105469.54045638705,103525.36868454388,97228.05264597065,98442.86603560654
2001-04-04,104907.91036034541,105743.27252080302,104013.78638241283,97966.78497824029,98787.716485479
2001-04-05,105452.9706621974,107179.47398893055,105312.93456914113,99454.02342887502,99609.47135885638
2001-04-06,105743.26479984324,107607.32031070947,105832.68771396043,100035.24658231488,99952.88647801666
2001-04-09,106415.6619984968,108960.13728836678,106924.96277201046,101018.74365658767,100485.32976524926
2001-04-10,107435.05117113152,111265.49430350268,108475.80400426648,103074.53682281902,101923.2029958171
2001-04-11,107364.7295982011,111118.34532779756,108665.79747030622,103037.57013170647,101703.70525742866
2001-04-12,107300.7031083935,110941.12268235281,108814.10556982186,102600.67762367133,101212.64833395301
2001-04-13,107236.95506876754,110771.60464837354,108925.7217903664,102600.67375271971,101058.25222557754
2001-04-16,107258.57731099264,110720.27697469368,109207.44850460056,102600.67467111758,100877.51857215162
2001-04-17,106868.29269847076,109993.64321643437,108960.05997548395,102244.24117250871,100411.6947925452
2001-04-18,107615.94907779054,112214.43080107651,110115.59519410747,103868.60020769593,101299.45987228764
2001-04-19,107403.04350263393,111639.92607578501,110136.51762931662,103606.17851058072,100999.28981912334
2001-04-20,107015.07190514996,110679.5935088996,109881.78385967862,103229.1229404048,100640.8246566078
2001-04-23,106600.66005764093,109557.87477630166,109363.11373839478,102277.5241531106,99798.3021801429
2001-04-24,107019.95824659379,110413.96663446585,110084.13881143948,103120.23600720234,100330.83996561004
2001-04-25,107407.0796002392,111192.94367541745,110697.8016247501,103794.18719697841,100787.34955273134
2001-04-26,108155.71672067608,113004.88576990011,111739.34080540348,105371.47718089305,101926.35679158315
2001-04-27,109147.9115602367,115340.85020495325,113138.94034266868,107520.40284200353,103530.14432531667
2001-04-30,109623.11679697882,116363.00737505518,113807.21507612987,108266.80806104596,104052.21993408047
2001-05-01,109673.44553500855,116436.227644403,113965.38349520741,108266.80729648063,103953.41812381403
2001-05-02,109089.42726188364,115056.03214474527,113308.5424689636,107146.82087495973,102945.47311561188
2001-05-03,108125.75194757432,112757.65529522541,112140.42675087648,105522.7378570754,101641.57992970242
2001-05-04,108757.2783331898,114076.65070503819,112925.12694252102,106486.57178082863,102396.78986471966
2001-05-07,108921.2137126843,114376.88606741316,113164.41717733674,106486.56557919257,102347.78600427709
2001-05-08,109215.5621410176,115010.66864817895,113568.32199505184,107142.72671832825,102817.14969632393
2001-05-09,109125.24883326267,114656.0285645881,113437.34353130117,107171.19407928448,102898.43512428465
2001-05-10,109869.94619721612,116829.43596903104,114327.02679308993,108865.02783453718,104240.1363300284
2001-05-11,109935.62468019249,116965.76334469013,114410.11360268875,108865.02604071789,104221.59592617834
2001-05-14,109447.77941841983,115674.29936832392,113598.38135375729,106831.436307174,103010.04752397578
2001-05-15,109530.51409594058,115871.68467229669,113763.7607029436,107970.94396363676,104124.8586517359
2001-05-16,110190.84046890352,117290.88785626079,114556.11736906227,108141.78651138573,104284.69545630881
2001-05-17,110747.03662616103,118751.20091736763,115320.71742603963,109407.61448850555,105277.66316695817
2001-05-18,110750.83645118933,118822.23158284019,115226.72158815763,110136.36310701142,105825.28527647952
2001-05-21,111146.90681738773,119636.05891951652,115683.41042785534,110595.18610592878,106202.3161793209
2001-05-22,111281.91903096846,120037.83909835048,116051.91908771516,111043.32580619985,106421.85806563895
2001-05-23,110917.94616553595,119200.82206194285,115519.51294941841,110213.72428780884,105745.04529058689
2001-05-24,111357.68898646736,120195.03224865897,116124.67842392452,110878.15446943723,106271.54308884002
2001-05-25,110735.75559910547,118673.87499965513,115277.24670682669,109766.97366056147,105357.78760559644
2001-05-28,111139.61970506569,119388.66059394102,115775.05937678392,110194.07726692769,105693.16076208024
2001-05-29,110614.5577193767,118278.78994545135,115021.89437857475,109257.59970423099,104939.20312521492
2001-05-30,109554.65155850745,115966.95233145496,113670.29846683535,107753.41144769297,103640.68914849665
2001-05-31,109644.85722884253,116249.18975798522,113834.39574093286,107825.43125079502,103693.32806405207
2001-06-01,109887.31321555164,116504.56034496608,113972.18760400561,108037.20317823469,104003.98226777256
2001-06-04,109965.56332825533,116596.59330908561,114100.8265216518,108037.2092827858,103953.5959633049
2001-06-05,111426.64408215348,119873.48429958551,115973.56914592764,110161.33853429329,105754.68302129733
2001-06-06,111063.9099241171,119084.80588270162,115518.83407677004,109606.6601116975,105262.0259010578
2001-06-07,110785.03132645217,118245.36736775986,115052.86494250938,109053.5814817774,104862.79879081516
2001-06-08,110206.20372367544,117044.56163975043,114345.01676593212,108297.45071170242,104172.46764836641
2001-06-11,109772.90131308581,115967.64054924977,113783.38993855646,107559.36201268987,103526.04981526165
2001-06-12,108492.69842201032,113047.62345180141,111939.70444057613,105726.69336270966,102160.53832135772
2001-06-13,109191.02767245453,114678.21070283616,112876.41102586161,106640.78890844408,102874.41124457435
2001-06-14,109396.59050182294,114780.75202336382,112930.18691011291,106672.90241247279,103057.8598818884
2001-06-15,108462.10041643625,112426.50732251478,111339.80779828625,105313.96519290865,102218.88741939342
2001-06-18,107836.35988369533,110951.66330721694,110414.28478716675,103980.00294670578,101201.15158818808
2001-06-19,108660.21369238706,112654.19603104264,111542.45536228895,105341.18826295249,102290.0552936628
2001-06-20,108601.85798585968,112375.47652893598,111172.53495780242,105101.49797874955,102339.81274045403
2001-06-21,108240.3910020375,111561.85411652173,110686.53841788914,104402.56207494432,101750.4637149723
2001-06-22,109679.82669632301,114598.92209766035,112636.02736578611,106938.20815208557,103884.81416046694
2001-06-25,109926.63756717787,115293.19031169037,113071.08660320746,107217.4530448722,104029.07657253766
2001-06-26,109213.37884948093,113728.62811852714,111923.32289546574,105660.40746787148,102884.57822051158
2001-06-27,108896.29657212623,113082.87793780594,111514.44145161155,105028.10620402847,102311.66801371281
2001-06-28,109846.9749183296,114976.49466206355,112759.6051555518,106862.00455710139,103923.44829700846
2001-06-29,110298.04916077279,115873.67673261678,113372.74161601176,107608.64230150264,104543.92115758624
2001-07-02,110743.19284709664,116824.45625856616,113974.61497434456,108537.0038043852,105357.7145681385
2001-07-03,109835.35941750035,115042.40199507815,112940.77891389024,106880.4808471193,103828.19795270299
2001-07-04,109954.67808922243,115126.87166374047,112601.81901524728,106420.62001526423,103828.0400725665
2001-07-05,109932.90251606831,115159.81446146699,112608.5701292022,106243.72514134155,103626.72687940899
2001-07-06,109145.59251035075,113099.04667064472,110603.21255412784,103820.24209641902,102279.00783397099
2001-07-09,110103.128383254,115557.86346236101,112372.46071676235,105552.06741228746,103307.26188618668
2001-07-10,109394.55241831648,113983.17507048017,111294.47415952802,104356.17871993803,102456.04157006645
2001-07-11,108735.4045611747,112476.69073650104,110224.8107594801,103292.76905701963,101748.59995731227
2001-07-12,108939.74475487629,113185.4000438642,110813.2101143675,103876.83730979942,102008.62320658179
2001-07-13,108912.26797444584,113075.73366192862,110872.06040437838,103876.83580812794,101923.97600432632
2001-07-16,109490.9099810327,114373.41136097563,111875.72834405277,104683.19016125251,102380.07258277966
2001-07-17,109010.7819280018,113221.56186351481,111203.37221262528,104042.52236726755,101880.91755939688
2001-07-18,107359.79307413173,109531.89740671312,109007.10755315595,101753.51437809122,100061.079178404
2001-07-19,108525.4630199145,112086.21597975025,110582.5350518217,103384.97540358624,101350.58353743199
2001-07-20,108503.49933711995,111919.15607992145,110533.43992067217,103472.5256085447,101430.62687807276
2001-07-23,108323.42981920624,111636.9147679787,110448.10491487595,103132.79241112026,101033.20947677523
2001-07-24,107636.67143762122,110044.96460245241,109396.59242778692,101756.88757227767,99999.00611729518
2001-07-25,106178.7733521172,106973.42875887928,107335.13844450655,99438.45864505434,98181.84139256239
2001-07-26,107122.32471001396,109010.67393768861,108765.93138403172,100941.32690037791,99276.92718600821
2001-07-27,108343.44060779002,111564.83601086633,110460.51877893634,102923.5569547919,100877.87384977225
2001-07-30,109375.44717140819,114092.4361022782,112123.82792427382,104787.20846591418,102115.71401765724
2001-07-31,109977.74289016628,115353.60990666441,112887.53688703259,105741.98585477009,102906.17594380236
2001-08-01,109502.83295145567,114438.91929352534,112325.60453682931,105080.40753265475,102427.65137293996
2001-08-02,109152.73218887158,113829.2185988326,112119.06127301094,104800.30697329903,102002.16646693608
2001-08-03,108623.69045169551,112774.34526669832,111492.60864966188,103937.89487644166,101289.64870082944
2001-08-06,109638.19562518218,114594.90705304794,112757.24688495336,105016.51327705556,102166.48056694907
2001-08-07,109632.61466839143,114708.19802256307,112993.72067475381,105273.95636171808,102211.41890013393
2001-08-08,108926.29367738846,113199.35752400932,111991.46334712482,104097.98935988384,101332.4046113507
2001-08-09,107934.17393563336,111044.12442745757,110619.67784642315,102498.86105938826,100055.60675107727
2001-08-10,107981.16637669416,110887.26768128117,110503.72581612815,102289.95175736706,99975.17379612738
2001-08-13,108996.97810230413,113091.31729862711,111889.56581094571,103777.18925201487,101162.60301633306
2001-08-14,109263.6348381535,114093.12341725473,112560.70043246997,104501.58601430543,101575.83109471675
2001-08-15,109006.24462665645,113594.07104161967,112123.75461075718,104031.51136525744,101237.0164320499
2001-08-16,108880.7086962355,113094.10842382559,111663.21620225665,103497.4736157529,100969.29960220153
2001-08-17,107738.51113506468,110586.98510822532,109803.43134266604,101555.78190459977,99588.27987675031
2001-08-20,108223.8865874643,111575.76323982874,110542.8647054183,102329.85952788338,100181.85103346393
2001-08-21,108616.5225598642,112282.12321248793,111030.14023669911,102854.19066839303,100631.29060015971
2001-08-22,108668.50774727686,112467.11800230487,111220.76419125557,102987.16774615571,100615.21374037859
2001-08-23,109284.42204489301,113611.02727423256,111969.12212454299,103947.2108998535,101496.4964298349
2001-08-24,109955.90869264185,115148.60179144141,112951.38002885257,105241.41584877823,102400.59378005653
2001-08-27,110000.91891783623,115179.06524700245,113072.23318454018,104970.16081591352,102122.27789888535
2001-08-28,109387.55815026003,113761.10859291386,112208.30779200257,103659.31521233282,101105.4659108557
2001-08-29,109428.92085892119,113855.36844284771,112261.96365281707,103728.21321858015,101130.518331665
2001-08-30,108310.490774709,111268.85939498528,110116.2187776693,101145.03592936374,99514.9918502485
2001-08-31,108758.27474991491,111991.44617193821,110408.71464079726,101522.94056809488,100062.03871119607
2001-09-03,108006.65586591678,110292.04344270249,109312.3291485504,100121.81562569899,98981.98344591146
2001-09-04,108434.095497455,111347.80240613065,110142.8860647236,101140.00649774703,99656.80621842746
2001-09-05,108353.97246468079,110991.15086143144,109594.88136559683,100572.7263981203,99524.0823047539
2001-09-06,108057.33956524023,109974.5185049186,107870.73441075244,99032.26956499256,99238.40954986073
2001-09-07,107619.99857535587,108892.49321669296,106897.37275911258,97860.75086305363,98529.7065812516
2001-09-10,107009.4585163493,107648.45952168567,106085.48555912205,96828.5268262175,97643.15044553536
2001-09-11,104187.17276725074,101750.71207877251,99001.84042779241,90027.44646871267,94596.47557935788
2001-09-12,104583.90446317685,102471.96269464011,98505.5210235007,89654.94017834605,95092.02292475574
2001-09-13,105202.24286899542,103529.80655813876,98998.30242448812,90117.37071686363,95725.01170781149
2001-09-14,103180.180552729,99338.65023516386,94953.09319936685,86217.91340418429,93594.04298602282
2001-09-17,104128.6146081768,101245.27248247708,96102.45472560615,87297.13015504212,94532.81884547183
2001-09-18,103941.71297548122,100486.88810387769,95016.72946120711,86278.04123753226,94266.56405826072
2001-09-19,102681.07841910634,97842.76814045885,93321.55626447049,84706.10321179115,93057.35194261523
2001-09-20,101064.89009905279,94361.35753709433,88986.13351044447,80699.43210425002,91471.94607396572
2001-09-21,99319.43395182729,90774.21232831552,84901.05733085226,77095.61165688146,89910.49336305336
2001-09-24,101161.51792280003,94912.55921180127,88419.35964262638,82565.76383779269,93058.07796176315
2001-09-25,101624.39616518597,95836.50809939302,89696.95133597187,84664.15109840938,94209.40353480137
2001-09-26,102154.45462752049,97003.89486717079,91048.08097087422,86574.59670809963,95248.94981307216
2001-09-27,102475.81398774443,97638.6870699942,91789.28280518611,87420.20463544223,95765.06233201854
2001-09-28,102490.12553995052,97576.40536518265,92144.7909895942,87420.2098024024,95525.38222026544
2001-10-01,102913.11494820024,98156.68174263484,91340.37059059135,86094.41972582709,95726.75406778899
2001-10-02,102940.45921665573,98251.3001623993,91731.51501374619,86529.96376594457,96003.05507670749
2001-10-03,102571.3722684156,97524.23724426268,91497.98472464884,85786.10607318717,95196.04129491224
2001-10-04,103475.79414432899,99676.09296581986,93582.26791735999,89819.49576180184,97197.00200911668
2001-10-05,103660.5732734339,99923.61472927227,93880.93085940284,89797.8978712345,97176.4108640554
2001-10-08,103859.68910562067,100130.62646515103,94249.79151137825,89368.73665289665,97051.76516352223
2001-10-09,103800.59101857225,99878.11280923225,94154.25830780779,88718.1133399964,96596.79994552805
2001-10-10,104336.37728607177,100886.24250114284,95172.78266415626,91141.40859781466,98188.65754609536
2001-10-11,104599.05319914377,101425.54937371917,95923.66332428319,91895.30865309051,98191.5544215748
2001-10-12,104805.53929959562,101850.31588500089,96563.48237812286,93168.16079614626,98656.7242464689
2001-10-15,104683.97302252345,101383.22570774259,96403.6867813645,90426.57629731111,97051.68065752546
2001-10-16,104688.78392193033,101292.24283622776,96653.32469086451,90426.58197758811,96904.5224024626
2001-10-17,105111.4119845151,102240.12723718041,97570.96895341249,92945.88785407851,98090.96043027878
2001-10-18,105179.33487408953,102229.3826168646,97842.28655044195,92533.7468432904,97531.56423768563
2001-10-19,104814.21291761717,101292.21801093969,96900.56685782249,90615.1313291244,96560.2683783264
2001-10-22,103346.20668504985,98625.34436314116,97955.92699277312,91573.9679904655,95549.82267765008
2001-10-23,105184.7535231135,101736.3701253531,100013.83756007258,94408.28724527123,98165.19791377155
2001-10-24,105844.0433627672,102675.69888629766,100739.63365409683,95373.529188092,99108.90019189692
2001-10-25,105080.72133116289,101361.33185569088,99703.75929264378,93669.5936060732,97649.97705494598
2001-10-26,105226.84262975895,101601.52876670571,99876.72375875362,93669.59249295075,97624.12111376737
2001-10-29,105419.13303009172,102006.67624830095,99809.09720878981,93335.2916403829,97488.66800211341
2001-10-30,103655.98720893334,98802.44396726282,97305.2802361797,90248.35838281701,95143.98520125763
2001-10-31,105073.57748209138,101347.56100225495,98819.19770252128,91987.61618466956,96785.16358109246
2001-11-01,105765.78285313307,102555.92166704753,99572.80525048514,92716.18223501692,97451.95679457016
2001-11-02,105769.66014365359,102464.04184946019,99552.83192125094,92541.05353332742,97345.4687746343
2001-11-05,107547.98862165223,105489.53822556775,101573.6808649331,94619.23581068868,99163.06969507139
2001-11-06,107250.4074166593,104937.54009743605,101435.39430983696,94142.25782822893,98629.1930299436
2001-11-07,107876.20032331116,106048.61412892619,102318.43859930441,94987.90456223415,99250.50447320522
2001-11-08,108923.13297023297,107887.28003365314,103499.03522272581,96465.62003774667,100558.05632330073
2001-11-09,108575.8787491721,107149.37431691373,103064.75004670475,95768.48429774161,99968.31311947013
2001-11-12,107519.85708859988,105157.582222756,101797.88316282512,93624.3212789037,98131.46254686988
2001-11-13,110264.23685993356,110043.67796230108,104847.62230665323,96999.53648556792,101097.08724920938
2001-11-14,110361.73619431417,109996.16214678793,104861.10938895366,96745.03794552988,100952.85709783858
2001-11-15,109786.16727054083,108689.08517435305,104203.86297964813,96664.64739524403,101022.32379115548
2001-11-16,109173.49132303915,107662.04675774489,103915.3577484218,96643.75274350717,100851.31247433097
2001-11-19,110347.11530039203,109636.68545655625,105439.44554379783,98486.34853280577,102417.8977480877
2001-11-20,109520.28188387994,108405.72306103546,104578.58251777139,97169.28069208354,101115.45909421482
2001-11-21,109876.00630032754,109116.02181281334,105109.0660372244,97625.001773526,101384.49878155251
2001-11-22,110052.75483494299,109476.01008557584,105427.3687690959,97900.87084635606,101545.3725061344
2001-11-23,110061.51778376618,109365.70273989576,105472.47071152338,97625.9005785447,101190.6704948948
2001-11-26,109791.02877824273,108705.94396618307,105045.60684791839,96719.36378337505,100396.44468053628
2001-11-27,108868.9051640756,107223.27558615066,103960.83740375945,95332.0058209239,99120.058706387
2001-11-28,108426.75328669148,106601.3508266835,103451.64977608439,94656.35404207528,98472.10743768595
2001-11-29,108073.24684368695,106063.54480352609,103203.83755502274,94275.80127971689,98003.97623965294
2001-11-30,109047.85972072974,107626.91976406402,104461.37581746146,95556.24295645698,99024.63553279857
2001-12-03,109026.84699231389,107744.76043062506,104469.54012631577,95329.5240171588,98758.34214071407
2001-12-04,110034.0289539566,109575.85482963834,105728.90421406036,96670.99657663952,99873.37479453349
2001-12-05,112467.37961535278,113444.97331621568,108440.01178698475,99601.4390505791,102573.14739292576
2001-12-06,112735.50649720537,113736.34278072642,108736.81272780072,99767.51131894952,102683.09267877965
2001-12-07,112396.87344129375,113119.27241246986,108659.19949751865,99417.1056125001,102078.72098534647
2001-12-10,111095.01746992183,110979.60403125346,107196.69446241739,97566.71005721792,100359.82484400438
2001-12-11,111409.47555843504,111589.43748291295,107642.7552200268,97954.375171149,100637.51839079706
2001-12-12,110519.83720997271,110011.50414171471,106744.64249153069,96959.8310066678,99637.85579937394
2001-12-13,109320.71698161529,107871.1669589232,105278.5379067747,95496.4101932007,98382.16617953607
2001-12-14,107760.35405290822,105155.91855133107,103387.13431603556,93687.51311549109,96865.70226054099
2001-12-17,109887.25293644144,109036.10168277631,105877.74040082467,96008.13125891922,98890.267687293
2001-12-18,109675.8071703282,108631.68109865018,105560.35277052403,95700.75151643736,98614.87168954646
2001-12-19,110104.39532488304,109461.14850075825,106299.40341457093,96374.20149241047,99000.42582113082
2001-12-20,109389.45293012664,108434.52805104826,105730.1465413579,95860.77286198475,98349.29644606196
2001-12-21,110412.30038190866,110525.22525369737,107013.14116914202,97244.93510090157,99499.42554547009
2001-12-24,110691.17283142389,110959.30078140444,107368.29619429451,97318.24283188421,99498.52932090596
2001-12-25,110745.06979156291,111038.18597390014,107519.7108762569,97318.25070572691,99402.41161304049
2001-12-26,110828.9021267031,111171.58763981174,107641.95729872667,97318.2488307708,99362.19723967185
2001-12-27,111873.92192901592,113079.9324067929,109085.14665787257,98879.68278613419,100598.96970096645
2001-12-28,112426.67107630643,113955.95942749022,109687.43625933226,99480.73551347539,101138.32093261257
2001-12-31,112723.08399396265,114439.6619293629,110013.73797723703,99480.72961261241,101099.20511807974
2002-01-01,112752.21577625947,114476.22414794195,110210.7245306519,99480.73515200532,100935.44832547767
2002-01-02,112290.42982730319,113587.81567916156,109546.89795658486,98669.44282706438,100311.97291183165
2002-01-03,113502.54883767727,115559.26247809466,110947.88818311653,100398.11656557232,101901.55591928952
2002-01-04,113946.43755758338,116211.31595316352,111480.28602277485,101031.88850078308,102469.11878840877
2002-01-07,113605.70192661989,115621.0251509001,110894.50308029614,99951.89175929505,101572.24225045464
2002-01-08,112709.63159768497,113959.23454949204,109640.22990686422,98470.7900681596,100379.35405666978
2002-01-09,113067.40143398796,114684.32389479708,109879.28089634769,98623.17800116279,100630.22679198695
2002-01-10,112250.21028335796,113127.43974113844,108734.1385370053,97364.88773831328,99635.4524361363
2002-01-11,112991.0093309078,114488.51090354836,109522.84963504726,98079.24167836565,100314.3688070576
2002-01-14,111746.05951179772,112312.2152210415,107877.04454445286,96368.99307772178,98935.67819385929
2002-01-15,113374.54835143397,115534.28910832395,109618.68413503443,98003.23937321678,100514.67993350036
2002-01-16,112257.76754904911,113462.46628837395,108211.63618645289,96652.62228287317,99397.84577468198
2002-01-17,113245.20871059933,115537.89557202357,109351.39602862831,97719.80451408145,100374.93699759316
2002-01-18,111986.50546162232,113271.66356227605,107928.61120913933,96570.86376600759,99363.19580187404
2002-01-21,112305.57487073698,113838.38601827061,108392.88450099374,96834.63788448999,99477.45598656916
2002-01-22,112671.57083641583,114509.90987545738,108750.32026334171,97153.16088425936,99820.46937562566
2002-01-23,112972.14697301236,115190.25906625448,109158.79468319494,97674.0700835381,100314.92826240673
2002-01-24,113688.78681264196,116326.05278340905,110019.67109734165,98686.31763324518,101282.37781689111
2002-01-25,113882.73731557054,116626.37796494138,110304.88216989856,98822.77445546251,101321.73859271471
2002-01-28,114890.6754783801,118346.03792171563,111484.6096544727,99887.62324074589,102254.57255383808
2002-01-29,113958.88255866653,116663.00514314219,110238.15093037994,98239.88429163462,100813.49204153543
2002-01-30,113621.09690866648,116119.25417237256,109837.33204034198,97648.34675964258,100261.61521176861
2002-01-31,114486.01329915413,117698.29531376634,111101.76666955302,99159.66689616801,101456.60707436512
2002-02-01,114331.2643583064,117389.17402405843,111056.76998719487,99195.19502801704,101392.50241752846
2002-02-04,113911.46462343882,116651.12420438368,110674.15746980693,98433.93732283861,100566.23262669264
2002-02-05,112744.18783124947,114638.41698058046,109266.26638674764,96786.68789901045,99066.65980720388
2002-02-06,112480.13516552285,114311.19791690948,108922.95696821516,96403.0630627097,98692.0952271499
2002-02-07,112847.08675032337,114688.55631849548,109129.85873659157,96392.46907138199,98834.86518601795
2002-02-08,112749.83272051964,114512.25639146783,109405.17393674969,96677.15010770442,98819.57531246934
2002-02-11,113864.8072227533,116282.11314309682,111032.01219431429,98027.34964636067,99735.6484489884
2002-02-12,113314.86438806826,115350.25145342416,110746.83398752836,97662.46566404287,99116.173953112
2002-02-13,113282.65406069648,115294.02411999379,111120.6104963729,97972.31386450291,99090.56993689408
2002-02-14,114959.31497741987,118089.97510388677,113262.07545028033,99907.10466976395,100648.84392304718
2002-02-15,114311.21312073877,116819.8665176305,112661.78966064975,99694.44797254443,100314.80971205242
2002-02-18,114294.80402865437,116805.50293592764,112732.30733386133,99449.92998244206,99978.9268042523
2002-02-19,113272.9893357586,115010.68819739777,111514.07203851987,98021.44405377714,98640.85954938417
2002-02-20,112973.68167332234,114475.33381676642,111332.56765367987,97755.34663132542,98276.67787952846
2002-02-21,113881.40000922594,116070.33239903596,112595.34478438851,99001.932965376,99248.51521881814
2002-02-22,113221.30812080309,114891.6148347387,111943.01191763338,98188.73118655758,98394.74983176425
2002-02-25,114199.46900706382,116440.63694024374,113281.23229995825,99521.73671025794,99484.68148323968
2002-02-26,114989.43823903214,117654.4315456655,114371.98655984993,100635.9291959219,100357.63466780078
2002-02-27,115930.58792127628,119427.12471334786,115714.02231727281,102155.04916879146,101577.77476985757
2002-02-28,116940.51768185176,121180.27989845604,117023.98845370117,103643.11665056301,102861.03185216346
2002-03-01,116863.92377317052,120998.99313025655,117070.31116774991,103486.41562522469,102614.04913445786
2002-03-04,118168.24507118699,123258.7109313259,118750.17635730862,105841.32817619656,104773.23874667453
2002-03-05,117998.11928564795,122950.02128468106,118622.19879866365,105555.2993877461,104440.80268022508
2002-03-06,118180.93424726123,123392.9629749019,119014.6931379393,105884.63318898962,104597.4837869004
2002-03-07,118514.94451984661,123778.40220674033,119347.02249449023,106378.61398899558,105111.95281501632
2002-03-08,118797.00389903267,124275.97551500307,119824.4147916379,106908.99052986986,105480.63108111251
2002-03-11,118359.3586472701,123427.12728322198,119390.87670818862,105851.99951704987,104377.36864369658
2002-03-12,118050.50404634507,122905.37077639114,119116.85010931932,105302.49952502115,103764.050083339
2002-03-13,117652.00793222115,122113.09540955594,118644.87179159142,104534.04865985007,103025.5906700531
2002-03-14,118574.19582648725,123792.87170283557,119823.01995911935,105787.78123256336,104115.11455181486
2002-03-15,118776.95165146058,124266.28532824402,120203.34937987638,107438.74638290468,105625.97415623529
2002-03-18,119450.92417832043,125412.00868614986,120997.78853280605,108143.97736162924,106226.28240177999
2002-03-19,119541.50950964204,125531.27221489871,121192.49765659805,108295.17045924453,106300.53680470695
2002-03-20,118573.55766886583,123783.9951358306,120084.77322061488,106759.8017861156,104811.90087729451
2002-03-21,118371.32510353105,123364.31350016694,119896.313489685,106402.82684191078,104417.24310714986
2002-03-22,118759.35864084141,124107.94832468929,120419.8015583628,106924.06394366678,104841.81179064093
2002-03-25,118602.08063923054,123762.31481886264,120259.39100090503,106503.08857946293,104400.16496909174
2002-03-26,118982.02485093128,124569.68664652386,120769.58110966302,107096.67554572834,104913.46327337828
2002-03-27,118969.1368946575,124557.9542841263,120788.33663201313,107131.62497134235,104901.65540883839
2002-03-28,118998.78658209319,124598.100638693,120878.99881961581,107131.61562430472,104845.1013264928
2002-03-29,119034.07206336521,124649.89145146841,120960.5248425004,107131.61097865409,104802.14677675384
2002-04-01,119154.75060840319,124837.93529212987,121144.70232021544,107131.61360739863,104741.84279978117
2002-04-02,119562.06163587078,125650.43388108903,121608.53140197872,107686.59354092469,105265.33475823021
2002-04-03,120010.88620585702,126386.51130956551,122028.80791427846,108096.384750191,105711.2263171725
2002-04-04,118280.31101936127,123257.56459721227,119773.97625210998,105681.60594913225,103719.4497271496
2002-04-05,118181.65082097096,123209.38947667046,119671.11536240827,105537.72205419418,103587.58310930822
2002-04-08,116883.87173802001,120973.00499412877,118123.47052192825,103964.81393318833,102183.54835490216
2002-04-09,117736.73305056762,122461.5564262165,119004.86542873901,104795.05786530627,103017.55011787442
2002-04-10,119356.66414356016,125342.79495247429,120776.79650816793,106577.54048382553,104729.5669599834
2002-04-11,118449.2041564005,123857.02078532951,119757.95196123888,105498.86177693478,103704.16771698745
2002-04-12,119163.83257606775,125067.81182478192,120523.98388149397,106265.55017808128,104451.692769722
2002-04-15,119189.07520191786,125044.08038055517,120555.03067212428,106104.80940139372,104269.36386303666
2002-04-16,120900.47484171335,128124.67270585755,122501.83609001857,107918.99923793567,105942.39060546839
2002-04-17,120320.6662505989,126983.4083396001,121878.50199234669,107273.69509685802,105319.70319044031
2002-04-18,119990.62133805179,126518.8847973933,121588.93188078368,107048.90083176481,105075.02053040045
2002-04-19,119932.35095147672,126468.39538876382,121575.97080699114,107461.44064626764,105425.77525457619
2002-04-22,119922.0372962273,126486.51235805928,121602.07227791697,107275.8683220933,105198.11628438669
2002-04-23,120209.71944263153,126939.70585038328,121931.87633931417,107588.59257262663,105458.20013855814
2002-04-24,119356.98151678505,125691.84960197282,121018.24256926865,106691.06052731843,104583.5115046317
2002-04-25,118485.21485438786,124014.18126953379,119837.18604263067,105364.62018543649,103465.29825632405
2002-04-26,118955.72179499683,124838.80921386479,120360.92112767571,105845.55562556908,103912.30487338528
2002-04-29,118609.4556636989,124238.8943976653,119876.41902698547,105208.87327276742,103391.86337836308
2002-04-30,119714.64114307387,126235.49340464576,121176.55051101155,106602.22314788097,104666.7539391456
2002-05-01,119724.3486581403,126241.68345804334,121267.23481789285,106602.21773946256,104593.19357430979
2002-05-02,119873.45575257504,126402.8428060225,121427.71673621584,106628.37684008839,104594.41091378158
2002-05-03,119208.78136866493,125214.55797874354,120708.55052697175,105879.41684330675,103846.08050419464
2002-05-06,119138.1837678934,125171.25337647488,120723.90150030976,105756.89217637983,103660.92434558363
2002-05-07,118329.2210865766,123735.25958861013,119788.36816935705,105094.99959656064,103108.25414402806
2002-05-08,119969.4983304495,126688.26913733085,121795.90252920741,107016.82011803382,104775.0981554923
2002-05-09,119197.96648813026,125158.3527917527,120996.03757867709,106138.01392381806,103880.33268364838
2002-05-10,118615.73747506874,123953.90546135738,120343.3047792791,105511.80262146775,103285.89195544993
2002-05-13,119884.46686128312,126231.44423146274,121863.2056498742,106849.56507215241,104439.93448911741
2002-05-14,121135.75030133952,128490.1880435394,123424.96311445699,108352.6689039347,105738.5556905568
2002-05-15,121633.52736377415,129399.62454634126,124056.60044588191,109214.82155094293,106498.58234289064
2002-05-16,122098.91193648745,130148.68364839657,124700.97207695314,110065.5663633179,107204.61922060479
2002-05-17,121849.15305871228,129526.13340112138,124444.49669926972,110529.66307004685,107619.7559665198
2002-05-20,121331.70116319503,128578.9258096637,123933.19235206675,109660.58207148987,106723.5043671694
2002-05-21,121295.55875446658,128331.2210230212,123895.62023598107,109556.33880336348,106608.3464833818
2002-05-22,120075.61767847539,126170.84842080672,122602.38206821872,108194.31766806886,105262.93100303579
2002-05-23,119817.9882402963,125775.79299822805,122420.8325836176,107896.48522029707,104879.23904225405
2002-05-24,120147.80007740931,126193.27361132146,122829.85054374025,108327.16617184802,105226.25223489515
2002-05-27,120643.21343083236,127209.41192447997,123484.70643696355,108846.13607222764,105645.51166777856
2002-05-28,119606.97075874622,125259.24823696888,122405.31027906275,107698.54534823362,104492.70630842351
2002-05-29,119221.8614151155,124518.84775696583,122098.72452178801,107312.88641460675,104019.53210247292
2002-05-30,117699.97100101566,121874.25548858129,120487.3385190464,105758.51864867404,102480.93587276078
2002-05-31,118124.29067197812,122489.1140526112,120886.05731922442,106120.44301776434,102831.80634170384
2002-06-03,116948.92817765647,120167.7378568176,119593.23592399793,104904.90214978103,101684.38739084262
2002-06-04,114112.29202783301,115131.41789028856,116316.5444620156,101985.1180752112,99053.08084561976
2002-06-05,114680.65596848351,116195.2628262885,116985.05853773827,102591.12972304808,99582.58120118167
2002-06-06,115593.90608118188,117863.92179843082,118036.84741521739,103550.89616131465,100469.25061256584
2002-06-07,114536.33745548176,116006.99813081119,116833.60061074913,102455.11486970172,99462.55342745925
2002-06-10,114592.31727937817,116059.07605682885,116861.60702451806,102518.45603459443,99536.61535054716
2002-06-11,116205.80932559022,118970.33225143285,118568.13539287634,104049.12002681768,101052.40945320694
2002-06-12,114234.8665927264,115247.09584258162,116008.8944849488,101848.91738575714,99281.81296846365
2002-06-13,112986.48001777101,113165.24971923571,114559.40917189613,100546.81046721237,98158.08059351172
2002-06-14,110298.98362801409,108400.51134671671,111369.10027087457,97601.19713610172,95584.53312218009
2002-06-17,114561.08019702227,116384.5973372867,115990.36788914987,101681.01756456782,99490.95110156605
2002-06-18,115012.83447354018,117212.53474843032,116446.15360281128,102079.47175234642,99903.75837359473
2002-06-19,114166.67021742284,115573.70440014308,115312.31293895938,101086.66356754527,99120.71025553612
2002-06-20,112348.86473218013,112333.1982207697,113122.69214192394,99103.84891011537,97408.8660973593
2002-06-21,111471.44526431081,110890.2853244554,112196.2325877948,98492.66445827603,96857.6128848385
2002-06-24,110626.10143354487,109311.66530620346,110895.3967103829,96779.69350680265,95509.52276327914
2002-06-25,112351.76671334944,112515.84061142581,112896.1397656821,99387.41452219101,97978.96174719739
2002-06-26,111360.80148590381,110602.14375821174,111332.29942957008,97499.72564889652,96522.42186896387
2002-06-27,112663.45185780083,113021.56623035902,112807.5333860927,99989.20683618802,98981.20463444579
2002-06-28,114750.11115732774,116933.52953594427,115358.16257315618,104034.52507810864,102774.93342632969
2002-07-01,114931.09680821563,117267.08601130007,115426.38540959528,103362.03717639725,102188.87752840355
2002-07-02,113437.0908887936,114575.64095819746,113218.99166455911,100263.40146770483,99583.8206368006
2002-07-03,112557.92121898178,113085.20045002147,112012.00972436824,98731.4386209378,98289.30980444133
2002-07-04,113313.49602193924,114620.2695141908,113047.51044336287,100111.80364978482,99456.5460375426
2002-07-05,114885.52916678503,117557.89900245391,115124.36631147795,103172.06037899358,102170.13295345669
2002-07-08,115324.68708974619,118356.31520069494,115818.34044710988,103765.90411540259,102571.76405487549
2002-07-09,115001.40373391475,117833.11774423029,115546.9081187243,102941.91428606154,101662.59295896736
2002-07-10,113072.57059402399,114414.26383313557,112804.27814311191,99308.27468609891,98634.67464279888
2002-07-11,111015.22536778016,110681.60501505599,109829.82301729715,95911.50548480019,95913.1696490218
2002-07-12,109787.49205922952,108527.00677319478,108397.31968495279,94406.57545102568,94524.82153352878
2002-07-15,106399.57464590303,102180.95369180129,103553.20773684904,89741.61789782629,90943.58881595824
2002-07-16,106276.9732095557,101872.36195209726,103381.81609932106,89399.0530605961,90614.01494971753
2002-07-17,108680.09164816726,106399.17595113593,106299.25349813589,91954.3576178633,92814.12771916635
2002-07-18,110749.3891366362,110120.71918412627,108769.80744507707,94113.09428688914,94715.33559739514
2002-07-19,107215.25044906604,103473.96151528141,103905.21005357671,89928.63195548611,91501.66500819886
2002-07-22,104475.77657776323,98454.62856007017,99377.43603397207,84940.41906381745,87938.61055213121
2002-07-23,103266.14724783429,96042.83539523072,97151.87688746136,82843.16450126901,86639.30932480213
2002-07-24,103225.77906529982,95738.20605453949,96527.49484594371,82429.9181948448,86727.50723213477
2002-07-25,105215.69731726017,99468.55016849918,99692.8819315264,85560.61016658894,89057.43240321304
2002-07-26,105226.31217565018,99661.93005298589,100566.37603447383,86221.15122033599,88958.81845888724
2002-07-29,109444.78054781842,107629.64893528173,106188.66633647919,92159.50613046651,94019.54035808593
2002-07-30,109338.50412134091,107429.66294636254,106270.97782751075,92029.10690592944,93704.67333083728
2002-07-31,109741.70099077083,108150.67351436453,107291.76060101324,93199.62986862389,94388.11222284859
2002-08-01,106958.75123342265,102963.3517051838,103035.74089977068,88401.84502556662,90587.94203349677
2002-08-02,106837.65889170935,102819.47687007564,103101.7531141969,88321.02298123333,90323.883743858
2002-08-05,104545.69479694174,98620.23606594418,99718.02539391485,84944.93722641461,87675.65465526901
2002-08-06,107982.59199678815,105093.59951477937,104537.69490310314,89623.48597428012,91452.84354118597
2002-08-07,108351.86022978318,105741.78969117947,105304.52928161263,90231.6313352372,91729.91131736564
2002-08-08,109925.76764203601,108731.23017284507,107582.21988438828,92789.81289208966,93832.38375488829
2002-08-09,111421.04031559086,111495.53669944768,109977.61897380138,95175.68654675572,95565.53173254458
2002-08-12,110269.83981122811,109334.34658900711,108499.33466236788,92835.41025033125,93403.1457257653
2002-08-13,110427.88860594084,109630.4088233476,109058.6878570323,93251.57462071604,93503.03176260488
2002-08-14,108019.4849685773,105111.01506632446,106034.61431166313,90173.24452359117,90758.75538273876
2002-08-15,110714.85309503248,110111.0522219196,109972.72111220313,93769.7769709002,93527.34358015354
2002-08-16,110329.99215148829,109378.68332188283,109968.39256688877,94032.53678821141,93422.38372467822
2002-08-19,111864.09796050203,112181.84963454292,112401.74416101814,96660.20256390034,95349.8343161706
2002-08-20,110542.97791278776,109695.34461450856,110906.3189603774,94660.08699913771,93357.923363168
2002-08-21,111603.26204055286,111580.42821176574,112656.89671092862,96647.32577474408,94842.95660863533
2002-08-22,113081.08200701023,114280.82240383915,114816.21556997896,99345.76681491491,97099.23644898542
2002-08-23,112165.62969307815,112511.25021886286,113541.78580229128,97359.18238763156,95326.9629002242
2002-08-26,111391.21082961814,110990.22071871662,112576.02765386665,95903.39646797202,93950.52370988617
2002-08-27,112624.38368283006,113359.44613378787,114298.28302081721,97915.52256409396,95656.38037013273
2002-08-28,110338.01879829734,109070.39390951165,111075.81437601196,94239.4882209809,92579.49913323045
2002-08-29,108496.22411936708,105572.24734051983,108369.289527334,91443.80235757002,90355.51110642191
2002-08-30,109217.55196315375,107009.07876807262,109411.13906750914,92370.42368264584,91095.7566641891
2002-09-02,107229.71455291523,103142.20222592905,106377.83322819423,89449.16079778348,88882.92857515137
2002-09-03,104369.30879634096,97818.12653059192,102581.85560171542,86079.30399714828,86061.86723630993
2002-09-04,105287.77481986958,99675.32576918787,104069.70902250406,87497.23449768584,87104.58753209446
2002-09-05,105254.84878309834,99745.34941097804,104001.72690370568,87390.30548959815,87051.23980083944
2002-09-06,107438.1181373473,103765.97005988848,106895.43488382563,89972.31917398858,89218.52959324219
2002-09-09,107168.29386441322,103257.05793915773,106379.14822666212,89423.30259289278,88823.40870703087
2002-09-10,109178.602993131,106866.59372009235,109025.88904256995,91740.4189117072,90793.81079680382
2002-09-11,111673.50236507133,111404.6017692039,112226.31264033231,94837.74594496384,93483.08540969856
2002-09-12,108998.47441247923,106298.08439977093,108344.22494611898,91229.56172023146,90656.5019160438
2002-09-13,107090.51252106088,102823.77638675558,105402.3018985822,88638.92986554388,88771.29364440237
2002-09-16,106743.01824532659,102180.93129649952,104707.78549074347,87966.2973077764,88345.75441310626
2002-09-17,106608.75698728791,101714.07344294086,103904.13074628956,87274.06712329901,88189.87668349022
2002-09-18,104281.72714910832,97297.68070005772,99874.27942447086,83789.69997577627,85958.80218786847
2002-09-19,103063.95319968919,95063.01919063088,98071.59763080454,82269.30240799987,84859.52824324896
2002-09-20,102530.53195314086,94243.01666460594,97189.89531982201,81846.10329857167,84636.19605689654
2002-09-23,101638.28306035342,92653.6252943242,95322.48242458102,79677.9708145049,83283.81192572557
2002-09-24,100930.50145994153,91486.0498541036,94189.03573681218,78632.26500416019,82535.13686692386
2002-09-25,102189.70095034032,93813.476177675,95831.24675481467,80348.5130935856,84041.05071325852
2002-09-26,104720.31781884721,98579.39296622734,99491.39104885937,84937.21909038324,87796.80163383209
2002-09-27,104608.02761148367,98338.87476665665,99300.13422267375,84553.6215198635,87469.76990050041
2002-09-30,103192.70018559285,95500.33836410931,95946.22281208629,80501.72090482256,85008.53406571767
2002-10-01,103034.2659669621,95404.26680036668,96154.42744974674,80793.75411587619,84977.71363963578
2002-10-02,104061.46880301817,97326.55350272717,98109.67629628253,83289.28685109525,86701.11816075062
2002-10-03,103125.81451958187,95546.37565050072,96578.38081644558,81408.48255939942,85285.40372962308
2002-10-04,101203.2412608449,91831.6926880188,92930.80337380899,77658.36733754829,82916.08836898622
2002-10-07,101015.01551977907,91367.83060928773,92699.639143139,77301.85934118653,82618.77480014291
2002-10-08,101205.4881640212,91837.35294750295,93224.65418610688,77710.9261123035,82774.01077427709
2002-10-09,100050.03806841455,89856.29535325555,91630.11399795345,76105.0515052621,81459.54961155719
2002-10-10,101978.68044523282,93284.81202816294,94672.66427432907,78890.68525352846,83396.39681030314
2002-10-11,104915.99225996814,98818.91120678783,98826.51796078257,82881.04705028464,86448.1912871275
2002-10-14,104778.27316819703,98444.68803757586,98823.70676156633,82471.79159382296,85983.49710547675
2002-10-15,108698.90985133148,106037.91001274325,104232.9099910443,88441.16222201141,90719.62147012145
2002-10-16,109079.5044957915,106950.74399375703,105212.32795722882,88928.1319864586,90641.82661125626
2002-10-17,110544.07580257673,109723.00921345703,107617.01895223181,91626.6272137232,92553.16924981993
2002-10-18,109498.52879682057,107731.53260032447,106357.9922845575,90219.3758333606,91151.45423999622
2002-10-21,109821.95064331483,108159.25313038526,106968.38852960173,90420.03427027713,91142.92692788031
2002-10-22,109537.99573272484,107418.97792355834,106788.8484881701,90072.78847151942,90685.51454066405
2002-10-23,106987.81987439521,102652.54191728964,103316.10855426417,86446.11903226702,87584.97863531022
2002-10-24,107985.73484910915,104386.97591543307,105176.1054588422,88135.60909995309,88657.33383628783
2002-10-25,107915.46188030054,104152.00534405284,105415.83983114226,88274.58185542312,88530.00960814473
2002-10-28,108778.74389815061,105735.7912629173,107010.98715432468,89613.19842979107,89320.18898283866
2002-10-29,105738.4314502132,99897.22131730305,102732.76978686426,85601.98678063699,86076.52492749976
2002-10-30,107774.19698183145,103682.61277856854,105589.77791160789,88158.80742378863,88132.85837788378
2002-10-31,108634.60199312678,105310.02056047505,107223.08952291726,89645.6303540586,89062.09524739107
2002-11-01,107906.62053201288,103810.3952516334,106234.94934770084,88673.7659086145,88221.01597613835
2002-11-04,110834.57633042973,109736.59319475567,110419.33413258089,92371.38557868615,91089.13000734788
2002-11-05,111370.99123320091,110807.12094646449,111320.8057905189,93108.00937676565,91540.58102099189
2002-11-06,110145.45083699345,108404.34605090643,109803.05577050851,91610.56780930112,90182.39117725311
2002-11-07,107542.91993121529,103497.44917688561,106262.38976663996,88441.64016906281,87573.53628300593
2002-11-08,106138.43602187137,100940.35261997709,104341.11300811115,86766.69569954733,86202.89639140009
2002-11-11,105670.43496800987,99962.47278230819,103627.66887884584,86164.97994399334,85779.34590878926
2002-11-12,106035.51616523645,100608.68005249272,104101.39624722417,86560.30510020778,86092.31335786924
2002-11-13,105234.11035550802,98997.88730005271,102901.33084626298,85544.70445081507,85348.86859560998
2002-11-14,108225.00811652043,104398.2541488187,106743.44576647125,88810.75809470075,88173.16682069494
2002-11-15,108708.66749941015,105084.4055930934,107523.53683322857,89704.913096559,88859.23960029974
2002-11-18,109662.53857984343,107091.04978151522,109152.65444850286,91443.68910642756,90061.48578391384
2002-11-19,109038.98902254661,105965.36159774415,108296.57473507574,90344.7885119993,89093.98771605256
2002-11-20,108524.50341907222,105020.8045877569,107751.34887879467,89632.09740816682,88363.10876505435
2002-11-21,110096.92712962134,107843.11754030176,110084.22533563322,92211.34112201653,90515.42357398102
2002-11-22,110358.54917561432,108269.55112606633,110694.94403350067,92894.40413308282,90912.46920946709
2002-11-25,110058.64628893408,107778.1029260875,110339.77907670029,92294.2203625694,90295.84198842451
2002-11-26,108766.40758626672,105400.37141824838,108554.66817487466,90332.06887922024,88583.50399226816
2002-11-27,109944.56592765116,107605.5336123244,110251.503203744,92082.51057674659,90054.58632847981
2002-11-28,109981.90975347377,107580.34679919254,110610.87241792078,92544.27454525734,90261.93201860898
2002-11-29,110144.82774342629,107789.79127969492,110776.66379167764,92482.81311090312,90197.83506762839
2002-12-02,109261.80156549478,106066.03413553124,109661.2532121743,91325.81904461741,89111.9602478613
2002-12-03,108449.74412739037,104505.67289238135,108209.26753740128,89634.49566635305,87852.44999557661
2002-12-04,108093.46621860727,103958.94976792777,107586.5043872544,88841.59322107099,87237.01242853071
2002-12-05,106962.25539187738,101817.7383667954,105701.42639940672,86937.2266517477,85821.47795657914
2002-12-06,107192.2741815393,102303.19189584478,106119.87233309106,87311.77087555843,86059.98410627681
2002-12-09,106113.15852826038,100198.60706897234,104455.09490963869,85794.82009205711,84883.87859192138
2002-12-10,106394.05898580475,100871.09716529361,105044.42489671438,86236.4685589625,85129.14709078144
2002-12-11,107552.86218357459,102976.45934689588,106755.77905936589,87655.30944331532,86249.79179732382
2002-12-12,106481.2973046246,100930.79942635534,105365.63216690675,86453.23897589103,85204.0083338909
2002-12-13,104889.4288829021,97985.58660360245,103249.92350913175,84665.64000269015,83705.92876545974
2002-12-16,106749.01331253366,101412.38284845695,106062.87129310826,86993.40903402917,85455.571639893
2002-12-17,106317.66396017098,100762.70831853189,105412.59255812944,86448.41561056198,85050.75786494512
2002-12-18,104834.47167637348,98257.45578368224,103184.27394952333,84608.35643452911,83673.82164851937
2002-12-19,104593.00130220277,97460.97577722228,102478.00355029457,84023.2333312158,83439.9774550236
2002-12-20,105041.72932239602,98477.94710314117,103362.06754392163,85003.99899866543,84105.19147567033
2002-12-23,105359.93575336007,99033.06244580084,103830.96974454547,85262.03180501319,84271.75212301542
2002-12-24,105404.93541355831,99136.07988054525,103987.98050145894,85313.31882845004,84226.22778969679
2002-12-25,105441.99544993213,99187.25806195548,104131.34900794756,85313.31442257497,84143.19817478236
2002-12-26,105486.04170358105,99259.08139680175,104272.59101653588,85313.30911771249,84068.18126698388
2002-12-27,104350.10217898157,97098.84724603026,102094.97787651673,83006.81085030363,82470.95781713238
2002-12-30,104756.75700665324,97761.44231059773,102516.05539818027,83245.2632392323,82757.52270567747
2002-12-31,105505.20433607942,99216.39600918387,103604.8470504306,84253.51273744392,83574.02489450588
2003-01-01,105323.62958015256,98851.71558319074,103539.60168543008,84040.81973662793,83242.63734692153
2003-01-02,107836.93757413272,103711.31380291219,107241.37083293173,88189.06659898486,86681.45468092797
2003-01-03,107885.87863573187,103742.7529984772,107465.62209131948,88360.57210961006,86674.40549939498
2003-01-06,108400.94745632076,104675.58897942466,108187.11583499941,88686.90323381723,86889.40461177548
2003-01-07,107688.11360674837,103275.60190615359,106974.0819493884,87128.11754984563,85645.23163185197
2003-01-08,106430.98691753809,100845.89355648108,105210.77143589033,85280.41039359928,84041.77849827336
2003-01-09,106851.34980727224,101691.88614778228,106095.92252800133,85960.27821745031,84405.4435245949
2003-01-10,106891.2613735734,101754.44718433687,106503.00021569144,86197.82849199726,84352.86129023344
2003-01-13,106826.9479755668,101532.39186174455,106479.2813357317,86000.16466941498,84105.62518088458
2003-01-14,107060.46252864176,101829.91330657247,106852.04648672795,86390.06414774107,84402.7338215702
2003-01-15,105748.61570918195,99200.17598270818,104720.59594411902,84688.56718034256,83196.84653451922
2003-01-16,105728.81138115098,99141.84883963504,104745.07858906423,84794.06838477572,83246.9929551139
2003-01-17,103912.41259636426,95642.16354901722,101895.16925226309,82707.42928880318,81735.88379803693
2003-01-20,102005.88698858037,92072.4683223077,101229.58294303008,81768.83915704254,80107.21959519823
2003-01-21,101686.29327519295,91428.21393641205,100693.56159721603,81063.07990337528,79578.13449144182
2003-01-22,100346.38820782848,88881.587549309,98641.21812495727,79043.23031200483,78135.03541903551
2003-01-23,100376.06946101932,88847.49375251596,98586.33413970051,78993.65813432689,78141.64064443238
2003-01-24,99778.2783223978,87685.51292262941,97589.64530691234,78081.85911192243,77531.10080000394
2003-01-27,97848.05698662504,84064.13193450117,94617.79577903044,75372.77859904876,75696.31893870507
2003-01-28,97420.22666778795,83393.04019642503,94259.68966609855,75050.21608927868,75349.38799985744
2003-01-29,98259.43044537374,85017.38398364946,95403.03602256846,76000.62374620872,76047.93345182433
2003-01-30,100409.82131224143,88835.60063029361,98356.4108634306,78700.65590378593,78074.070307465
2003-01-31,100670.68155687606,89553.85724665373,98656.24522760588,79220.69960507986,78553.40151909631
2003-02-03,101261.56155938892,90444.79424075002,99272.57756299626,79600.907681499,78892.51813406438
2003-02-04,99766.44360339777,87742.04718103113,96858.53149765942,77467.617416278,77506.73734814105
2003-02-05,101330.29378346865,90556.94336765043,98566.49664651112,78976.33553623497,78860.66152274175
2003-02-06,100532.55522155657,89111.34609503829,97312.3924270244,77814.67990972182,78070.54380439351
2003-02-07,99727.32299733715,87645.48292520901,95956.37787880505,76619.21784079603,77334.91559061273
2003-02-10,99219.7704113716,86707.11954973635,94751.00931260505,75503.38799497604,76795.63995068778
2003-02-11,101190.17546567357,90266.25825465657,96971.45415389427,77448.90682760137,78501.69691730637
2003-02-12,99970.7493560233,88025.14493023939,94864.58222643346,75608.90161031667,77400.39577529432
2003-02-13,99982.06802051923,87970.60995083234,94646.18122928152,75358.4575548024,77343.55650004339
2003-02-14,102076.97381720829,91697.22775098178,96985.7310451416,77389.58412933744,79124.01892109303
2003-02-17,103618.71235755109,94547.72053520085,99101.51202287398,79004.6681008561,80230.7082249891
2003-02-18,105493.65169618352,98048.48753386232,101264.72225110141,80747.63446208727,81660.421098469
2003-02-19,103828.28627791643,94919.74164316722,98899.92176871952,78696.18586234236,80208.13109542013
2003-02-20,102668.97119627261,92730.2849308517,97182.76986122564,77285.5947608473,79265.00329044001
2003-02-21,103418.29976375031,94027.65173902536,97952.80305896113,78145.73272696717,80022.65911451138
2003-02-24,102910.37112554366,93031.52266866819,97109.45244278299,76939.35971371352,79170.47882661058
2003-02-25,101400.23390002263,90392.71886411642,94674.4512538237,74639.19887633972,77639.02552621631
2003-02-26,101316.6191064289,90298.46474041967,94414.09249757409,74356.42402888725,77505.1732071405
2003-02-27,102527.01904866673,92412.56349435037,96190.16712168604,75923.05196751309,78605.87075937065
2003-02-28,103450.02261702596,94049.22946794865,97567.98446271627,77142.140962693,79453.9654802983
2003-03-03,104259.8026971781,95511.1599607853,98642.03159033827,77987.13858144676,80101.63597471367
2003-03-04,102841.27645585126,92895.1787437117,96199.69308230134,75654.73286008881,78612.08347003881
2003-03-05,102251.83396044101,91687.74595477783,95189.45657592628,74696.92600460321,78004.9092890218
2003-03-06,102118.13006659338,91569.91590486128,94661.67259477102,74276.34460160813,77884.35127326768
2003-03-07,101184.36303010747,89830.77792107302,93158.44545725567,73003.49304982848,77057.76580467919
2003-03-10,100113.31137223638,87862.98034019524,91126.981653299,71283.86906738006,76107.82813729324
2003-03-11,99641.20377212549,87038.73325499623,90947.38616950295,71107.67266571059,75719.20076957547
2003-03-12,97449.14040138632,82950.73350728408,87432.39365582139,68279.46787815393,73944.97985021686
2003-03-13,101785.84064799163,91073.33942855432,93274.2857913628,72982.28218315852,77479.81639196453
2003-03-14,106900.49424208741,100444.97484986717,99641.43462445716,78457.42033221062,82011.05360857448
2003-03-17,108815.99366859869,103941.39191740856,102744.59787981847,80774.78035099315,83419.72331976608
2003-03-18,107836.9548477397,102194.35889080283,101917.91485795552,79994.23122796416,82525.68650882476
2003-03-19,108661.24016155217,103706.18737334634,103173.15069950937,81079.39695944452,83255.63819332598
2003-03-20,107584.10098699536,101844.49352580748,101884.34601954774,79751.28456537872,82068.35236019557
2003-03-21,109514.75805283758,105161.0404656881,104695.43355795088,82567.8810142771,84112.61331621956
2003-03-24,106726.07240071714,99897.5201107936,100403.06643314785,78038.26361500981,80927.7086560799
2003-03-25,107905.12418236556,102123.62011966268,102537.8194418734,79937.74175004076,82044.95572729343
2003-03-26,107304.3437142527,100875.48602662324,102136.63962296501,79340.07971977127,81327.8350122128
2003-03-27,106057.08979421003,98588.39585038289,100517.05686807312,77749.77434548948,80082.54411666219
2003-03-28,105819.2698571403,98092.3377665907,100236.6314674518,77425.52104107931,79807.80797045719
2003-03-31,103189.85408791593,93261.23042653721,96251.60339555611,74000.90142977687,77444.29959099418
2003-04-01,103327.27882577888,93523.88615178337,97141.77327289656,74677.59159139288,77520.3321800683
2003-04-02,105217.68517592056,96869.60666715326,100247.55522108095,77211.68761930407,79110.48119731029
2003-04-03,106811.95705934927,99961.65717009618,102915.80958081779,79403.94909004103,80469.94579030837
2003-04-04,107535.9513879137,101319.48069718118,104059.24252529992,80473.30379491343,81208.88262555456
2003-04-07,110286.5579965659,106376.87489955219,108295.18521446333,83912.03211399232,83490.60495389649
2003-04-08,109010.3215694173,103873.13033384734,106669.2837126685,82447.81984280706,82310.64447598721
2003-04-09,108659.86705635347,103190.59526012832,106541.1763053229,82243.45087211275,81951.4975717576
2003-04-10,106804.60597103869,99912.58760340024,104128.54166314867,80228.60071031068,80358.76412332268
2003-04-11,107479.81883890028,101091.808808804,105010.98979701925,81011.92890402529,80980.7372320456
2003-04-14,108045.29985653747,101945.8532356751,106179.5365274658,81768.82724331794,81270.12760501706
2003-04-15,108569.67546163239,102700.6530812683,107101.2196688988,82461.08961226343,81659.35122862636
2003-04-16,108049.26216998168,101755.57054810436,106602.57693808517,82060.07902022223,81244.3530894356
2003-04-17,108024.71672102509,101690.62646437765,106962.83900154084,82297.16683833906,81176.81158635639
2003-04-18,107784.55960668658,101250.59953291024,106743.70414240281,82297.16784975049,81101.26089804491
2003-04-21,107853.03088637601,101298.79232289651,107106.71929804188,82297.16617565218,80913.30692738503
2003-04-22,107721.89288112876,100928.17378779681,107191.52217869734,82357.99893685662,80825.70731448663
2003-04-23,108184.69884208472,101627.77788145172,108018.61027684188,83138.11015591005,81295.13970103634
2003-04-24,106907.4901022573,99314.24366743589,106563.71784228555,81550.79021078188,79798.55290606676
2003-04-25,105995.12028344633,97627.39351617915,105369.19940293563,80362.87363569681,78892.6125024197
2003-04-28,107226.24338728741,99845.46859963563,107269.48043711418,81921.07816132325,79912.29078226621
2003-04-29,107550.16384348695,100561.13111919072,107952.28793981043,82511.93900131965,80139.39543986678
2003-04-30,107910.86347586461,101106.02991857425,108621.75732492225,83048.89968253885,80415.93956584403
2003-05-01,107901.07708202106,101054.84902615387,108743.4477835337,83048.90259968827,80334.06768521201
2003-05-02,107819.26636613108,100944.13985855022,108821.3705374483,83030.9989864847,80135.61347458363
2003-05-05,108423.97861514357,101952.11317382002,109769.00672691542,83759.69934955928,80560.26710017654
2003-05-06,109552.93537021382,104003.27172963262,111334.9028435818,85299.56603118776,81650.32365768283
2003-05-07,108867.03781272113,102574.79414225079,110517.44728071247,84333.09096531803,80986.40612515782
2003-05-08,107342.9402737825,99834.99196547996,108546.01050810568,82398.54082048195,79531.63363922136
2003-05-09,107884.03816704826,100963.00204392133,109467.85402978996,83187.39936564457,79972.91369381487
2003-05-12,107743.38027871761,100582.95710315215,109498.03819085633,83086.64848659452,79780.80213338698
2003-05-13,107853.30315683509,100714.92801219868,109766.9186767337,83306.88896236221,79864.49431943754
2003-05-14,108233.45413520867,101505.67784746736,110266.8220463654,83612.07400656879,80113.74576338574
2003-05-15,110000.40422906526,104188.70479964648,112228.11109942723,85027.02905229983,81538.90862760846
2003-05-16,110252.36957529766,104580.31410398424,112638.83840715767,86361.9912467957,82643.46198703776
2003-05-19,108299.08182569145,100997.08609832566,109587.81372888839,83198.96195776801,80448.06001263871
2003-05-20,108437.93236393007,101491.74436742494,110002.11247711109,83590.21489396653,80596.46395419224
2003-05-21,109024.1089850799,102907.20846287206,110851.8138342858,84602.37276940353,81366.68566334278
2003-05-22,109337.18525020566,103404.07857426183,111344.74980408691,84993.52630887483,81595.52097252735
2003-05-23,109016.96084160054,102743.02154249027,110772.90365307416,84332.85910770323,81168.03966508989
2003-05-26,108897.6100395957,102478.34183868754,110714.30542390961,84087.49816615605,80903.39621221271
2003-05-27,109310.374143465,103297.60152954241,111496.38198842296,84779.5999781587,81242.75404657202
2003-05-28,110545.65615414915,105415.91495616935,113111.64989526122,86356.73483191563,82489.11610116763
2003-05-29,111101.56681965331,106342.15769357725,113844.0080368002,87066.66535814435,82967.8366279507
2003-05-30,111697.31803662649,107690.89290045144,114739.56097236375,88062.9331035974,83542.29267181386
2003-06-02,113108.46331471653,110213.74983828493,116644.2264975715,89759.17811155497,84913.6465285267
2003-06-03,113361.39271740675,110699.50481175233,116955.18004084255,89991.80433341107,85152.48872345392
2003-06-04,113805.00360622643,111485.6326547222,117611.96589371341,90780.69019102388,85640.93709777364
2003-06-05,113428.19786880976,110769.44887368669,117074.72419079856,90273.46252287229,85140.96916385782
2003-06-06,114534.90654718131,112816.3226065269,118470.47206276364,91632.43556477454,86255.05755634223
2003-06-09,114275.87678200523,112317.34552029446,118103.14248599409,90769.29890422625,85494.94871094413
2003-06-10,114918.39840311836,113417.20589818757,119018.37397393942,91605.1345170793,86110.7559332907
2003-06-11,115517.07590226454,114460.13045822347,119948.56878291036,92658.72461046695,86886.77301206128
2003-06-12,116225.93268604993,115541.43147267954,120771.57691989627,93660.70227905244,87667.00649531701
2003-06-13,115905.2453843745,115107.57128821383,120344.98015287485,92790.96371660991,86956.89731350393
2003-06-16,116955.76149592728,117104.03500045826,121718.4635695956,94537.53289699805,88274.0980680339
2003-06-17,117544.88171790112,118157.11318080455,122499.60906592339,95558.6413176765,89043.84590701823
2003-06-18,117902.39159696425,118820.95480747335,123066.663247555,96260.27352694629,89678.28345555396
2003-06-19,117668.60452930653,118569.63306423709,122872.24538868736,95193.8293862576,88712.19762539596
2003-06-20,117411.07720854596,118179.57362108745,122526.64559221469,95934.17666033373,89172.53438111489
2003-06-23,115472.69443045178,114454.0139218674,119886.36177069174,93211.21639752632,87036.75055940196
2003-06-24,115347.37719095148,114090.46066988207,119681.25852832601,92978.69123787418,86864.6287202494
2003-06-25,114876.77585176048,113132.46620014073,118982.10055268824,92313.05823182553,86360.7976563334
2003-06-26,114706.27186749273,112692.84775400319,118923.21772454986,92176.19875813447,86156.83015185448
2003-06-27,115289.79780558524,113941.78198269919,119652.57594225548,93317.6963040823,87216.6919191776
2003-06-30,114687.51213868042,113003.2048973225,118909.36382731427,92455.4147223448,86405.14642651429
2003-07-01,113361.27028554192,110509.7377537325,117201.4066896311,90990.05061604896,85195.85831645354
2003-07-02,114982.09370537571,113221.49900801333,119348.04427231036,92703.65257738576,86616.15364977562
2003-07-03,115228.20471515211,113590.32955004924,119944.4023300058,93415.00225308324,87169.93374473062
2003-07-04,114845.00283716185,112903.0464449924,119544.3127506411,92888.03813961342,86671.62405856364
2003-07-07,118293.78004979083,119396.97215696014,123863.6812899208,96893.86992697527,90172.14779663802
2003-07-08,118430.42907005808,119494.32727267902,124185.43261998193,97139.38000685706,90318.39176167863
2003-07-09,117472.31850696405,117655.23520267665,123042.43255720528,95984.24309944734,89281.60211857941
2003-07-10,116628.6129028228,116135.52185427624,122058.08529613324,95106.73293039353,88454.08333963309
2003-07-11,118143.88528342206,118930.55074144693,123974.62501168367,96686.6713083388,89759.20834111984
2003-07-14,119621.64598912088,121652.85609679499,126093.06205417315,98453.12543290111,91211.91679594261
2003-07-15,119084.58684885914,120435.19858196947,125580.19853364615,98170.80079594078,91007.45149913008
2003-07-16,118570.77463598293,119406.25423287135,124933.42903327393,97385.4115442307,90357.83036238763
2003-07-17,118445.50310534792,119294.55575138322,124677.2565562162,97002.38188052042,90045.633761205
2003-07-18,118039.11633311206,118553.78516245764,124347.38587651633,97110.84890539374,90083.42479140857
2003-07-21,117004.80977138414,116654.53855915974,123110.17875805519,95617.73180504538,88791.11412934288
2003-07-22,117244.84869364942,117076.5438088764,123440.53291736692,95816.78320928238,88916.8624197512
2003-07-23,116959.54686811865,116562.54801045397,123198.40183566714,95533.20508697085,88618.24651883535
2003-07-24,118711.8263764096,119692.62839798554,125336.81067287199,97642.87002670906,90417.32091433168
2003-07-25,117631.24088883081,117733.77898387462,124099.18551886932,96349.2936827304,89276.10195906305
2003-07-28,119459.1033416509,120909.48698338555,126239.03544800747,98261.29954035036,90914.90968408629
2003-07-29,119200.87602319209,120394.32338900318,125896.43274500959,97829.94411757385,90524.12094258319
2003-07-30,119965.96292326441,121700.47949302458,126738.88765274364,98630.79523366688,91236.69325905209
2003-07-31,120857.16943803833,123245.03286416804,127783.77551826436,100052.11907727236,92510.77289836989
2003-08-01,120311.43657296435,122147.67094133973,127034.26799384323,99217.61943885074,91841.47478411961
2003-08-04,119868.0981733651,121248.7009431071,126363.95807473255,98211.30936819197,91022.75312837366
2003-08-05,120887.53605392814,123205.21353325942,127584.24052473299,99422.57466816144,92057.44021379591
2003-08-06,119402.23287152564,120431.09351314291,125604.27434831229,97566.59819886927,90578.11388500672
2003-08-07,119452.94617167377,120651.08727500931,125657.66328092689,97397.35122669146,90404.90039597578
2003-08-08,120309.97400250143,122298.55793574742,126685.98230739372,98180.78616671763,91054.00597243069
2003-08-11,120905.01609270144,123379.88593942986,127356.04599531238,98551.25708166971,91355.48304376811
2003-08-12,121446.91553166904,124180.77505493572,128085.11847495036,99143.12755305463,91833.36837293454
2003-08-13,121684.32955015733,124417.5469073113,128374.88657397569,99371.6536021314,92013.61700969026
2003-08-14,122944.15579231535,126737.48917126162,129975.72002141064,100692.61140786918,93064.01112476426
2003-08-15,123222.15014567331,127254.25774182116,130337.38877512557,101133.6741323453,93392.57810747194
2003-08-18,123879.26421845394,128341.78295195433,131172.56837766943,101788.9659572629,93909.51310967538
2003-08-19,124152.02964707797,128852.53322353694,131462.94385375507,102108.45791931218,94223.55269840335
2003-08-20,123745.57562187269,128062.08676378844,130929.09310390495,101534.28322480743,93766.5885681587
2003-08-21,124447.15843315308,129462.72921778144,131774.77968010856,102761.35747422972,94865.16945918197
2003-08-22,125045.25397193526,130574.23300295889,132493.94015784108,103615.55467174352,95615.26695998244
2003-08-25,124445.79656112863,129507.97576616098,131641.6542205743,102351.18303117371,94568.41446665327
2003-08-26,123807.61334779683,128285.95603891791,130743.49096468538,101479.77076242043,93901.72528794664
2003-08-27,124119.8492209775,128869.533227249,131065.64827047545,101868.01543886175,94296.26255322927
2003-08-28,125043.23838159305,130500.54028616894,132134.62995920746,103042.02035831829,95331.74245965452
2003-08-29,124905.61018823074,130341.38895553722,131959.92983743735,102852.8168300949,95176.0796016998
2003-09-01,126617.36877877118,133481.9799310965,133987.96217681697,105197.27491656135,97225.32473229541
2003-09-02,126917.8657333569,134033.04051608345,134355.69836982808,105615.69644720669,97594.50735385065
2003-09-03,127762.74757467832,135442.73143044417,135264.36094904525,106763.15791488471,98688.70886339094
2003-09-04,127813.81852519447,135589.4898968541,135302.23837452836,106521.96414457903,98457.36022987678
2003-09-05,127621.04218869572,135191.79958616494,135043.86800490844,106178.41078278079,98177.98421816023
2003-09-08,128230.69881676587,136288.9334032497,135782.3159701984,106587.55153641346,98493.30555176339
2003-09-09,127582.78284105065,135082.35316054014,134948.21241360152,105556.13804915649,97624.24356412404
2003-09-10,126842.03617435507,133755.19151749634,133975.8535217765,104209.70640724346,96479.95345904167
2003-09-11,126930.28561940025,133945.5469149711,134074.46552261832,104219.89779250706,96488.49796414969
2003-09-12,126349.26515086535,132917.1250325674,133317.8288926125,103302.52012759681,95731.31144576082
2003-09-15,127151.55142946765,134281.7321520846,134253.70145454918,104238.04010527958,96557.26020914143
2003-09-16,128113.4599751222,136059.7475436743,135428.9123933399,105334.90824962946,97472.49427295286
2003-09-17,128268.05359784982,136234.92094897706,135633.4918529597,105499.87850117781,97597.94737527544
2003-09-18,128576.78830110728,136677.60302482336,136167.06633503828,106240.91635337214,98155.65790989474
2003-09-19,127666.63259075591,134982.62971158104,134991.4364305285,105209.10800441529,97273.07294366696
2003-09-22,125648.49461607129,131355.6157752998,132375.20674190827,102361.42066338596,94945.79688085237
2003-09-23,125089.29545863847,130333.9259253367,131701.2286059842,101620.19326407702,94302.29229151049
2003-09-24,125187.78644641604,130498.36000453182,131928.7499292478,101675.64895043233,94253.58654919355
2003-09-25,124279.33788331265,128936.46558283764,130860.72217439493,100668.69386613868,93379.1996921768
2003-09-26,123633.10087519792,127811.76739032028,130206.43160585858,100011.14976228183,92720.75251263671
2003-09-29,122884.91513405772,126329.31448347244,129327.00222715076,99163.02336628035,91950.91519858719
2003-09-30,121198.44124192902,123176.57845086706,127189.73007022595,97423.41162264298,90547.53355392648
2003-10-01,122599.0282952663,125856.2196064668,128989.47022003015,98868.77010255406,91708.09340864456
2003-10-02,122659.35081134722,125762.28831916387,129311.51029785046,99073.99476254499,91730.3950398646
2003-10-03,126337.96933204253,132437.9909092153,133519.07412823182,102623.48756244504,94875.68958121527
2003-10-06,125483.26057861568,130721.02964270416,132588.6947722019,101726.34425362943,94034.09661353064
2003-10-07,124695.95094319172,129270.96295337011,131709.65088705477,100941.35020406489,93294.46395778768
2003-10-08,124742.41905879957,129178.6096273205,131806.60355317674,101008.62486265511,93293.84125061826
2003-10-09,126765.70696128349,132711.00325358976,134300.07836480392,103047.73572551065,94993.78164961966
2003-10-10,126254.81907522427,131868.86116496043,133812.46940007384,102597.90659364812,94517.55372057448
2003-10-13,127843.40558038797,134720.38870332486,135830.69958700865,104149.36421599209,95768.54252639116
2003-10-14,127113.31432699076,133342.7585087186,135092.87143269132,103524.81512428605,95136.54069379896
2003-10-15,128509.34229214006,135829.89275005882,136650.06782008192,104843.83074098422,96291.54467559844
2003-10-16,127999.09479091116,134777.4529911152,136147.51416159797,104365.5684757135,95816.23035849586
2003-10-17,127640.59718767906,134014.23522152845,135782.51165119914,104258.80321973453,95685.82181066653
2003-10-20,128051.27430798287,134680.50446710066,136326.19120788528,104518.16002741114,95847.02613054516
2003-10-21,128364.50125235817,135239.84769364487,136810.98593779615,104873.23246304115,96084.85095219297
2003-10-22,126916.28482973696,132725.92412876565,135098.82902058092,103106.88770567354,94511.74285871314
2003-10-23,125827.42761017296,130818.90791028099,133821.42728105083,101872.39522336177,93414.01266591923
2003-10-24,126027.92103573272,131245.9560278827,134162.91297051098,102115.85814995303,93561.49329463494
2003-10-27,127465.29985272638,133693.81506678744,135920.33002742828,103590.75668240036,94813.06930405408
2003-10-28,128695.71778247406,135930.30702506544,137433.2715259897,104941.87218510125,95951.14779784078
2003-10-29,129704.72304304942,137570.37012869865,138675.18406436493,106172.86623945448,97007.36384239886
2003-10-30,130632.16346769579,139148.20676473953,139827.93331843644,107282.2608679703,97968.10252650273
2003-10-31,130124.38119681051,138190.99581257612,139213.34361016718,106646.24866099803,97410.3535747561
2003-11-03,132117.34419459754,141771.54991983235,141603.25850615944,109141.19749980138,99624.1339580479
2003-11-04,132154.8628232446,141900.76619093234,141654.40202054943,109031.71157694382,99507.99983318117
2003-11-05,131841.31134758535,141324.2570267209,141244.14107730752,108470.56729843678,99018.92211188328
2003-11-06,132096.1229997926,141812.49656014785,141532.6696925454,108869.85854419754,99370.70358546646
2003-11-07,133021.70895756735,143403.3851461523,142642.98378797687,110081.40412400813,100455.3322585977
2003-11-10,132769.13640752676,142852.80837934747,142292.83274380097,109409.5360779934,99861.25025524898
2003-11-11,132504.50204635996,142422.27227134665,141937.7364209495,108856.27121272405,99375.34942935796
2003-11-12,132601.0939657479,142515.96682643416,142042.73270952568,108793.47031614427,99319.17527268421
2003-11-13,132604.84904116564,142508.6534977548,142040.3516543762,108689.92981391546,99211.32670496005
2003-11-14,133874.92710830012,144966.24598291423,143538.4846941472,110274.96925549489,100622.9369567975
2003-11-17,131938.8398235741,141498.49897153224,141009.31637123978,107398.82215073748,98163.19069080114
2003-11-18,131545.28099805478,140996.9517134816,140565.0421233959,107122.40214059837,97912.26694177656
2003-11-19,130916.43869438545,139801.26228747706,139744.26392717593,106346.39440508942,97269.61888360513
2003-11-20,130493.83195714932,139203.8078653086,139229.6993042388,105949.38646606858,96929.6286957523
2003-11-21,131605.33947961274,141110.9656555031,140452.56711219298,107127.14156976504,97985.89314922995
2003-11-24,133114.46620178618,143848.70630976337,142263.46661668608,108924.85135768825,99542.74885600098
2003-11-25,133268.43357931616,143998.37049304816,142440.04763591033,108944.33956521546,99551.30675066673
2003-11-26,133063.68248119368,143635.43037743372,142200.9683557629,108523.15708207704,99172.91338657636
2003-11-27,133871.465742957,145100.85657213852,143202.85761786293,109523.73326818939,100024.00615883924
2003-11-28,133663.36485524088,144622.49678209293,142948.54322030809,109078.3740676009,99622.2457448501
2003-12-01,135387.17584234563,147682.0924669515,144981.5712206556,111353.60113354347,101669.19592198578
2003-12-02,135190.33798432487,147283.7946630351,144732.07368447035,110893.12811383179,101262.83429051905
2003-12-03,136130.4221946369,148989.0073924032,145889.35802337545,112312.72248695751,102516.13863225107
2003-12-04,136382.94420088618,149271.12759817237,146151.66150084537,112640.40624243312,102834.67093281107
2003-12-05,135710.72468384547,148084.86647486227,145323.6476295848,111335.8650461165,101665.24622626544
2003-12-08,135341.0284970328,147354.87520491416,144872.00991971005,110320.78397540923,100728.10822525976
2003-12-09,135514.73807671582,147623.57812598764,145117.67090794974,110604.02109401877,100952.9395392956
2003-12-10,135565.443690501,147764.1317712915,145180.59421900075,110430.37348631962,100768.0786898469
2003-12-11,136168.46712361893,148820.435441834,145959.1909781472,111161.34349104622,101376.27136320708
2003-12-12,136470.0343877232,149319.46332699497,146351.50199833853,111583.37758558759,101728.00336353101
2003-12-15,137266.28407879866,150651.95397237863,147278.33664723864,111975.95519248204,102047.24372590073
2003-12-16,137223.14878083,150674.6425795727,147266.37099795925,111780.37012042124,101829.1217767519
2003-12-17,136844.26892720326,150148.52393739694,146864.28866080754,111166.46976854159,101242.36647596063
2003-12-18,136960.18785434982,150341.0400933335,147113.86810459243,111405.35149794183,101400.9595526185
2003-12-19,137234.0728339299,150701.303784491,147444.08664326838,111741.42945983684,101682.1623397727
2003-12-22,137402.88281737466,150921.71367484736,147667.52534854072,111661.4281680941,101570.10108558206
2003-12-23,137844.64312607615,151742.56619757015,148244.26248685265,112103.12285026831,101927.7053823092
2003-12-24,138198.80000678898,152393.54749370596,148672.2594950246,112446.12860863244,102223.51478874164
2003-12-25,138309.66653328834,152578.48993774556,148828.18703594498,112446.13161238426,102198.3501927052
2003-12-26,138413.38230315322,152751.69781741596,148957.32810897467,112446.13778245018,102186.33353917599
2003-12-29,138821.69057686147,153462.78221159923,149453.60657008656,112653.03964190248,102348.66636901355
2003-12-30,139011.4537831487,153812.71874072714,149677.63528007883,112822.43926408754,102498.39228052286
2003-12-31,139646.7714980856,155064.0528466871,150432.91917371668,113521.1911432374,103102.47782644814
2004-01-01,139754.9899913224,155247.55331644035,150583.8834063978,113521.19441254415,103078.90396863346
2004-01-02,140490.05405433298,156662.51505312062,151449.67171728928,114466.20651808135,103933.67773393718
2004-01-05,140806.25149092946,157164.64433543428,151851.1450762283,114695.12209063706,104126.58688083838
2004-01-06,139966.0056090057,155635.61097465784,150851.69840516805,113564.18801976551,103135.27123952238
2004-01-07,139715.80503277693,154973.10816772026,150555.11382095047,113085.52651796737,102713.75821777189
2004-01-08,139812.08271498795,155056.44137299882,150670.98434903167,113274.17079014714,102902.19531406839
2004-01-09,139184.42798066264,153744.44457097392,149963.69714381435,112680.4430847231,102376.30989105742
2004-01-12,138612.57165908554,152669.38499539872,149291.07103470163,111799.45033900121,101569.53368659678
2004-01-13,139228.57465146334,153739.98227061884,149943.60686989152,112336.6554728948,102074.30558346269
2004-01-14,140823.05273072192,156796.20516236243,151712.4850209197,113909.36307102168,103531.12902377955
2004-01-15,140993.51149919094,157191.2467689318,151951.18763649688,114422.18278615948,103976.96926314848
2004-01-16,142170.8602618962,159561.2475741791,153243.05400426683,115922.72366558394,105347.12492099598
2004-01-19,143096.76862505084,161351.85807532028,154334.75658018442,116775.03291813169,106083.572690249
2004-01-20,142688.31195951684,160487.30843288708,153834.59146027928,116212.24716778858,105584.4365396277
2004-01-21,143314.75778135625,161736.56595100107,154604.8044645696,117028.50824228795,106291.70579024495
2004-01-22,143228.2096350618,161314.88017861816,154514.30806951757,116958.22135183436,106223.8074171978
2004-01-23,142863.59731681633,160599.28596445287,153909.96819212846,116250.04449184393,105706.31787097182
2004-01-26,141832.74225794917,158677.02041882367,152526.38763401963,114702.82541191479,104421.88877252174
2004-01-27,142191.2371995651,159234.6041693199,152957.2343853579,114981.15076049286,104648.69875719647
2004-01-28,142083.16185294237,159139.7588734033,152939.6113478783,114867.59804915996,104479.06192566396
2004-01-29,140765.61362620862,157040.77348554585,151446.88169234706,113475.35954014289,103185.29522919482
2004-01-30,139642.23937944972,154993.4806781859,150141.77728686229,112401.21802154985,102204.33360087324
2004-02-02,140465.6559383298,156532.69703202424,151156.18544106418,113085.3549754941,102787.39615985262
2004-02-03,139615.3251666434,155036.44983570598,150198.1762194004,112354.64786672342,102106.19229658849
2004-02-04,139246.91394266975,154485.66708587937,149835.8938351015,112069.30408460031,101806.54454354956
2004-02-05,139467.81912166945,155006.77987063612,150160.43711973669,112325.97232105363,102004.94387226697
2004-02-06,139982.59938588447,155916.93863706395,150786.21319137854,112743.4599609246,102348.77034489585
2004-02-09,141266.73240625908,158177.23986469134,152272.62483464569,113872.82069107176,103363.30613087781
2004-02-10,141839.99996513833,159061.50814273753,152941.14025893505,114350.8438713358,103790.61741485534
2004-02-11,141679.35191140368,158871.42844062427,152815.33259240756,114258.68563012173,103673.29767590704
2004-02-12,141698.84426566763,158573.99401936994,152838.73052879152,114210.03929256977,103629.68414031657
2004-02-13,140956.12441440398,157394.92473683055,152026.97808856552,113754.6750675866,103195.2848620105
2004-02-16,142190.94035193473,159698.14369671445,153488.9635559092,114922.83835265384,104233.21231591493
2004-02-17,142632.1510917267,160628.21785733575,154050.99976294168,115234.7423125611,104483.40027720646
2004-02-18,142716.982172642,160857.31915342234,154152.77142086715,115386.19788431139,104602.88158406939
2004-02-19,144492.27952952942,164168.65073225796,156243.98865675673,117008.54691172484,106052.44877863662
2004-02-20,143456.2622294322,162286.9210920734,154982.4638509728,116346.98693722849,105464.58960912157
2004-02-23,143845.1300448879,162858.30993165023,155405.53896334962,116619.59349804687,105707.1561520748
2004-02-24,142611.31791463454,160604.51386758487,153903.17880824395,115096.00314194927,104353.29940067153
2004-02-25,142894.5668260199,161050.55926750522,154236.55633409793,115321.6570667296,104552.46275439425
2004-02-26,143339.96517562438,161761.48344519376,154735.09089850527,115830.04909266434,105021.41962672106
2004-02-27,144090.8108142424,163111.10727237852,155611.1371539951,116620.46807167343,105745.83368969655
2004-03-01,144891.80695153706,164729.71736991827,156582.04118831456,117458.15246818414,106469.58441282481
2004-03-02,145465.7900133988,165740.9045244754,157276.10670100848,118347.0798563261,107254.69228971818
2004-03-03,145220.5228303168,165178.5004925246,156944.0914233914,118158.56748307096,107098.96580962764
2004-03-04,145472.70060753726,165631.44272720322,157283.08374738644,118573.60156919334,107448.18299470677
2004-03-05,145524.96073496234,165625.2100177334,157336.70852044903,118643.74842464722,107511.7151619176
2004-03-08,145643.7472454759,165843.9413267014,157515.7665257993,119044.02954889617,107845.27991798198
2004-03-09,144832.33284964753,164396.57125244947,156525.14726674685,117409.48770751854,106371.32762148544
2004-03-10,145049.75715988636,164784.70699869617,156823.90661214464,117986.6191823594,106868.55445853528
2004-03-11,142199.33305088565,159611.76112176455,153382.76753625704,114851.5409840842,104093.44516999932
2004-03-12,142311.97627927028,159995.0862636107,153595.5208607951,115105.0332315833,104285.80835266408
2004-03-15,139608.27686884432,155215.86876656863,150268.66375049032,112239.59324923536,101775.93273368788
2004-03-16,140376.71036266632,156578.3844804877,151215.9674246145,112889.10702624965,102338.06511713236
2004-03-17,142711.13563712584,160749.1987321742,153880.45985358633,115292.46264443977,104543.31113350469
2004-03-18,140834.0978370575,157197.45403349376,151547.76275812995,113239.26305743943,102759.51937735252
2004-03-19,141073.66185612284,157861.20161489912,151857.0888026094,113815.72692484307,103229.33845549058
2004-03-22,139202.33471413807,154373.02963712957,149661.14601845256,111422.79212504842,101089.30125853643
2004-03-23,139481.33323717353,154738.32562013378,149949.77965011704,111602.12748524419,101265.40352571911
2004-03-24,139046.80324648126,153894.47782890833,149481.8182446404,111072.84026243578,100761.9093695332
2004-03-25,140573.55692495752,156669.17907907048,151321.35945877837,112802.22568472418,102323.76897944848
2004-03-26,141094.74909787686,157471.177841265,151936.67823145143,113258.55258165099,102726.67930601168
2004-03-29,142054.501925819,159167.7376207141,153118.70959380802,114122.94983506163,103473.49280981187
2004-03-30,142086.19592650453,159210.51033558403,153182.71016242952,114031.60557903358,103360.60570119866
2004-03-31,142174.5971631393,159451.44442054848,153289.86004632444,113958.60715188102,103265.45729446532
2004-04-01,143377.91126358873,161593.50476646467,154738.74884442965,115375.58949586237,104537.3632187508
2004-04-02,145346.19279154114,165332.66277853737,157083.91703337833,117850.47501423229,106762.39660208055
2004-04-05,146786.10656308313,167920.85529249877,158794.11757578386,119515.10190436935,108254.75126806709
2004-04-06,146288.3060664766,166906.0539626356,158138.8742824521,118407.95237675548,107250.46450363276
2004-04-07,146458.34370085207,167293.77739698158,158370.8867230365,118718.6339235722,107534.44309628189
2004-04-08,147059.7487835892,168372.76145292431,159063.01805171886,119173.38105299826,107933.41004669848
2004-04-09,147209.9014867381,168626.17585258585,159243.6779490912,119173.38217308924,107922.03908211761
2004-04-12,147642.9108392132,169351.31661186126,159759.01547864144,119173.38207731671,107893.43826391741
2004-04-13,148568.03717331451,171098.05301160557,160863.34553956497,120370.87568856863,108971.80492548457
2004-04-14,147925.9436317576,169793.65075058342,160128.62505044357,119114.8823396236,107808.77950608276
2004-04-15,148067.38820514415,170148.90848729108,160280.04683501486,119178.4917326687,107852.12286194279
2004-04-16,148707.26073184755,171384.335716785,160942.83532004515,119865.79801129122,108457.84651664161
2004-04-19,146177.93380320282,165792.96757113823,161199.36928385033,119846.17691780273,106714.6757023732
2004-04-20,146962.54428876188,167478.4943501457,162378.73014071776,121030.29004575637,107568.52237128039
2004-04-21,146491.19482006558,166378.0531041952,161983.96491918428,120416.62064130945,106948.37048057528
2004-04-22,146758.5468718638,167032.86546022914,162708.1477811412,120979.46509924733,107161.5628972898
2004-04-23,147137.92143181793,167646.84422461936,163481.57414346284,121622.961777609,107515.66607002079
2004-04-26,146987.7289778022,166901.5366819464,163084.5856866493,121606.60186036474,107719.45602853052
2004-04-27,146963.8750800968,166700.87566408818,163124.11798635212,121683.96566137506,107759.35069439586
2004-04-28,145463.79314405916,162885.7084100917,160889.03417303986,119605.38864870509,106292.62750288832
2004-04-29,144910.25107831252,161529.01304932768,160080.3206435659,118803.94363312195,105702.14191364947
2004-04-30,144988.89346323555,161897.5635431205,160181.45441548526,118772.03693028762,105657.27075761948
2004-05-03,146103.78753765026,164469.9697910317,161685.99295700545,120083.1587273601,106662.0601117562
2004-05-04,145772.63423072858,163682.64932225013,161203.60792072234,119432.8517734907,106131.1171573738
2004-05-05,146903.4982250704,166457.4594144048,162662.36456297795,120610.1677089032,107040.20487245434
2004-05-06,145288.86925284698,162786.49669352153,160267.72580372964,118524.5587193169,105575.37212668781
2004-05-07,145938.60467499887,164239.94115510376,161080.22140803168,119335.14448731953,106252.95943770466
2004-05-10,143841.60459311472,159164.96653925927,157928.04466941787,116538.68423610603,104287.4778849612
2004-05-11,146155.0644388072,165165.30121513372,160668.9203149217,119586.71590481664,106898.49376362299
2004-05-12,144610.16442148446,161788.59799920494,158527.63583646718,117703.58420011724,105481.61155586227
2004-05-13,146249.75246840852,165733.73893837983,160583.52842846597,119432.08827961794,106870.12599323546
2004-05-14,146277.0124287706,165863.836992087,160483.03749316334,119253.79014182696,106802.09226695348
2004-05-17,145971.80791292165,164780.88672693324,159630.5020544779,118342.10667204997,106306.84123219915
2004-05-18,148004.1344878707,169685.8879696988,162012.64826547104,120087.363849111,107793.20333876894
2004-05-19,151238.419542406,177259.28012492013,165945.829513062,123417.88600028232,110542.71525394183
2004-05-20,150305.6576181006,175180.66717660433,164455.6471546724,121954.99286148693,109522.30159330936
2004-05-21,150498.05243603958,175389.70677818652,164395.95114520722,122100.69888753943,109836.33686625797
2004-05-24,151965.01049075625,179132.8548185074,165852.65064626027,124221.55427910251,111820.08342849636
2004-05-25,151637.93950657776,178305.17283801365,165358.03018884567,123560.05717113035,111319.77507294132
2004-05-26,152521.9305895557,180356.83694569068,166628.16112113456,124799.73643970667,112238.81897672752
2004-05-27,153112.12508097824,181743.26726277766,167488.80910600952,125481.45749560083,112706.07540772503
2004-05-28,152452.94623238908,180000.32138226632,166435.82785904797,124142.43707631946,111738.3921009953
2004-05-31,153199.3558461504,181696.80511437843,167568.45881819585,124889.76241089067,112202.97984727437
2004-06-01,151930.1738022321,178696.24206838722,165726.8420948583,123062.7001901675,110855.859019884
2004-06-02,152831.56875466998,180807.93232178502,166892.8717878323,124029.33674668122,111613.23801123437
2004-06-03,153070.08902744926,181359.39190040794,167157.41492602704,124203.07083988393,111767.55876214062
2004-06-04,154124.3311365254,183938.0811360985,168571.19980328338,125498.33319846197,112749.88195891229
2004-06-07,154604.3928823823,185207.43963514085,169483.96653824326,126064.64898627285,112981.78254477163
2004-06-08,154939.52673227983,185748.93044117128,170152.35606408032,126521.25578678543,113222.30623727907
2004-06-09,154775.90006199823,185139.58751266458,170047.27614921093,126096.27536610563,112805.34742824007
2004-06-10,154767.60904271566,185225.99082794893,170352.9554844037,126321.28854810115,112782.00513020808
2004-06-11,155225.30600623513,186054.08972292178,170996.2959422464,126755.33995245083,113096.37047804495
2004-06-14,153907.7218121053,182885.48286508737,169301.02906858127,125005.68770742486,111687.00984971896
2004-06-15,155028.25143144256,185427.95146577075,171063.6568578548,126483.4350207088,112673.81621977343
2004-06-16,155684.5712879891,186949.27203217827,172213.85017100401,127569.44030661843,113364.943118151
2004-06-17,155629.58305077822,186699.00683854416,172401.87600352606,127780.8247889298,113397.26894039055
2004-06-18,155515.1591800996,186530.00094340325,172535.35130022175,128398.37341979603,113730.06795196063
2004-06-21,155802.0197465277,186952.86454563026,173045.4622939828,128573.95360068479,113779.83132362126
2004-06-22,154824.41089155144,184367.6657651895,171871.48589582287,127398.64873958386,112825.14549751747
2004-06-23,155435.2589497716,185648.96196264375,172908.10694655363,128369.59811539428,113467.81439821594
2004-06-24,156503.68787105152,188040.45869256614,174419.13311806408,129864.27090355229,114600.29225501098
2004-06-25,156219.30815079866,187337.18164059334,174007.50041294593,129262.68985609042,114123.7554652051
2004-06-28,157094.56839376045,189249.95357296933,175081.4614657225,130136.588510582,114845.83227550713
2004-06-29,156816.1363618769,188420.1103594692,174578.87816625505,129639.66551995571,114553.52971811898
2004-06-30,156474.84721160762,187581.88313454704,174094.9952328403,129088.9543921674,114136.2145543867
2004-07-01,156416.17441427617,187466.9731507074,174062.83712858424,128939.16729878432,113977.65954121089
2004-07-02,155409.82415343565,185111.77353392952,172747.4844804506,127621.09173798826,112919.92543860356
2004-07-05,155649.89587202464,185620.49891180673,173167.27257996885,127785.17921423914,112961.60934593287
2004-07-06,154907.2001115391,183856.24759273353,172201.04278485177,126923.95380124795,112279.48533911629
2004-07-07,154670.76324824823,183278.46211187623,171932.86084478832,126700.60724827297,112091.58591079629
2004-07-08,155457.65499059638,185175.43522265737,172836.39840631673,127349.8061029935,112641.42985982046
2004-07-09,155234.1788229586,184549.61369842457,172217.76183782448,126885.60746869387,112464.6427938963
2004-07-12,154872.2617913025,183546.2709346497,171688.27926105718,126339.2055765304,112067.03627911051
2004-07-13,155290.38488744714,184364.09423155867,172116.14918574897,126643.55991338394,112380.34684304787
2004-07-14,155120.80861966455,184156.14201314648,171903.1383941527,126395.3262016382,112162.55803948583
2004-07-15,154169.1005137216,181931.49691317984,170381.4491788257,125209.14006431878,111402.45589159727
2004-07-16,154164.59786059379,181757.73334185116,170272.6003590069,125344.67547125006,111600.20947552547
2004-07-19,154166.36230665064,181691.38533857517,170079.03151870143,124887.23630146055,111323.13073676333
2004-07-20,154870.56550077724,183305.14186374532,170959.75059551006,125714.29276638193,112009.46262082942
2004-07-21,155853.4080672166,185490.120483309,172199.11442361705,127008.71315175357,113094.1397046633
2004-07-22,154465.9011465176,182104.4314973452,169877.3796094146,124616.57111275279,111464.80267298273
2004-07-23,154353.5168729276,181845.2307756424,169591.98067003654,124277.81922472316,111263.00066363368
2004-07-26,153660.64785355382,180056.7764504674,168441.15755542045,122980.20198375141,110355.17889040118
2004-07-27,154558.14422051515,181980.5094759984,169566.26587114364,124053.48280433434,111266.02554770693
2004-07-28,154572.44334849057,181744.69584661297,169622.28863266864,124091.47416735589,111299.63074984943
2004-07-29,156321.2138408278,186095.89109445165,171883.39178834207,126254.05440951434,113010.45871573601
2004-07-30,156593.25548569573,186731.65610266893,172296.23092169774,126489.2275737721,113146.58488465601
2004-08-02,156304.71271504805,185944.12500383603,171943.15010546628,125782.81280869828,112528.45632718239
2004-08-03,157016.14748578213,187725.3406573892,173000.73541731786,126694.33162564685,113150.09779494278
2004-08-04,155816.2553366823,184795.8055974194,171168.9804477404,124973.15246762375,111933.99239071427
2004-08-05,156252.96945573442,185747.69912962336,171916.05132010707,125541.84346987872,112282.5517638278
2004-08-06,153655.28779662537,179595.8875626609,168028.12696755835,122187.98786987428,109917.18221274909
2004-08-09,152166.97353680353,176273.7087713103,166073.06172286734,120527.15110588679,108583.21263132515
2004-08-10,153488.0276798896,179340.91579513223,167931.28864644092,121958.37238502607,109612.93090305751
2004-08-11,152292.13902472254,176692.6730008346,166448.1532815224,120808.61744098517,108657.15723301355
2004-08-12,151995.3689610783,175920.13305798464,166161.21991412286,120584.30162540558,108428.00990126189
2004-08-13,151644.18212463494,174537.19192019303,165739.10044947482,120228.4222538259,108164.55538922425
2004-08-16,152494.54689734054,176521.5417782359,167251.69385233513,121298.50322519151,108755.55705257435
2004-08-17,152937.91295930298,177430.00762185804,168188.7883660463,121983.73660365613,109087.81731994488
2004-08-18,152812.67785508258,177182.11168960255,168358.7121849044,122100.35228234719,108974.99244501838
2004-08-19,152788.09828209708,177090.90930869232,168805.29207192452,122422.06706277035,108952.65825443387
2004-08-20,152015.44685620395,175182.18891131695,168050.25905057703,122088.74164054244,108583.54035116802
2004-08-23,153437.661949573,178465.60868196902,170202.80502376278,124130.0336765071,110035.03871106447
2004-08-24,153520.59702489566,178509.8776173552,170671.13324200932,124397.82402973651,110045.26631007167
2004-08-25,153319.0352487884,177904.93816073288,170620.83106926535,124114.46792230238,109690.28948966651
2004-08-26,153997.41193672965,179425.13569418245,171795.28001116723,125302.61671197767,110481.95590044565
2004-08-27,154485.09585331686,180343.34059498188,172618.84754148868,126082.64911073727,111017.91786089922
2004-08-30,154265.41368795218,179678.46900666782,172474.38314328442,125592.21282587494,110511.2553435029
2004-08-31,153325.92994191,177364.5440791147,171175.7251507971,124113.51690503139,109343.90611385809
2004-09-01,153962.1226525119,178902.53141089165,172306.36850788436,125076.43793440326,109952.2531725207
2004-09-02,154246.84546382597,179426.40229337622,172937.57179207896,125601.71230659027,110224.87325230404
2004-09-03,155013.9460892672,181300.61092076235,174234.12053951874,126798.82903240212,111016.59636903742
2004-09-06,155435.38071922178,182228.55988118888,174887.44717336836,127063.47674877344,111145.27844165225
2004-09-07,155573.7463142453,182553.58791016528,175246.47053656247,127379.13538940393,111310.73276108934
2004-09-08,155608.05748919921,182610.11687812646,175393.42315087147,127630.22418168426,111459.94408656488
2004-09-09,154955.15507738816,181046.32787860878,174488.1807591826,126377.0927004846,110439.7798405061
2004-09-10,155233.29209415958,181568.65545669166,174969.93420667222,126735.92841532626,110651.53418141876
2004-09-13,156359.0501900342,184168.80136494225,176636.7826304691,128125.4529884146,111645.95919029186
2004-09-14,156121.1735584378,183595.47555027,176360.79502321008,127598.01866397791,111174.89788301011
2004-09-15,156019.64156549406,183182.0419632573,176228.61761160792,127409.34562090713,111025.06255263151
2004-09-16,155803.179858926,182599.82227981108,175952.94804490346,127104.36109815697,110767.58432994355
2004-09-17,156251.1524263448,183718.3901573696,176519.72246082211,128062.13169033384,111528.47049970778
2004-09-20,155447.49544781804,181943.261922722,175888.93910166775,127203.93499821749,110617.155435157
2004-09-21,155852.87505556757,182863.66874776292,176371.67108917632,127653.9090782372,110989.56170008745
2004-09-22,155107.38439175973,180883.4861539933,175233.16472405937,126529.25758033205,110193.46383522835
2004-09-23,153885.49651832707,177725.09838517127,173367.28333524475,124906.90617513697,109071.71164023665
2004-09-24,154359.70276900035,178908.46541572482,174011.53911988926,125427.22831418853,109456.12988900288
2004-09-27,154069.97701230808,178018.021323488,173541.5057406581,124991.19651105184,109154.17979303097
2004-09-28,154568.54858270782,179277.6510663117,174250.9563355904,125657.81348174108,109655.09219653535
2004-09-29,155355.31720031792,181176.52265522198,175404.45232956568,126630.87051143049,110349.33124037019
2004-09-30,154093.90999243068,177945.54348847643,173571.11774863667,125001.96794071519,109176.06233944102
2004-10-01,156706.35117195372,184526.30094522136,176969.42981362343,128073.33935548966,111593.72258527292
2004-10-04,158096.86211499054,187866.14772445153,178885.59444450284,129643.02846842111,112758.59757137358
2004-10-05,158514.65386621217,188799.29725175767,179449.32223395078,130114.88485309479,113114.56241606563
2004-10-06,158281.26266541783,188015.9640488815,179112.72723974934,129528.19570195841,112639.13827799981
2004-10-07,158280.07402256434,187936.5822898912,179079.5187504872,129367.12213401786,112513.88700819387
2004-10-08,157921.42864753268,186932.58779223415,178563.55228583352,128766.54180053668,112048.73561297284
2004-10-11,157934.77379655346,186752.9867004145,178538.39962293138,128439.76073720129,111777.14016198771
2004-10-12,157091.58898776394,184762.62017824207,177373.23585424898,127414.57333592154,111007.95123896204
2004-10-13,157238.16137715106,184973.27491953273,177552.18274240536,127574.71328369982,111154.59124052592
2004-10-14,156029.20393526502,181965.50429450112,175902.16961316348,126280.82070644226,110193.72697356144
2004-10-15,155828.9041875535,181590.863218403,175822.55753565842,126453.0811489893,110252.03298399755
2004-10-18,155588.49564764395,180923.93369838267,175636.04940877963,126052.38341588201,109842.4549600487
2004-10-19,156713.3560241487,183792.56209375564,177324.64602496586,127740.96097626812,111070.68542047232
2004-10-20,155805.5226441522,181677.86622832716,176103.0503862874,126563.576527954,110140.15524862055
2004-10-21,155813.86763751527,181587.55184553767,176130.6174174656,126519.35413175666,110096.10141747886
2004-10-22,155849.39566614167,181561.05838515822,176226.06178616884,126508.95991068818,110055.16796120249
2004-10-25,153936.9511772021,176802.12941629032,173292.54799305493,123891.88245669346,108243.86433966683
2004-10-26,154127.43964827908,177236.90408226434,173693.26015655423,124114.16557661284,108327.40729121071
2004-10-27,155756.82810225073,181231.8630929107,175860.622660086,125978.20464255492,109759.75234324644
2004-10-28,156747.33613830566,183501.18137350955,177267.69793603136,127263.07134302963,110710.44622524171
2004-10-29,156033.49028238546,181776.306327841,176367.26227637456,126366.61419755175,109984.66284612037
2004-11-01,157125.21442804695,184433.0206570237,177837.1415873007,127514.01794160508,110840.66186751591
2004-11-02,158202.7711376258,187059.962168406,179243.74689901984,128798.63640980428,111852.21110972625
2004-11-03,158157.0300432599,187006.98962212377,179433.52730769987,128892.72503909188,111778.38498562793
2004-11-04,158270.19722628305,187265.4693561323,179777.6074330357,129079.60489132095,111797.11902117287
2004-11-05,158486.9346318853,187763.017167,180288.39052990242,129545.80585333094,112048.67473062946
2004-11-08,158355.7507754972,187401.90104112015,180372.32103149602,129434.58587198096,111803.19200532281
2004-11-09,157689.23840319956,185766.28623396458,179652.69163250914,128793.50781918042,111212.4335426843
2004-11-10,158119.63156974138,186756.52805413422,180429.25765869723,129466.53801651191,111624.93903655262
2004-11-11,159228.01936223556,189293.43237016103,182002.10486593365,131324.8369220775,113064.93205838723
2004-11-12,159126.64743614022,188934.07259915047,182079.21971492912,131237.61355767364,112864.30706150865
2004-11-15,159137.26570084112,188871.02669767945,182201.31203881296,130928.17265556598,112521.49395166287
2004-11-16,158255.43329192046,186642.75706171888,181189.8148579066,129961.28509540111,111684.89745759922
2004-11-17,159619.336771476,189982.3638016326,182975.80211937628,131426.11950948095,112812.09767872536
2004-11-18,159362.28274620883,189456.06109764497,182663.93857419625,130759.00700128058,112249.90884720905
2004-11-19,158230.73520978095,186608.37020887958,181273.99267700047,129913.57620657023,111528.55432322073
2004-11-22,157640.83682820038,185001.06288620224,180576.67497599413,129054.2869691982,110796.74954741183
2004-11-23,157951.77798947692,185645.4753920826,181199.38978296486,129627.3817171249,111134.85638019074
2004-11-24,157739.49161718527,184953.11589613277,180951.50968859834,129658.75373381376,111153.96638703339
2004-11-25,158185.19280855265,186121.6372751387,181621.27894218906,130417.28488175222,111721.39963579779
2004-11-26,157557.1749161395,184533.64536868673,180821.80583395765,129825.61090745962,111254.18254001984
2004-11-29,157517.83535317142,184350.17308053945,180836.86031909907,129633.75200306706,111048.96923935188
2004-11-30,156741.80479311573,182265.71986048488,179780.70656349632,128544.01396451694,110189.88695053378
2004-12-01,157715.8257851732,184651.55254931125,181201.4207848402,129932.71022787245,111223.54638121341
2004-12-02,158169.04752478335,185719.8097667721,181957.56405336873,130480.20797850894,111569.06221050014
2004-12-03,157147.3703063513,182942.26396116216,180553.51870029047,129247.38810992516,110638.30546784049
2004-12-06,156823.9072010269,181943.12813181596,180106.11789740596,128643.39540520111,110157.69536794968
2004-12-07,157784.78826019465,184433.33652880735,181349.7570041079,129577.2931412357,110886.03359500921
2004-12-08,157488.02635503805,183780.78501334492,181001.03454321114,129262.42953866652,110614.85548458478
2004-12-09,156387.2923946106,180955.20521980012,179522.56807871672,127979.74760818525,109611.58275798894
2004-12-10,157126.32163069208,182878.76386688606,180468.99429438898,128735.74766844837,110205.54207532282
2004-12-13,158190.2995218634,185658.4566331131,181792.69952078175,130087.58595933834,111355.75153894439
2004-12-14,158005.63474301586,185386.56303200283,181471.52681414312,130036.30238522781,111380.42608251289
2004-12-15,157647.2238314042,184424.64613848698,181047.3427604908,129760.11820573459,111147.85212561225
2004-12-16,157618.63654849044,184129.3701875101,180912.5191103236,129393.415170596,110896.57303425942
2004-12-17,155629.26648112186,179139.5479599911,178293.58653213448,127701.42569248297,109599.87230878041
2004-12-20,156497.5734462694,181148.06427638893,179460.5109659118,128816.8869699135,110463.32343673955
2004-12-21,157278.70263065677,183199.0734467106,180534.94250558258,130125.01442640343,111489.22011460936
2004-12-22,157968.26295686825,184927.2250295151,181523.9004341315,131308.94791078795,112413.94282038505
2004-12-23,158181.63229844096,185488.72748482824,181834.9638445795,131577.5299334372,112603.24364996089
2004-12-24,158346.12674302113,185852.60935171667,182126.16035118626,131766.64766482924,112704.18848524537
2004-12-27,158355.42510188508,185755.14869154323,182101.7306043455,131314.16478781507,112329.99722841168
2004-12-28,158509.10852836948,186160.60821247235,182375.35604420735,131536.80120763835,112462.2712947321
2004-12-29,158595.63247419207,186327.2128544952,182602.165307115,131654.36355605343,112484.54735226
2004-12-30,158651.93476034675,186461.11163858764,182704.46966741912,131621.6978456844,112428.10844049191
2004-12-31,158689.1059603522,186556.0234101348,182691.88222922516,131477.08557674958,112338.13827196331
2005-01-03,159475.5459940411,188516.51100300837,183712.66852870403,132557.37887641173,113213.78206626078
2005-01-04,159572.91074333593,188828.2920695885,183780.5770672896,132661.4354502945,113324.81869988302
2005-01-05,159071.6381079141,187581.5426583351,183030.3626178483,131561.76986663628,112464.7356227814
2005-01-06,159824.12945546646,189487.63426073504,184019.76803029457,132766.60216658475,113442.4685120428
2005-01-07,160416.7707745456,190977.33083881615,184839.31238391146,133903.06768889588,114347.65079045888
2005-01-10,160933.7857726231,192100.32714550028,185483.32911816973,134224.826639812,114616.11609090907
2005-01-11,160816.26720273506,191745.13395090017,185233.8787390186,133580.93731142106,114128.20885954607
2005-01-12,160067.414216812,189792.51146868995,183993.8858717286,132057.30962369437,113035.86022414597
2005-01-13,160952.50124114339,192041.16487087193,185101.26653000404,133697.91576407448,114415.75295944168
2005-01-14,161297.18532905594,192913.28708011037,185636.37633587167,134292.31942308645,114848.00656988805
2005-01-17,162053.2713226907,194773.873917075,186760.4140968302,135571.23262419458,115813.11123903342
2005-01-18,162007.334135755,194519.74233573538,186618.88242817693,135169.94531876227,115518.60178331577
2005-01-19,162087.59446034327,194734.57181522006,186693.11132358218,134954.53807437184,115336.5132255595
2005-01-20,161539.6933915315,193155.77747880985,185953.3221870816,134043.61864319947,114611.47306102669
2005-01-21,161351.49375738532,192558.81687108378,185549.1656181972,134149.46527612596,114733.75158175392
2005-01-24,161262.97643782987,192244.56670432322,185468.39519743557,133874.69153137246,114500.02769865189
2005-01-25,161878.41018393938,193606.59203146302,186240.00070835426,134605.81114539705,115091.64004148744
2005-01-26,161701.4503578232,193221.10953953007,186034.56431642015,134293.34888097268,114818.24373881395
2005-01-27,162235.1888751977,194292.49532705877,186691.4216488458,134882.21267487528,115269.40684378748
2005-01-28,162122.82532391703,193874.108538561,186486.31202938603,134597.80125157125,115034.1999504852
2005-01-31,163224.13155948053,196354.42451584924,187961.42466444476,136035.83500364487,116146.35506362123
2005-02-01,163741.32778091554,197804.06716965794,188773.78275644354,136928.69147204497,116793.52240443333
2005-02-02,163808.2303802653,198068.72068183907,188978.63155041524,136987.6135267839,116767.61293152349
2005-02-03,163655.293740999,197389.3974484437,188717.53969536006,136510.65627385184,116371.10977231126
2005-02-04,164255.8254719667,198291.44265478424,189546.95850655166,137597.44949198328,117212.0792533222
2005-02-07,164810.63104196594,199523.17308582814,190388.18693603866,138153.62506987446,117574.09882167849
2005-02-08,164874.37858709748,199708.8265334727,190637.6350251182,138503.1901785101,117772.8663874662
2005-02-09,164728.03693236125,199313.44248834523,190477.744898903,138008.63059436958,117328.38767843334
2005-02-10,164869.13055226786,199623.0769504316,190708.83275843732,137946.34918056117,117228.80057241785
2005-02-11,165785.93665453684,201743.22855830425,191963.07350007776,139642.02595722766,118577.51715154361
2005-02-14,165996.37774393972,201991.75924293007,192275.25409021703,139585.4231483346,118483.68878548237
2005-02-15,166360.32580823347,202824.3453671014,192788.74092796375,140025.98664742542,118801.43753799963
2005-02-16,166250.79759887408,202489.7212132173,192619.45125966633,139419.75440843447,118307.165818843
2005-02-17,166014.5167493342,201835.87923799938,192379.68192872705,139636.80593772142,118453.33111276601
2005-02-18,166542.13481657807,203468.99029883798,192986.22659117074,140813.7628177487,119391.60623162224
2005-02-21,166653.27765163706,203710.11485761986,193301.91292450207,141108.229945873,119614.3430982612
2005-02-22,165825.9022210262,201796.66737364404,192171.74769653828,139997.7106156295,118779.28252387127
2005-02-23,165396.50479217048,200544.4269409085,191625.59378550563,139362.6702419845,118230.75400214789
2005-02-24,165485.25895454583,200467.4346805992,191790.2297181298,139471.56055838996,118294.50935941319
2005-02-25,166956.54210090544,203921.68525890185,193637.5714619702,141367.13280920323,119816.37295714462
2005-02-28,167002.29998495875,203861.89924683946,193767.55799928293,141307.53820142263,119698.08589234692
2005-03-01,167829.22546060084,205893.50508079064,194880.3407412146,142359.1657945449,120507.53288215969
2005-03-02,168437.23931384392,207332.04080537363,195667.27745230822,143059.55336290374,121050.1591523879
2005-03-03,168447.80131686036,206995.92933724512,195609.97929162666,143223.46803499843,121202.09375828714
2005-03-04,169422.82709052283,209764.73394238195,196865.7502158988,144652.5256280223,122360.02473705902
2005-03-07,169864.27905290373,210564.5356119933,197404.26133145342,145244.8465289986,122867.66808857353
2005-03-08,169795.27800937652,210435.7355223488,197310.55435357624,144563.17121681484,122287.88637092547
2005-03-09,169114.59134868553,208855.79488358562,196379.07483134186,143470.80957452598,121417.70565293777
2005-03-10,168364.7833116761,207191.20874657878,195548.03260060382,142563.5258840444,120638.09123953881
2005-03-11,168316.10672015292,207166.82403212535,195494.53492491096,142549.92442737683,120612.07688499325
2005-03-14,168656.89858208687,207947.44038768075,195946.37886102076,142885.1644047895,120878.27517735645
2005-03-15,169481.09259900186,209956.7777149149,197001.65970255624,144194.43447550383,121952.05039691359
2005-03-16,168356.39343095422,206742.5894332774,195469.91650363762,142251.7939645565,120391.27264686248
2005-03-17,168612.6247332128,207319.26393626473,195834.8724288769,142526.68536654997,120604.50743035946
2005-03-18,168865.97432300803,208159.65624275905,196065.8605890103,143123.22442171103,121078.38709403174
2005-03-21,168558.9081730019,207344.1055950543,195717.78857973617,142567.25851853535,120597.81404113385
2005-03-22,168462.64369106956,207286.8336353145,195732.12787318137,142700.27169081676,120688.12313279283
2005-03-23,168196.46916389346,206657.65606208454,195467.42008836748,142485.3180225626,120524.81182218135
2005-03-24,169445.7865215517,209767.58107536245,196970.69120087186,143989.54366621264,121754.3968224301
2005-03-25,169518.2805678399,209919.51540221082,197089.20219572872,143989.5484737754,121732.80185339408
2005-03-28,169710.2546150101,210329.27852828652,197318.54915593503,143989.5508095582,121729.52433829715
2005-03-29,170006.4440752938,211089.84159772084,197691.48094213597,144367.73441623393,122063.4941047846
2005-03-30,169630.150082183,210284.19660300016,197231.17744109457,143933.12898875528,121687.13438327414
2005-03-31,169916.9859936927,211102.82748532723,197537.8271146184,144026.10591915264,121759.67545904504
2005-04-01,170425.03528622317,212087.18583319624,198093.3500956212,144584.720313243,122269.83910106782
2005-04-04,169843.7839934191,210479.46365794545,197256.57339084157,143519.43245034546,121421.1371348778
2005-04-05,170714.5901186741,212649.13778317958,198361.92520156744,144606.68366516312,122302.10123142986
2005-04-06,171414.04007709443,214486.43316275478,199260.9342811082,145600.56858215205,123113.23884208499
2005-04-07,171514.78473760994,214635.18891281556,199432.239933368,145845.37580525328,123304.30161034338
2005-04-08,171785.9084654194,215350.9881868849,199753.59807879437,145990.19295584798,123412.08994826773
2005-04-11,172109.2541768477,216023.20386115595,200119.0852199034,145774.10491134986,123207.20187341303
2005-04-12,171539.6853880661,214540.12551102653,199363.68660639366,144896.0691098531,122477.04814924447
2005-04-13,172018.63533485774,215724.03969188855,199976.4932944882,145535.97630473276,122983.56125466945
2005-04-14,171357.71701262705,214142.19994032383,199275.1458615939,145305.83821950044,122780.7917355803
2005-04-15,168434.51059667193,206650.24125592448,195597.57779520444,142664.29221003474,120700.18727870824
2005-04-18,165853.37146308564,200164.0319548767,192283.23378758167,139485.6772661428,118206.61154150518
2005-04-19,166549.16808515164,201963.6618624225,193189.76350101945,140211.76237244008,118747.0225425832
2005-04-20,166317.3689182228,201202.35975247907,192939.47477673387,139928.75836327183,118509.88401855258
2005-04-21,166153.499297024,200922.0744696139,192829.1655460762,139748.63945182977,118305.34157236527
2005-04-22,167086.75909855997,202436.29841911374,193688.29698194473,140501.74690102192,119096.597854246
2005-04-25,167828.2734575701,204066.31189309695,194679.536897727,141167.20403112535,119571.33051227534
2005-04-26,167652.64627398728,203525.81233067144,194562.33296298012,140950.21611570808,119337.96326005617
2005-04-27,165600.5350833308,198213.9279586491,192039.38236204826,138791.6852813082,117579.57165717255
2005-04-28,165445.84066719512,197412.38473244582,191842.26673586408,138661.72832203633,117462.29731868945
2005-04-29,165656.73622283596,197704.00218205902,192115.08307459962,138911.21938955146,117631.34628990968
2005-05-02,166730.8990485846,200287.91376925455,193507.69886499425,140019.77857827954,118476.85805060211
2005-05-03,167266.04758117342,201512.22568675817,194238.099703876,140596.60192201746,118888.87755627513
2005-05-04,168419.1928476893,204369.05843168116,195777.6579183678,142019.45374888438,120014.7797256488
2005-05-05,169456.35068691848,207187.20128584135,197122.42204264778,143144.08012124177,120885.94070407341
2005-05-06,169851.52697982473,207876.69000593264,197646.0563973694,144504.52707665466,122008.72953796278
2005-05-09,169883.25306504886,207911.63131740005,197735.3345694943,144218.77976891716,121723.73032409152
2005-05-10,169296.56363631922,206385.02150941355,196997.04357863183,143591.40674542543,121194.01767996924
2005-05-11,168808.12579292653,205212.8491700206,196419.58764116795,143066.21004867853,120738.79510521611
2005-05-12,170229.0436721529,208973.5813494097,198194.0958374035,144412.04350117812,121833.97565822853
2005-05-13,170431.75792297852,209570.3015979599,198572.71702744626,146013.59392692434,123192.92472318979
2005-05-16,170548.1223359655,209816.6436173365,198791.43459924028,145886.87016808137,123043.91385474322
2005-05-17,171682.87737177353,212762.3531938503,200208.8144886483,147631.21206672204,124506.09805818531
2005-05-18,173991.86138259267,218873.99845472298,203021.29237293397,150718.72076301466,127077.30294539976
2005-05-19,173832.77341498827,218520.47801228473,202872.50859876175,150952.80205416554,127254.19844171352
2005-05-20,173925.24660929077,218578.02300060535,202896.15857176617,151383.50514704036,127597.72381232874
2005-05-23,174808.37551423942,220794.48668004383,203990.06336687226,152192.38882419636,128238.2963679283
2005-05-24,175075.5371432148,221123.08107244325,204300.91182809483,152996.85238125827,128901.43151383396
2005-05-25,175040.54889932793,220883.9663086248,204258.424812843,152844.01902658652,128770.07669877693
2005-05-26,175956.97094057885,223484.07864862433,205433.75303887727,154157.1116610706,129850.4173825759
2005-05-27,175944.99867403423,223937.11047219762,205549.9922853699,154230.56515957366,129875.3247342664
2005-05-30,176681.94632828425,225503.1475996793,206382.0333983232,154806.91067840392,130341.2351695961
2005-05-31,176824.63570183286,225683.51988702532,206530.65695704133,154832.33054954247,130377.12885863295
2005-06-01,178815.66484648365,230557.38794582844,208782.00842509256,157974.08211241793,133007.17359810232
2005-06-02,178746.81637091874,230495.31982187505,208742.19393700248,157915.68487575295,132936.49732788236
2005-06-03,178863.47499471912,230741.45442035038,208878.1249481188,157882.33081110247,132902.0446568368
2005-06-06,178749.30788488174,230245.02907214654,208668.20855807612,157066.25351095817,132216.7854442145
2005-06-07,179394.68358767842,231969.5818539516,209470.652328659,158177.16558595208,133128.83336939913
2005-06-08,179585.9285279638,232141.5732621801,209632.29922549517,158497.28199768518,133398.86999560223
2005-06-09,179847.35701236606,232820.88174302067,209931.45576308767,158735.76223394973,133593.21167750505
2005-06-10,180503.58681328432,234473.68172162745,210738.98653670726,160126.44428466444,134752.70680841248
2005-06-13,181085.44712045023,235714.99790546094,211427.69984840325,160723.434281692,135242.48992016286
2005-06-14,180871.91347415835,235043.88626021115,211149.52813465783,160114.6823474115,134742.1576047058
2005-06-15,180336.70437623846,233795.59984595457,210502.99154836204,159241.1706904175,133994.61814499175
2005-06-16,180139.95662561074,233306.56970159107,210186.90958065202,159226.6590417646,134015.4641772463
2005-06-17,180931.96214568673,235180.5444390591,211011.09827327437,160532.81911542002,135107.1128329316
2005-06-20,180450.87953963646,233470.80371012347,210432.15671078532,159770.50621081496,134485.1166640514
2005-06-21,181882.32601829563,236979.96418408694,212098.43859410705,161464.43270124856,135938.8112861246
2005-06-22,182459.50461229074,238346.92482971618,212773.60645149322,162234.78020936032,136619.02899340537
2005-06-23,183491.76991154646,240551.5971773185,213854.50491677865,163538.06362385815,137740.22521989766
2005-06-24,182576.8637015158,237904.46415974875,212691.4968362098,162166.14537248437,136618.7570203071
2005-06-27,181092.61149585684,234136.88763938955,210956.0338553613,160151.53043429865,134941.27714445104
2005-06-28,182400.309237887,237375.06724396776,212465.60988406462,161594.3075754551,136138.3410974626
2005-06-29,183445.53414856616,239729.94273743633,213656.4875090168,162920.77521418253,137245.12153091043
2005-06-30,183544.470606351,239783.340164271,213726.49475655588,163004.36942484975,137311.3466120889
2005-07-01,185076.91465583676,243533.96556534994,215496.15323022415,164945.2113612126,138927.8395883552
2005-07-04,185287.1308845629,243694.49766686183,215689.70627885193,164797.73284571027,138800.88782744604
2005-07-05,185333.71245818704,243726.58902963827,215728.94576653306,164462.8671383732,138522.4794363785
2005-07-06,185902.84744873448,244906.35580864444,216363.45243790053,165248.13478506514,139180.02125767447
2005-07-07,184237.1964459915,240619.76845293446,214360.5266437934,162736.90174647295,137095.79784543233
2005-07-08,186038.75320187563,244965.39172434004,216437.0042845544,165028.99682882061,138981.7854068941
2005-07-11,187302.06427445012,248251.38727424428,217932.64797580606,166181.99556471716,139937.18960895453
2005-07-12,187541.60489010334,249617.3058212962,218209.61011747198,166112.47258286603,139844.9749485078
2005-07-13,188722.24563111397,252389.40736257622,219598.01441554533,167247.0949689765,140777.49331096263
2005-07-14,189110.09998293227,253084.08577486037,220072.56447861542,167966.94101715746,141376.30654447107
2005-07-15,189044.78104757384,253249.06654675255,219862.18023968057,168642.5716245407,141939.99132582825
2005-07-18,189004.4372424844,253220.65167978857,219854.79099106864,168301.3700730431,141637.01704245052
2005-07-19,190886.6840073679,258012.3913659359,221984.7427085431,170518.9463167638,143485.5119118746
2005-07-20,190769.35986823865,257883.88745016855,221899.75959075685,170223.21580152985,143226.51262051312
2005-07-21,191238.41935179583,259525.73275040393,222546.783055094,170895.4517960847,143772.48631028613
2005-07-22,191019.6893096652,258674.63704055513,222179.87600077302,170302.26299485544,143265.80191475642
2005-07-25,188913.77126704188,252089.33626496265,223545.73698447927,171495.2634285566,142163.85053360026
2005-07-26,188801.78102219428,251274.13069804924,223570.255986163,171273.7442246068,141973.00943359875
2005-07-27,189277.41878932508,252428.44792343897,224364.48610568137,172096.03365745387,142503.56963283528
2005-07-28,189675.64177246043,253656.75388062917,224848.38532551707,172644.3903447745,142864.66410598543
2005-07-29,189107.6081926044,251521.6745719474,224098.8636118743,171714.80136268123,142179.9835968283
2005-08-01,189348.61552583845,252282.15516772572,224525.7561654058,171770.66491926461,142142.39078330548
2005-08-02,190338.99994578678,255608.8786164348,225937.6281895964,173237.97925484923,143182.330550556
2005-08-03,190450.3558635173,256101.64296936558,226117.72271526704,173276.47731889767,143196.9410358258
2005-08-04,189954.27289492462,254298.76348499415,225432.03999056763,172419.4312425324,142645.6283026111
2005-08-05,188692.0665597283,249585.9060457245,223821.95477631383,170682.55966172402,141493.29477574304
2005-08-08,189819.0708511429,253535.15468772603,225115.1672322909,171674.90715166368,142305.51440728147
2005-08-09,191288.1972659345,258783.08177897029,226846.54490357178,173369.7473681004,143548.92442524256
2005-08-10,192353.6692785894,262388.346320961,228278.47995717416,174695.43080309618,144525.64276698002
2005-08-11,191733.93945907147,259858.79739973124,227432.46982019074,173627.4916409698,143849.67236538936
2005-08-12,190617.74338439305,255864.27613637736,225847.59656206393,172047.98965875868,142742.52638012252
2005-08-15,190443.28091475394,254968.56932160733,225691.59837209038,171629.83075535102,142455.51488583896
2005-08-16,189812.21176336217,252858.15922816645,224724.976143765,170703.45640911342,141846.391554776
2005-08-17,189204.67300018604,251082.7213231002,223843.68246358034,169984.14377838973,141362.26519993797
2005-08-18,189238.86947897077,251231.12727680433,223697.89974158615,169860.42500397356,141380.01347124676
2005-08-19,191224.5220239893,257881.82740391363,226285.3665195525,172082.40914273539,143077.8085543979
2005-08-22,191477.30340955636,258673.2817744368,226413.202078891,172111.1328996754,143216.74334486053
2005-08-23,190586.8498971885,255539.56253143607,224769.1911330481,170439.20454833913,142193.73622567358
2005-08-24,191043.2759788804,257203.08428224898,225211.3124647414,170950.45910573783,142695.2552572938
2005-08-25,189927.1327521491,253386.23372556968,223062.68632151614,168929.22227967516,141533.1793465626
2005-08-26,189063.75013309033,250299.68538817347,221456.93430337042,167436.91583325624,140655.81128639902
2005-08-29,189378.06163603163,251181.68341694723,222010.84980988863,167719.77152643842,140775.81951673125
2005-08-30,189734.32869998118,252460.1082358948,222521.2641017094,168138.36776569535,141064.99994888087
2005-08-31,191200.71528613794,257682.54026071288,224586.1907387491,170113.8895951124,142518.05691691174
2005-09-01,191661.80318378436,259674.3189310223,225340.42966620397,171033.86405407471,143151.2206505678
2005-09-02,191050.76655034034,257440.19481535628,224195.18956386417,169863.54230564222,142444.59786840377
2005-09-05,191522.69263200433,258641.72336587537,224960.3702368225,170157.1856751522,142553.57942961808
2005-09-06,193143.8754563779,264137.6342545941,227209.98897087222,172488.99180263793,144309.08952717943
2005-09-07,193548.2386767846,265424.5809310072,228050.60735523206,173257.24131768176,144726.7233649913
2005-09-08,193456.53706073988,265051.9074730616,227956.81983218907,173028.92823915582,144528.7805895744
2005-09-09,193800.45295075275,266106.49337233434,228707.07670586344,173579.64633321788,144764.63431928802
2005-09-12,193946.9482381746,266590.1489574417,229149.62331031292,173687.30160107202,144680.149787173
2005-09-13,192910.93007519143,262925.33956892445,227799.29304282845,172368.39050008872,143656.10682984613
2005-09-14,192765.1981515147,262350.5674302082,227763.41713400403,172253.0380188154,143465.3576781753
2005-09-15,193578.6943384469,265325.9205629127,228936.12234055993,173069.93357055195,144009.40222180553
2005-09-16,194145.5166275888,267183.1221485199,229875.9081602789,174420.31964562144,144865.5744858742
2005-09-19,194090.9312165573,266868.3258164842,229996.61150001173,174322.6852539658,144665.62748317822
2005-09-20,194435.0386107294,267737.48960026883,230681.44510910203,174832.3360004231,144924.8252252379
2005-09-21,192399.00487802885,260484.88236389656,227412.88220596226,171783.24643086197,142914.554329808
2005-09-22,191286.696194507,256353.65703156657,225850.70275007008,170371.64412478814,141892.6287485913
2005-09-23,192369.89709252672,259852.88878466442,227599.4448088761,171877.1172678331,142870.3089777484
2005-09-26,195211.6735132459,269393.4447767328,231641.98897664732,176080.56048452598,145997.29283984037
2005-09-27,194637.984578078,267362.5580411927,230979.86901751245,175143.89889876544,145190.98984404525
2005-09-28,195812.4598520701,271305.85736420436,232850.4232767623,177107.471950059,146543.0522988561
2005-09-29,195266.99701655022,269245.6386789686,232281.9913843873,176351.04407949143,145860.9893299864
2005-09-30,195835.28489757032,271357.3629719744,233280.65355928143,177275.12604136427,146419.16335279032
2005-10-03,196630.4572318855,273888.68349370715,234556.25169069844,178386.88262190347,147149.98216653123
2005-10-04,197261.09726702713,276288.5178681321,235625.8818510081,179624.5470216333,147967.49938132567
2005-10-05,195880.1067950096,271619.9573975985,233562.75872605515,177513.9142552721,146456.1880587758
2005-10-06,194452.0782174884,266492.44539378,231253.0658505324,175080.50370934402,144804.1080437364
2005-10-07,194244.78379552622,265635.38347896916,231012.89795274008,174693.05889218772,144483.53169085944
2005-10-10,195207.50658698735,268964.5247746714,232296.1260683134,175536.72030131807,145091.29730362754
2005-10-11,196168.39540092798,272147.6214624287,233571.0581079673,176838.60907289584,146104.18008274172
2005-10-12,195326.45442600793,269063.50888975855,232135.2852496243,175358.0764891522,145129.0111497073
2005-10-13,194016.96295210943,264206.9108564383,229864.80560109697,173279.38645130728,143842.2013612274
2005-10-14,194651.54211790257,266288.41822279594,230722.10167131905,174063.37019671133,144430.87152766387
2005-10-17,195282.67420693568,268357.1199297825,231528.49661922263,174386.3156131769,144657.0378241918
2005-10-18,194553.9405117679,265669.37615583563,230428.13392805096,173295.11316245075,143887.98039569036
2005-10-19,192002.7284541939,257085.0396942598,226637.72355567224,170210.65612140828,141783.81500275937
2005-10-20,192607.56916842304,259453.96347327027,227690.36604213397,171308.94545532783,142479.91359927217
2005-10-21,191401.3735774639,255240.3254468334,226077.84475624491,170154.2433108574,141598.08511036605
2005-10-24,192927.85478523266,260359.2493655914,228562.51707326583,172526.82440329075,143145.30706983875
2005-10-25,192518.25353635693,258494.97420258375,227972.2972747065,171656.08341731716,142484.46010246928
2005-10-26,192485.45594464545,257764.92861405588,228109.4138612327,171732.62521159562,142449.12774317534
2005-10-27,191243.65268009165,253378.97112472914,226237.42891469164,169683.4313224599,140976.04702908683
2005-10-28,190897.40072145537,252214.0515982643,226122.26558034925,169416.18796922555,140563.09296349945
2005-10-31,193919.91308509323,262469.75218415214,230498.28356451058,173907.71143984544,143850.29121167018
2005-11-01,194012.03315292636,262511.5102522117,230837.41207212527,174071.88487835333,143853.73161671063
2005-11-02,193576.06967329766,260450.46591822553,230502.49880160874,173546.13655955874,143306.15426941236
2005-11-03,194863.57575276904,264721.28344928374,232717.72120188535,176414.42916464934,145286.53581687406
2005-11-04,194881.8606958127,264815.85069785855,233135.47390361084,176530.21156436196,145132.3401111578
2005-11-07,195690.85255041404,267336.5118302231,234518.1710559159,177414.57758743383,145606.6264524059
2005-11-08,195538.99576944325,266716.00127422856,234494.94396426203,176937.7443251059,145093.97183255438
2005-11-09,194750.8706314058,263666.40947474027,233579.5932240096,175750.50809265728,144083.69502301616
2005-11-10,194666.7013154989,262986.7542809941,233720.33960206032,175939.72348881562,144073.7772127663
2005-11-11,196112.78535783233,268449.70487659564,236217.1694683329,178802.88401422228,145975.0088687065
2005-11-14,196154.44997281683,268357.83330336824,236498.73205600667,178736.51876316118,145761.3668024872
2005-11-15,195921.22399473423,267578.32111378585,236442.1789025172,178856.98369904078,145713.15392846352
2005-11-16,195844.27502228518,267134.12236818165,236434.38183080545,177864.7559450835,144835.5633528207
2005-11-17,196520.3117083777,269479.8487214455,237517.01923004194,179003.12165574986,145614.06576050518
2005-11-18,196793.09642188385,270478.6841379267,237999.7153840003,180607.2059382603,146708.87544016735
2005-11-21,197859.38625535998,274159.5747631377,239676.23665306496,182003.68115098195,147612.66671804021
2005-11-22,197479.0214511436,272490.6812718564,239200.51655128453,181450.46387295952,147172.2370469417
2005-11-23,198854.08693922186,277081.64800232835,241114.8111258409,183430.7683030992,148655.86596826743
2005-11-24,198585.27798585704,276151.0272957397,240796.9765839276,183197.36103664656,148460.87775790226
2005-11-25,199177.2622760832,278147.711630145,241697.73778586445,184181.35973265494,149155.03899318355
2005-11-28,198711.6969055102,276060.7793327654,241022.08785345792,183072.58386705155,148309.4298075446
2005-11-29,199529.81007236618,278774.56787991634,242072.0410059362,184031.96083101846,149062.30711779257
2005-11-30,199005.18603511102,276721.2579224672,241328.93319644802,183095.04920039713,148363.77904618948
2005-12-01,200801.79119766518,283277.1086809813,243807.77645844844,185720.04565014635,150327.40463577362
2005-12-02,201711.7043220562,286412.7861491793,245055.12522265996,186908.54818699553,151227.9627746591
2005-12-05,201826.9825454964,286164.3888711356,245155.01587560493,187323.759183292,151626.23834723185
2005-12-06,202846.72364340347,290205.4109601895,246484.8260652241,188610.50124548387,152605.2931827835
2005-12-07,202625.98200050398,289161.08493412536,246024.382531502,187670.45437549002,151955.75938072405
2005-12-08,203126.36549290962,290959.13263963925,246675.52448989692,188307.13928047716,152446.7131989355
2005-12-09,203134.07421645304,291027.689172857,246685.47651504865,188409.3804685414,152535.89550480293
2005-12-12,203435.89956058882,291753.9566413026,246915.82842186492,188237.74723959007,152481.4138116542
2005-12-13,204047.6010856155,294048.06547991605,247692.7598962512,188579.7335682962,152732.84236418875
2005-12-14,203728.29261133846,292536.9578987995,247213.11742980202,188391.8851894135,152635.58529549363
2005-12-15,203876.19053194651,293260.6020688222,247462.58653944734,188643.46700387204,152783.89845111474
2005-12-16,204140.70602197948,294510.1961465447,247717.84377140985,189329.93905572192,153284.92273048058
2005-12-19,204026.32437043436,294121.38968332886,248066.57511640925,189484.48653546924,153153.67009638436
2005-12-20,204516.33077066398,295550.31603677507,248617.93168941108,190325.3209884915,153875.8494364357
2005-12-21,206091.978123801,301343.80003926926,250623.96336900577,192567.53285680222,155637.9268480117
2005-12-22,206436.3974303387,302542.3737104354,251119.5957736922,192984.27411420594,155927.2750594122
2005-12-23,206313.41659104603,301968.483524276,250867.86073132226,192638.94851703657,155707.83695806854
2005-12-26,206563.36184473493,302690.9857078618,251277.10416341832,192638.93524051734,155635.82769165552
2005-12-27,207224.11179936794,305333.9288042895,252104.07388225014,193464.8907595385,156284.48290653608
2005-12-28,207264.60620311106,305438.30603126803,252025.89532232383,193160.34407969855,156108.25912894684
2005-12-29,207534.5206713685,306470.83174636547,252355.0039628584,193526.81576850152,156402.48160807765
2005-12-30,206064.0432491604,300992.87610953033,249994.29447818594,190814.1873133792,154554.4344692028
2006-01-02,207188.53748407913,304943.67614372785,251639.00565770757,192326.45528354807,155608.25155597442
2006-01-03,207835.13286292797,307194.15746092715,252496.09085886244,193069.82981292452,156170.3415884303
2006-01-04,208926.8186534849,311080.13007167395,253924.54741056962,195403.2833700156,158006.31055841062
2006-01-05,208362.38908086257,308752.00787381904,253104.38122012853,194483.24270283294,157349.25504663796
2006-01-06,208893.2084650318,310652.3798775868,253957.98197935958,195351.10325191013,157928.0517744601
2006-01-09,208801.0885396935,310017.9611707604,253891.63936094966,194826.41940666834,157466.94014741437
2006-01-10,209025.2040613725,311109.8059907161,254202.67517719578,194827.33754278286,157425.37714619504
2006-01-11,210362.91492470753,316502.2648869059,256100.8333068708,197354.75507734186,159297.7917666262
2006-01-12,211172.82845988678,319321.09433950705,257189.02256275134,198316.38388102353,160013.749993541
2006-01-13,210481.47820841198,316771.35718019644,256183.16080264375,196471.22067454466,158613.2476491056
2006-01-16,211089.44804312006,318735.4288371846,257080.4086940155,197003.0625023271,158927.3115128112
2006-01-17,210006.60726709838,314817.52601469023,255518.75618404706,194984.256417806,157442.55444200162
2006-01-18,209365.02648911782,312637.08768863004,254479.10795472882,193713.3569705724,156581.6785492576
2006-01-19,210732.2174552541,317485.2979271641,256322.42580360707,195397.2570957736,157807.43372674217
2006-01-20,209223.03329517174,312346.7705848709,254143.15875144902,193434.73723126724,156369.56384719754
2006-01-23,208826.91882673412,310546.1236621138,253539.9041165868,192365.10159262628,155579.79698485025
2006-01-24,209278.9419412418,312104.1271421166,254121.64258189613,192959.15189314337,156047.12796998216
2006-01-25,210544.90529383667,316410.7159186069,255895.21134033415,194928.82867694084,157504.87740398772
2006-01-26,212205.53733963525,322210.11956643825,258226.81184890572,197909.0285815627,159741.44164046898
2006-01-27,213504.08587395443,327116.0963318367,260182.01784548865,200242.75427364468,161411.626499069
2006-01-30,212984.1647550104,324943.807553118,259504.34827490384,198769.79247698304,160228.05439011467
2006-01-31,213851.16717131782,328151.2240677945,260833.83712349972,200199.23434622583,161223.03295871988
2006-02-01,214520.11084375123,330543.7117150519,261945.1524381291,201750.11562051214,162307.59929279351
2006-02-02,213682.79577533703,327543.3074915951,260556.77065787747,199496.31948924638,160680.1704645662
2006-02-03,214173.25624851676,329318.2522461183,261222.59783628635,199893.06178148236,160960.3698622295
2006-02-06,214057.27790748785,328741.2581533312,260981.71575684383,199029.3794932445,160310.8701454743
2006-02-07,213984.78033635212,328232.2353572988,260825.63041446384,198719.26647275296,160107.5547017713
2006-02-08,213048.51637735264,324986.06844011403,259513.5326116214,196985.22744648124,158793.50461913305
2006-02-09,214467.23557302053,330064.9442206386,261390.2364791044,199209.24151565967,160516.08463493336
2006-02-10,213393.28913950396,325930.4994787971,259760.11793037306,197412.70993753223,159244.23113096005
2006-02-13,214586.06746535227,330270.357306425,261421.20745113524,198989.55817864658,160403.70251634385
2006-02-14,214493.16033026905,329883.6963679629,261330.5993768492,199064.1527738014,160442.2201323015
2006-02-15,214117.7964560196,328326.4912287716,260765.77606270014,198329.19312342373,159892.86836737953
2006-02-16,214513.96005803853,329710.43149951764,261527.99680912175,199679.076620286,160827.34126175122
2006-02-17,215030.7040530972,331905.2446985598,262221.39109446964,201048.41203195928,161780.00450163445
2006-02-20,214319.44705004166,329090.8083743003,261218.94888322736,199809.01524180974,160857.202468083
2006-02-21,214865.47563142425,331020.7517995434,262006.3959099697,200458.1179169912,161298.44893245172
2006-02-22,217076.01382345238,339185.51575968735,264736.72025893396,203973.49660190268,164067.95479790843
2006-02-23,217138.09132127726,339646.50298339885,264945.2045627262,204345.1847499816,164282.40080507795
2006-02-24,217412.38416514723,340335.55864204274,265209.753772621,204325.42526541435,164316.87912524267
2006-02-27,218088.4161342759,342587.61547675607,266142.12978400366,204994.13855713553,164772.72852473278
2006-02-28,215956.04709008872,334291.56482150854,262839.13513022277,201608.6622132579,162447.219610073
2006-03-01,217686.3906762363,340565.90933998214,265232.1172148032,203956.1309468013,164166.1395821827
2006-03-02,216409.90359112542,336000.1076830878,263476.4444181973,202471.85446209123,163082.77658545692
2006-03-03,215856.0845531205,334294.59722890524,262859.00580181216,202033.7794980104,162693.5573139382
2006-03-06,215689.72124471326,333768.31497137976,262707.17744925275,201655.1073916311,162347.44036901486
2006-03-07,215112.47481459877,331929.2149672513,262028.354429301,200879.60671186305,161727.9678726961
2006-03-08,214132.09473575474,328492.2552519841,260714.9428181938,199391.60487708397,160643.9866450724
2006-03-09,215364.8835554011,333066.6134949686,262393.1588225197,201019.0869734421,161841.01933601624
2006-03-10,216611.13011188208,337636.57399554556,264121.16187928896,202749.71873857552,163100.88554459054
2006-03-13,218597.57265233863,344816.11633035925,266780.6499126684,204825.85743756112,164630.02847227198
2006-03-14,218696.69770852057,345070.78057459573,266959.3436652661,204854.65698856628,164615.6570718582
2006-03-15,218973.1255525434,346161.7674286663,267459.2125733507,204945.02495605106,164586.19122383563
2006-03-16,219346.0901920827,347938.0274855511,267962.68404533045,205328.8280829436,164860.3009572367
2006-03-17,220923.10107958072,354017.82762047736,269815.1307644833,207511.3009825565,166569.88972361883
2006-03-20,221248.28653318604,355173.4251581069,270254.7872167312,207656.00049633425,166647.3871897109
2006-03-21,220999.37892864662,354018.82618361135,269915.2396636383,207333.99464239524,166402.29928249345
2006-03-22,221953.58333736262,357818.8507689468,271036.6722412562,208903.32591353013,167726.8853409481
2006-03-23,221803.90947456317,357230.16263932467,270845.39681433147,208467.55285746633,167380.65923813256
2006-03-24,222424.49161979617,359566.5086627895,271753.78399194684,209420.07369844755,168080.67748927022
2006-03-27,221081.11456852453,354524.08811182156,269890.3171892591,207023.6027088866,166289.20992667804
2006-03-28,220892.2426940697,353814.73960776784,269648.9521953236,206620.96093050696,165971.25119215407
2006-03-29,221675.88406177558,356369.55849545804,270723.19321444264,207646.77539226605,166713.1875203298
2006-03-30,223277.31272010264,362230.9791511373,272807.9377411925,209874.1080739909,168419.10092535138
2006-03-31,223103.9562683721,361317.6625071959,272593.1814159532,209608.86544097282,168214.23377442296
2006-04-03,224104.6346417634,364810.8022871883,273906.3185103948,210645.24226465734,168986.4162233996
2006-04-04,222881.6332028041,360203.0947403504,272182.6232681936,208826.21110715656,167671.51408103574
2006-04-05,222546.85408908222,358631.9934017168,271379.6157115898,208001.20043675494,167227.46001152712
2006-04-06,222147.17294089915,356889.25716524094,270780.9525207642,207485.7543999316,166884.69482599956
2006-04-07,220787.6509539252,351701.80898198456,269010.9238233792,205765.92117629258,165582.2147006428
2006-04-10,221236.12857664056,353288.184978416,269756.2345491698,206163.3157506026,165788.6417295487
2006-04-11,219018.36379375577,345532.040567025,266911.6144252432,203500.12731187866,163767.56197505925
2006-04-12,218449.70521290431,343685.68005851377,266091.80858733674,202655.5209009918,163157.9369395164
2006-04-13,219290.0010959177,347098.6343134216,267124.8860814095,203383.66273413916,163719.41451711865
2006-04-14,219270.8050548115,346951.75529748347,267211.2357773968,203383.64532982543,163652.05138778285
2006-04-17,219372.2902081077,347138.2862095771,267393.5797287388,203383.64404376323,163618.66996340608
2006-04-18,218978.70959729282,345594.7977744604,267031.4899676909,203190.7179681907,163400.49993315773
2006-04-19,221205.20133124883,353710.7016447464,269776.3827351201,205389.39747111185,165113.8065252306
2006-04-20,222873.0766572705,359382.24821854034,271923.20678487525,206967.60562798503,166305.3347900446
2006-04-21,224965.97704347208,367612.9930709814,274656.31171038974,209568.18368425494,168250.88891502877
2006-04-24,224024.70848907114,364091.2312870064,273442.00434656953,208036.58334557232,167067.64463523295
2006-04-25,224676.11724329076,366613.36902502767,274347.6012174733,208712.7082226564,167536.31667356676
2006-04-26,225323.54838671317,368852.55544975743,275291.032540047,209419.25978901164,167989.46968038502
2006-04-27,224311.46861142167,364559.9525082064,273764.99707490776,207892.10751059622,166896.3066497735
2006-04-28,223329.57553404535,360678.46685058513,272479.7965377343,206626.43981407225,165945.98606185216
2006-05-01,223506.09261100102,361140.68919437134,272774.3366859683,206626.4105489076,165894.36996175564
2006-05-02,225317.27326989,367522.88979272055,275077.58308481384,208645.24319776488,167453.7455697744
2006-05-03,223755.8505120989,361428.92000950925,272681.6782931755,206515.22274490702,166030.25502205946
2006-05-04,225472.29440732143,367765.62367907556,274999.56707644876,208538.17456658962,167536.88094086343
2006-05-05,227545.9536887823,375279.3992940065,277691.40111583716,211002.08177335747,169413.06739029955
2006-05-08,228285.19674047577,378063.3305730309,278726.80471393873,211525.45290226015,169739.66406033468
2006-05-09,229344.29856864447,381892.83570836135,280235.10614607757,212894.41662865557,170739.47847814867
2006-05-10,228698.83075581538,379387.18312379625,279488.55151584855,212235.41508005094,170192.6008458793
2006-05-11,228201.7810972407,377428.14518149657,278852.40431429516,211450.07727754232,169578.29134398018
2006-05-12,224565.90766678835,363677.8754039714,274008.67741783714,207271.84263608293,166462.46326763293
2006-05-15,222408.65938716196,353875.38556230976,270601.42931579927,205133.96880156014,165132.1437655362
2006-05-16,223835.98644508055,358580.4151468043,271768.86824190605,206139.75226506568,166323.06650899356
2006-05-17,218244.1545237047,337801.0611972657,264011.6185450694,199606.9452014211,161630.70237132855
2006-05-18,219650.27308559,343602.94606080506,265618.5852133143,200774.7175789715,162596.169180153
2006-05-19,219890.4986052542,343792.837903055,265746.7917952864,201067.0028330586,162906.91557341334
2006-05-22,216032.60814016405,329510.35207914934,258956.3756081115,194457.60581184673,158856.796648148
2006-05-23,220485.11769628836,346776.236025517,264964.81749590643,200838.02584663895,163722.16698210101
2006-05-24,218681.0048420183,340041.52311954735,262238.4749019573,197948.3409592736,161706.01156037685
2006-05-25,220994.56734942956,348461.133019807,265535.43843401584,201242.23552877756,164108.80886852444
2006-05-26,223830.707254639,359155.9418801791,269741.8389737747,206025.07701833043,167549.23334928762
2006-05-29,223476.66962433438,357779.7028824326,269382.4238834742,204658.95477927846,166388.54240694566
2006-05-30,220169.24350218815,345266.4425521783,263969.9228508619,198826.4525721105,162474.4352120681
2006-05-31,221338.30014879938,349681.50161003944,265961.99679246865,200568.01174044164,163531.24063801023
2006-06-01,221933.62745181765,351553.1757591446,267002.46243079635,201244.13159713472,163905.94110296498
2006-06-02,222819.419732928,355070.278051077,268480.2401187121,202252.71320329802,164477.5724997658
2006-06-05,221683.31009463235,350273.85056029673,266800.64844169316,199930.91604335624,162769.03215378366
2006-06-06,217625.70957825097,335049.92632050824,260728.0521924936,194675.3373602528,159168.48598370294
2006-06-07,218526.49626730988,339065.72812090185,262425.1611845289,196031.6514296096,159928.0452230729
2006-06-08,213528.95737022246,320294.2347393567,254917.45588127125,190072.2601176163,155938.93495799316
2006-06-09,217960.1652044916,336891.5528223171,261075.61916405868,194924.07733435783,159433.76353579763
2006-06-12,216252.74022981204,330487.4828809246,258524.14111569396,192756.809806509,157956.89878737958
2006-06-13,213340.06082973257,319849.3754617011,254226.69442858806,189448.47730934515,155718.59364462347
2006-06-14,215563.92774214994,328521.6198366979,250828.60743582182,187076.58528031153,157491.33072394368
2006-06-15,219052.81594779834,342162.93397446495,255579.77484646518,190539.76510023896,160044.88242424696
2006-06-16,217512.47398789108,335601.98335574893,253818.53616068276,189440.90541936635,159061.61476154125
2006-06-19,219216.611850552,342109.2496545316,257347.66004038448,192338.12215434609,160453.10787022585
2006-06-20,220623.53796844487,347620.7167554413,260405.6134314833,195140.5069439897,161882.90876143382
2006-06-21,220205.40345852816,346235.57809026266,260042.22043170652,194178.40041994108,161042.11853353409
2006-06-22,220929.89697301993,348649.42866268527,261784.56840539756,195411.18831509908,161558.79988787082
2006-06-23,221671.14568797016,351803.16853105935,263664.30604919756,196916.58237630504,162216.59114661269
2006-06-26,221833.1857184858,352235.43672094814,264527.9162155141,197034.52591391004,161901.22192257855
2006-06-27,221675.90708238297,351421.5637098172,264118.5831517078,196163.55447319872,161329.37945021415
2006-06-28,221643.7808616719,350813.77757484076,263817.06875878805,195498.34867424046,160957.75895884185
2006-06-29,224389.6536776718,360706.3196084467,268070.1209440478,199582.826749546,163789.42252398623
2006-06-30,227014.00362910208,370705.9419267066,272112.67755871796,204005.89691999834,166897.15839652062
2006-07-03,227694.9495131258,372913.4686598297,273183.2825860663,204246.05422357924,166980.67488890732
2006-07-04,227699.77717562165,372455.7841610602,272724.3157972844,203507.1138162854,166677.86589553067
2006-07-05,226096.4480548843,365935.3433364414,270109.69999632926,200296.9211103214,164456.30740767202
2006-07-06,227517.80973821713,371159.69465320016,272572.9810505767,202696.92428047478,165999.55448016486
2006-07-07,227484.38671492247,371184.51494787505,273217.6011758648,202830.20101824816,165686.552260929
2006-07-10,228935.1412405611,376578.81037781114,275275.57663206244,204321.80201042155,166736.4869202417
2006-07-11,227303.80709989255,370307.5804451358,273114.5278934855,201703.60544379745,164693.83836192483
2006-07-12,228136.15346981413,373125.2276931933,274666.5032386632,202903.37596218282,165366.63871099445
2006-07-13,225224.329560833,362690.8979585238,270731.76324238,199101.0299188238,162439.1389592684
2006-07-14,222127.68594556014,351318.22175946814,266539.7468906638,195684.18790427627,159882.46547707362
2006-07-17,220362.84150554985,344332.63365525997,263810.91903763247,193375.4758436671,158301.41758387227
2006-07-18,219816.16410355174,342010.2713890883,262739.4501284427,192527.86473015032,157833.36845488916
2006-07-19,224388.1100088993,358944.5234070156,269366.49001038325,197520.12443905105,161335.98429144503
2006-07-20,225828.91627572477,364334.60084128217,271619.6887257424,199282.26724290743,162499.42140477017
2006-07-21,224034.39856534565,357945.19828737224,269297.47871397,197822.00434816527,161332.31403778502
2006-07-24,226828.2019154273,368080.0939374348,273343.7764668358,201820.66586534795,164228.3500078188
2006-07-25,227375.8703900942,370044.4450944896,273851.78824974026,202214.56074123224,164679.23624039674
2006-07-26,228113.32749685226,372840.1370966223,275044.9271155125,203316.2750686911,165416.6196206506
2006-07-27,229456.9874003506,377936.1674565991,277398.7597450366,206241.9321347145,167335.4298450077
2006-07-28,230202.99890105295,380477.09398359386,278474.624020667,207725.0621340514,168471.49545834766
2006-07-31,230547.88898120483,381943.624667411,279265.29868091876,207693.58033101546,168207.7443311075
2006-08-01,229662.74399931222,378957.4658601475,278218.6533769388,205915.4127822755,166682.4783598863
2006-08-02,231272.9303327384,384788.60324362916,280500.15534430515,209274.67423189245,169225.6314649843
2006-08-03,230578.73438505435,382025.66874215525,279513.1073227565,207399.50046199048,167803.53602279577
2006-08-04,231231.52873165757,384389.2811963091,280559.1358808968,210046.9081639135,169779.86899579686
2006-08-07,230144.73956446024,380371.20740679355,279089.3357933779,206724.1892970605,167133.3642856465
2006-08-08,230529.7005787682,381711.2554957711,279836.0263088575,207588.16594139996,167636.09919646062
2006-08-09,231469.49501999252,385233.519917483,281175.5071432978,209666.93203945458,169198.63663299702
2006-08-10,230355.49168600893,380513.39494462026,279036.0182233641,206441.33130283846,167139.42750333907
2006-08-11,230680.45014738638,381151.6677058132,279138.5712816567,206626.7897084574,167554.64152759433
2006-08-14,232491.87193801618,388169.72739037796,281964.48710778926,209307.6590112307,169431.4707519088
2006-08-15,233829.7657423574,393439.7556407383,284090.09427846415,212113.16487880313,171488.9938604706
2006-08-16,234439.6172230764,395999.7678275614,285344.7775575111,212878.821003017,171815.3778393192
2006-08-17,234598.98487705376,396312.3524843717,285625.2393949592,213241.27527581208,172122.6394184955
2006-08-18,234338.62548665213,395143.6819514652,284902.49247365515,212845.2071853888,171800.8991055731
2006-08-21,233231.17576031355,390528.11377759295,283346.64951452013,210739.68318204218,170252.53257730365
2006-08-22,234086.18363402583,393803.6796576964,284369.9128144009,211596.88666096042,170992.81521219827
2006-08-23,232421.33464405342,387845.23614482704,281971.11833987304,209260.4863977091,169344.53813797535
2006-08-24,233464.6141061335,391814.4223466246,283630.6423023365,210694.08317659373,170266.46717357906
2006-08-25,233627.36304550988,392213.3928429816,283773.22290911333,210697.78966393103,170302.77009708402
2006-08-28,234767.82218681218,396267.9560413444,285362.5832425147,211822.88749312254,171125.8981419737
2006-08-29,235317.8717086094,398446.68860070937,286255.9964202099,212541.4073098817,171569.94973400165
2006-08-30,236754.86551832213,403929.72506499564,288297.359264591,214477.95260260426,172944.97535250572
2006-08-31,236973.52932139504,404754.7403671116,288572.3355545487,214787.80472483038,173186.5780108053
2006-09-01,237696.09190616227,406865.64221711946,289347.27215225255,215294.790434579,173684.2590799895
2006-09-04,238564.4295802924,409614.3124367905,290337.137641417,215523.03750727331,173889.86704089836
2006-09-05,237842.51881121608,407081.2063941636,289415.3883831957,214357.650704327,172970.1738409378
2006-09-06,235638.1671219266,398676.832938556,286394.15591068135,211685.95035992292,170978.3933298161
2006-09-07,233083.5642433368,389286.5094544049,282314.51580846973,208385.32593801946,168868.17612032994
2006-09-08,233980.58233347168,392510.5932881704,283831.6596033622,209525.60381860237,169536.02662994037
2006-09-11,232626.8002294313,386046.93981804163,283067.58739799383,208838.40867187313,168358.40990151803
2006-09-12,235515.5366965171,397800.51651627803,287513.41928088496,212153.733006748,170581.68979737224
2006-09-13,235667.205082416,398297.6297423665,287581.33201699797,212203.10004895556,170676.58468879122
2006-09-14,234708.1312752399,394273.76994701667,286364.66052357014,211289.50880454114,169930.37053244316
2006-09-15,235073.54930727216,395467.528803776,286939.7770151984,211963.05943868947,170363.03622346884
2006-09-18,235708.86552208615,397582.5252332177,287637.9627021934,212461.30055607422,170841.61366677677
2006-09-19,234589.91993966332,393581.40899351705,285842.03872008773,210592.06251735566,169594.05018133443
2006-09-20,236669.44915099148,400782.2413930352,288548.17563004885,213581.87698439526,171915.87122027203
2006-09-21,237068.88067531277,402227.16258207365,288638.3566230897,213749.4081101063,172292.65485762755
2006-09-22,235356.56628347162,396209.72859802394,286560.13251007197,211384.0704410456,170373.18941494494
2006-09-25,235594.05778262194,396705.8994713972,287004.378272364,211382.0708284842,170293.1169086389
2006-09-26,237628.65346974667,404054.6093624448,289750.7575373346,214309.30540090377,172527.9669828719
2006-09-27,238534.18095958777,407155.5084586645,291032.8935910201,215562.80790854868,173438.24505360815
2006-09-28,238651.39554441735,407884.6015402176,291451.53314844583,215871.0949075275,173541.01620154758
2006-09-29,238750.0548556908,408138.3369816533,291405.0345648433,215673.56383771394,173488.32968385148
2006-10-02,238766.9990298508,407696.6172809575,291264.5615164141,215097.0166438264,173124.64875442485
2006-10-03,238740.0812898419,407545.5303968866,291387.5920734927,214753.00198738286,172739.0573974973
2006-10-04,239622.3892748552,410006.8274011693,291612.9717815272,215118.65519253508,173518.1270631582
2006-10-05,240576.8261786859,413003.338698561,292192.64652069466,215968.15898481244,174535.8512151759
2006-10-06,240188.96368277277,410897.1897891024,291023.08383551694,214679.27128741753,173861.701810531
2006-10-09,240419.4346011343,411068.0291075243,291069.8331185459,214456.62142298883,173810.75030713505
2006-10-10,241520.76747820518,415337.0272144776,293138.3335685724,216204.31981761797,174810.04586701418
2006-10-11,241261.2561950059,414354.5523124579,292955.4546340504,215710.739201008,174328.67034739105
2006-10-12,242226.284638324,417512.9391769972,294517.83730066434,217774.2331719071,175791.6915547693
2006-10-13,241697.92356429985,414985.2794895245,293758.665271164,216944.5869807968,175173.7560392944
2006-10-16,242088.84526739563,415901.0395735275,294428.4440207559,216942.72625405013,175074.22661818375
2006-10-17,240416.27618338147,409786.0894953189,291775.4361926888,214077.33787625105,173105.80640342043
2006-10-18,242281.36004848286,416792.50308155885,294530.7205944562,216341.1306242913,174677.33218004328
2006-10-19,242712.3493584081,418397.0336724516,295059.80685832235,216486.89660450176,174782.61118726316
2006-10-20,242389.69580410735,416763.0109720794,294481.6614707751,216504.4476388561,174798.7410750535
2006-10-23,240339.06433757936,407332.6840411858,296139.97497795173,217755.78921525134,173746.18340574458
2006-10-24,240047.45227130523,406005.05155287596,296012.2577513219,217373.9237456882,173323.36974372758
2006-10-25,240692.16845916765,409350.0643107018,296826.60019883857,218354.28378485356,174128.25635299357
2006-10-26,241027.58550793055,411440.8168872731,297510.03822718933,218999.0751281244,174248.9714051015
2006-10-27,239337.86519654686,403004.3661567456,294647.60270733177,216150.16855531052,172534.32425868517
2006-10-30,237800.01367587157,395114.2652199518,291711.02086342365,213406.7750262741,171069.00115623075
2006-10-31,237593.17154465016,393873.6873063926,291349.2323926854,213090.2508068655,170921.4038994183
2006-11-01,238266.38754648145,397109.5794756474,292762.6509041021,214174.2538587067,171494.92211004187
2006-11-02,236851.26548693652,390385.32654218574,290495.1531836635,212174.30991480232,170261.9675369883
2006-11-03,237931.82005509062,395868.8172668849,292073.4993302706,213332.75648764012,171075.7563296934
2006-11-06,239784.3077700555,404511.7810994097,295009.3447623172,215721.83673445173,172603.06636977164
2006-11-07,241134.67320357778,410709.5680089948,296620.7741370794,216981.42384771004,173656.5980692115
2006-11-08,241010.29699752358,410365.72455494385,297070.71998793917,217490.39141108582,173693.9137352561
2006-11-09,240643.45650799232,408701.8327509064,296949.21376531856,217284.744003264,173349.767822874
2006-11-10,240701.92038741417,409056.6030715122,297352.0891689491,217561.81456519256,173346.922480503
2006-11-13,242407.90497803414,417145.7549861599,300079.9545412454,219544.76919928772,174602.3889820433
2006-11-14,242088.16861909974,415615.950739011,299708.0097992303,218962.8301433046,174186.2919735397
2006-11-15,242702.02850699145,418563.4620706816,301108.9229414288,220222.84535417942,174812.37626736338
2006-11-16,242197.15249655262,416034.57759974455,300736.5263946258,219948.63983642223,174454.1759748167
2006-11-17,240796.37088622036,408844.9154701204,298335.2303086929,217781.16780998564,173120.52662339405
2006-11-20,241457.50063643407,411744.132699689,299462.5102447291,218510.6571942737,173545.73723444718
2006-11-21,241742.31236899982,413152.568337022,300317.6560838017,219105.59144964998,173698.59646260604
2006-11-22,242279.7456704696,415927.7329343835,301385.704327525,220346.66492238696,174358.80780480325
2006-11-23,241910.76348406854,413956.0649432815,300520.17307089065,219234.09783933594,173768.877728985
2006-11-24,241052.5643365558,409635.2298114541,299046.0710061703,217776.15397192785,172866.75082183414
2006-11-27,238732.72556304693,397863.40006266814,294374.0181443434,213524.47267256948,170590.58277226306
2006-11-28,238588.58888368087,397000.79926942877,294298.4840391205,213326.95720686452,170379.813741242
2006-11-29,240539.05001703906,406655.7889367737,297618.99831617146,216279.58674862736,172216.997141325
2006-11-30,238936.89510197192,398800.6985576256,295173.65136727074,214144.9019930652,170803.21906720492
2006-12-01,236785.43332225605,388171.716848655,291861.6268010026,211498.25630635637,169051.9112145117
2006-12-04,238318.72282733713,395245.9277780135,294874.5907875801,213846.75370411755,170299.49474793067
2006-12-05,240088.60624402363,403884.38115685846,297726.174963397,216356.22297666364,171943.36167761052
2006-12-06,240231.09081158479,404553.69948845706,298305.00737065176,216668.11532614575,171960.05557763402
2006-12-07,241225.99220265375,409557.75760342943,300185.3045330246,218392.18213448484,172936.4570771095
2006-12-08,240889.57525931415,407769.4056169606,299963.0502534468,218383.09737679432,172781.262007918
2006-12-11,242488.0440598195,415324.96992696926,302631.0133085892,220169.23273801865,173858.210536656
2006-12-12,242853.2568416895,417019.1487583546,303458.2335182889,220842.64276184468,174187.33725230137
2006-12-13,244165.96358890043,423169.82578259596,305439.24849045643,222236.08114415736,175152.84187729465
2006-12-14,244645.32118832346,425420.9907832929,306400.2826059258,223026.41530032706,175586.20015844062
2006-12-15,245089.44164966815,427679.96283594164,307441.6148066307,224184.91027564934,176154.5734369317
2006-12-18,244901.7018396859,426522.01532698923,307283.18736005423,223603.30192333442,175655.76051210758
2006-12-19,243807.97819354455,421058.5655790605,305621.5340035271,221897.13633870817,174467.380157813
2006-12-20,244520.70435886193,424599.3536170131,307264.42823294963,223655.01026182223,175444.1173224784
2006-12-21,244176.80461134724,422707.63874232006,306930.9241814964,223389.4988446172,175168.53397135437
2006-12-22,242566.0620221559,414726.68951043603,304301.5014473029,221011.43663399498,173632.922570044
2006-12-25,242657.86187631622,414900.2492322833,304658.34509256337,221011.423260478,173497.19273488192
2006-12-26,242605.86517261737,414537.507638763,304818.7421433811,221011.41982165354,173367.18183559715
2006-12-27,245438.08155844436,428560.38154101925,309185.2674188218,224836.44660586023,175951.92218846362
2006-12-28,245276.37079729777,427678.6860579908,309049.7473312422,224585.95899709413,175717.45864986227
2006-12-29,245296.98942496342,427792.7545208864,308967.41261644376,224385.32734893792,175622.0406381267
2007-01-01,245407.87449079118,428059.7568036259,309408.00312815025,224385.33096936054,175451.50361175256
2007-01-02,247424.55150608814,437927.93728002335,312649.0533688198,227342.87128642897,177402.08910927776
2007-01-03,247298.4926065649,437006.31783952896,312129.13005138846,226807.9117105751,177187.66337620534
2007-01-04,246727.3154732919,434302.799897962,310866.69454488665,225552.61081778625,176513.87395880255
2007-01-05,245478.5764505233,428063.32957150135,308613.12486444594,223578.36234735113,175342.33603735224
2007-01-08,245080.18163884038,425701.6858709613,307496.27577233926,222298.27927749758,174688.53089371952
2007-01-09,245315.78098995978,426374.8285157068,307696.6925170084,222558.28331913214,174953.7914270036
2007-01-10,245123.09787894506,425539.4646078987,307015.6272411013,222053.68165738514,174812.62696498205
2007-01-11,248047.50628948238,439888.1526616858,311406.02345738694,225955.87850497814,177513.91548270275
2007-01-12,248127.86251996446,439868.44087181566,311583.399852169,226270.01682580245,177716.3937341398
2007-01-15,249085.98248882874,444453.00605134567,313434.1241143299,227364.50884107908,178232.9515612568
2007-01-16,248294.8218532083,440197.1047838317,312020.85802708205,226080.3540248996,177463.8079662413
2007-01-17,248486.81489025624,441084.2684312362,311498.76887221646,225084.85936594455,177098.7484288304
2007-01-18,248526.4143332135,440745.62712308613,310533.1682148414,224447.96866969412,177145.24259991667
2007-01-19,250639.23168083568,450647.26063501235,313240.59540876705,228580.13966759428,180292.62128802264
2007-01-22,249736.66282693765,445942.93790790206,311870.57819229463,226846.14302071714,179064.3386436785
2007-01-23,250473.01041237122,449740.6186593466,313053.92805786146,227941.88801623648,179784.4031782917
2007-01-24,251473.51382253738,454505.2218371168,315041.12452375155,229728.88101491082,180787.36314857492
2007-01-25,250782.22136080122,451411.4727252638,314165.80131224723,228658.5134258423,179939.43668622122
2007-01-26,249838.97579342584,446847.0304062715,312328.0388020733,227267.15221354392,179209.34401103726
2007-01-29,251309.9666912421,453613.6150256592,314863.7498480068,229346.1498871834,180470.3730010698
2007-01-30,252341.45905257334,458739.28767143755,316716.25520124065,231081.33798134874,181524.19814369554
2007-01-31,251296.21300906458,453602.7712247381,315395.8643297015,229776.1301470835,180514.69906970658
2007-02-01,253028.56731138457,461690.4613653401,318438.2314530272,232306.95801059893,182006.56248789336
2007-02-02,252999.78632920398,461084.86470725725,318943.6986614731,232550.7781450733,181884.99263164942
2007-02-05,253021.11545108107,460972.7622689302,319022.07607572596,231780.09700366927,181245.81693165714
2007-02-06,252912.1058184983,460555.9754974042,319319.10705505457,231812.5767112831,181021.7914169199
2007-02-07,253308.85919723092,462459.7340261451,320426.61508661514,232701.20223833763,181374.23118897565
2007-02-08,252466.45852436006,458290.82485229237,319357.56646039913,231491.40970775465,180419.5629682788
2007-02-09,252796.55516494435,459954.8849752115,319906.054902863,232029.04424315397,180756.02088496505
2007-02-12,251509.13972666865,453361.3919575242,317740.05850422004,229734.7233610121,179258.78958574115
2007-02-13,251864.31700979627,454831.9704801523,318633.1729904087,230682.14199190677,179774.12903558396
2007-02-14,253208.2655575179,461341.758288965,321000.170467343,232353.1669667431,180696.0447311883
2007-02-15,252728.1737831857,459140.8085101853,320085.94372244104,232454.47973676384,180929.36993058297
2007-02-16,251706.22315103936,454077.69300997484,318953.4422834664,231566.29019114038,180096.05049802826
2007-02-19,252947.93458137626,459953.0491673506,321255.183910962,233607.92675407932,181271.58098667473
2007-02-20,252450.4545410805,457191.3447368933,320774.9414373283,232928.12690872565,180643.8209997643
2007-02-21,252096.29838455064,455182.366542533,320323.1661510007,232450.4406803008,180290.13930451384
2007-02-22,253301.8529817714,460787.37238308304,322242.116236151,234079.2890521477,181321.1344812841
2007-02-23,253353.36788218396,461230.55315319134,322453.12534746405,234073.00815628713,181239.38156508032
2007-02-26,255107.74801324372,469296.0133457854,325043.4738763992,236541.91843248587,182984.56027785057
2007-02-27,251050.22633279616,449444.9440239494,317709.05485694605,229707.62636113135,178874.96293579324
2007-02-28,248017.2534871372,434239.61450681754,313305.8009596238,226120.78618456973,176370.15616438864
2007-03-01,245137.58838354255,420177.45379496255,307841.1015491404,221568.97541173093,173802.24274216266
2007-03-02,244573.21202444352,417450.5970693702,306341.44930985157,220340.5980609582,173270.12746352376
2007-03-05,243272.11643409004,410478.0468478068,303907.09566340124,218451.35956204496,172215.6412006575
2007-03-06,245238.64633796792,419247.98085742723,307238.32225285925,220921.8599205203,173663.58715455036
2007-03-07,246196.36492911106,424175.03230516,309571.76981322106,222644.04614062808,174400.74177263817
2007-03-08,248165.4005516214,434237.00186382304,312945.0533883945,225093.54608773763,175800.4216284144
2007-03-09,248347.06557076026,434741.39099334204,312579.6669596691,224803.24454011695,175874.04903951695
2007-03-12,246094.68274880905,423254.46028422436,309460.472304502,222464.35266806057,174167.35141566445
2007-03-13,243934.67664061018,412400.10656335286,306617.46250389476,220384.9442448874,172596.83417639247
2007-03-14,239719.91111138894,391548.4960091955,298849.1876484689,214735.65488269966,169516.4493647618
2007-03-15,242913.57048243043,406558.3957428936,304028.40741431946,218496.42147286126,171814.32458688438
2007-03-16,242085.63822332706,402371.43147418613,303365.90030042006,218257.32619988197,171397.05823558086
2007-03-19,243801.67756892092,410531.16607966064,306502.77569863206,221217.05508668424,173305.0493900886
2007-03-20,244850.86229293206,414855.7181760804,308625.79913818004,223439.85881543285,174663.12771250802
2007-03-21,244789.65486996516,414819.39913232863,308969.3782949108,223247.2627982545,174212.89637805359
2007-03-22,246761.5028615827,424284.14739468164,312665.3609768897,227514.17146194144,176977.5159287169
2007-03-23,247174.04678913925,425939.79034215235,313945.8217639496,228570.09716845775,177459.1302378429
2007-03-26,246538.21060599972,422169.24936623254,313206.7991740791,226685.35079744557,175916.1351451794
2007-03-27,246504.91583363517,422231.4906424902,313476.0212515267,226582.92644508567,175557.00909787227
2007-03-28,245706.23597100415,418098.30684808845,312328.2593264888,225131.18433470608,174481.59515134495
2007-03-29,247617.85338944447,427094.7712120507,315506.7165736869,228736.60254068588,177071.6680615849
2007-03-30,247967.50196073923,428618.5366769404,316123.98634827265,229140.39297080922,177296.90045222416
2007-04-02,248521.1740563516,430856.960235253,317065.7427257292,229538.7133575764,177490.77074450898
2007-04-03,249614.79588625903,436022.1582188853,319174.88169872056,232205.6426697841,179278.30415123794
2007-04-04,250016.99742441895,438059.81002436223,319896.7696617526,232710.7692637971,179573.3357541567
2007-04-05,250535.12030203882,440521.41452907934,320762.9483101019,233673.5344268083,180232.66300565342
2007-04-06,250678.25243985976,441098.1878825596,321036.81201011693,233673.53827543708,180182.62855821438
2007-04-09,251147.159494388,443039.17650264327,321693.20108916477,233673.53315953672,180154.69170663564
2007-04-10,251505.39650933238,444662.4107354098,322408.53116784466,234565.44603241386,180769.63121575332
2007-04-11,251553.60236449094,444802.83405219874,322309.17049603804,234024.11330283762,180381.3156281342
2007-04-12,251486.65162177978,444509.39469710714,322030.3760856511,233302.04736361443,179812.08011819108
2007-04-13,252100.51824722462,447703.3623178261,323115.333088606,235197.48517055385,181152.35231155058
2007-04-16,252985.96712289046,451746.5247804957,324888.6070764683,238311.95463245458,183378.01355617546
2007-04-17,253082.6040745335,451995.3928966522,325019.5776771745,238035.3556793918,183120.36210991538
2007-04-18,252978.45957037128,451331.6447526338,324693.7139513126,236954.74441769405,182334.64957243612
2007-04-19,253491.3683233632,453705.95852873486,324958.752364484,237421.22676373937,182812.74940065827
2007-04-20,253458.42810812732,453607.3608935578,324911.8946253089,240690.62014239075,185256.1500370786
2007-04-23,253471.42841433335,453320.31027265376,324734.37029954745,240181.95547831542,184954.99825275768
2007-04-24,252800.3069384811,450123.55248903704,323721.7446516863,239163.31965856417,184281.99022758415
2007-04-25,254336.16244981563,457496.84469068266,325713.0444980675,241015.0204623013,185661.7191518164
2007-04-26,254179.99653710992,457185.4562949698,325517.20609425515,240723.73314465093,185445.31602269542
2007-04-27,253174.91511998078,452137.41001450876,324058.9594683672,239216.92195462555,184372.71788239572
2007-04-30,254479.1598255117,457889.44084538554,325792.61211403186,240462.06041915793,185286.87438532044
2007-05-01,254601.07871643102,458367.9120726065,325937.09562436375,240462.06067600884,185289.63236861918
2007-05-02,255894.2351042965,465155.3133714715,327598.2805066778,242232.68499328112,186620.50413016338
2007-05-03,255929.70206668304,465277.34140056215,327510.2861507487,242031.64031948958,186528.34947108536
2007-05-04,257519.97415595085,472671.6090252377,329626.0186523448,244146.14523493897,188102.7253020013
2007-05-07,258308.60523185582,475812.795273079,330599.20688582613,244653.33419273456,188500.30713372157
2007-05-08,257304.72910986393,471053.5181464679,329079.2810298075,242973.87007052044,187339.936433495
2007-05-09,258601.56781820374,477455.20942922257,330731.7561890236,244698.80208288308,188670.79281121818
2007-05-10,257095.9748970021,471100.22771458916,328660.8231153684,242981.2336691387,187450.52335332628
2007-05-11,257679.64590412463,473998.0154001539,329533.2473615781,243729.57455798425,187965.3619623085
2007-05-14,257764.22079495376,474508.46237110056,329442.7488955621,243616.76406891327,187967.63188814104
2007-05-15,261206.49875351667,490339.443212161,333614.86789379216,247996.0202591087,191467.05057813248
2007-05-16,261190.0615227242,490589.2298362061,333383.655315478,247059.0671941015,190845.5029621281
2007-05-17,261887.53448655686,493676.3920469586,334294.34150219563,247444.8995896974,191126.0006354338
2007-05-18,264723.74232207943,506708.51991426427,337862.73243330844,252432.94697964264,194854.73709505855
2007-05-21,265138.867761925,508329.26701593027,338412.63220042636,252653.73182288982,195000.06834333867
2007-05-22,265317.9583223394,509005.3747046218,338654.33591628296,252638.35124517407,194970.3112801986
2007-05-23,265885.9061640992,511838.9784474837,339458.82494720543,253188.3780588959,195343.65938938066
2007-05-24,264427.5444937475,505069.0837825945,337253.25922316784,251048.83144035557,193883.1996562768
2007-05-25,264753.8764584899,506880.4101329587,337916.85377368645,251453.14542140515,194071.7840384694
2007-05-28,265647.2225467523,510789.72043413896,339335.68683461426,252269.3678579524,194541.25960241148
2007-05-29,264639.85308563174,506296.7613579803,337943.63667970523,250879.65562957746,193525.33372411667
2007-05-30,263894.441572222,502574.3487995504,336947.3701299572,249976.0887721548,192839.46239104503
2007-05-31,266620.0656656644,514842.0361996423,340632.9721532538,253079.9964738398,195100.76816482606
2007-06-01,268630.0928714883,524154.49388115405,343298.18640717986,255504.69496835867,196891.75463135084
2007-06-04,268101.4143801953,521429.5520605482,342570.4595863917,254437.39430232544,196106.40217917992
2007-06-05,266089.33135607094,511939.1608330243,339646.4373916308,251945.66434243487,194408.62054971108
2007-06-06,263097.6720513522,498006.45939224114,335451.7150822126,248413.54131120053,191945.27426835935
2007-06-07,260262.91160064368,484897.9112139061,331569.51318239095,245330.43541660876,189758.81454267536
2007-06-08,260082.82028330507,484776.79894738336,331526.2262816085,245247.02475357873,189588.43613152395
2007-06-11,262514.1764287882,495881.9537233011,335062.5258447613,247885.12738908562,191339.41958965253
2007-06-12,260533.59174188678,486781.14882542996,332355.4780211197,245818.81987623265,189878.58320439357
2007-06-13,261938.50437976312,493192.57219969115,334417.1093761926,247350.10188303384,190877.4092310707
2007-06-14,267403.2345014887,518165.00423146784,340686.0118541625,252305.1005800422,195005.19792594112
2007-06-15,270204.1722519291,530552.4461256211,344408.20439748536,255803.6279791032,197514.78238291887
2007-06-18,269190.9721362155,525236.6034019976,343135.0121811673,254002.35312236563,196102.45636261627
2007-06-19,268746.7917470997,522786.96591754176,342765.83810860984,253438.96930349592,195558.4968040935
2007-06-20,269270.4604050754,524849.1567330899,343653.4979528324,254104.2269764747,195949.6422736228
2007-06-21,266804.83494228567,513171.27862192545,340265.28252916154,250874.97766378208,193593.30540915963
2007-06-22,266179.9629269543,509375.94528734015,339597.44399047096,250218.0564068408,193028.3669407282
2007-06-25,265257.4481266072,504762.5784226282,338504.53399979,249007.42939518866,192056.7038491241
2007-06-26,263210.5855876626,495027.3322736057,335701.46572934004,246646.21347336183,190330.40939515128
2007-06-27,262550.64569680794,491613.40321621887,335030.53056113893,246088.30081118565,189825.78005836124
2007-06-28,264780.2858756186,502263.0676311052,338116.26667096006,248627.35367901347,191640.4994900615
2007-06-29,267088.9022119395,513161.70158483036,341253.32589946355,251337.90419795038,193622.7804201758
2007-07-02,265554.2340826794,505956.9572225891,339280.396771465,249500.46683368535,192201.00609040356
2007-07-03,266176.14181477216,508866.6050616287,340324.37596590066,250222.39472689107,192613.5464285678
2007-07-04,267605.86604546447,515666.2915701251,342315.51076558244,251711.87647317525,193646.11676195025
2007-07-05,266253.2013412276,509448.90420112514,340699.56568738905,250369.34501992087,192577.9294873813
2007-07-06,266821.4763594125,511849.77068922005,341702.12564885797,251378.8832224074,193219.81410301366
2007-07-09,267184.24926103867,513149.5000889935,342322.9117147357,251774.4669723209,193426.78878700658
2007-07-10,264799.5042364587,501574.64779316954,338886.0798941008,248992.04535980348,191521.1742625631
2007-07-11,264382.5417031926,498766.4622402937,338280.21853120136,248609.40774834558,191272.53211875787
2007-07-12,268714.346114985,519453.5768082507,344100.5158810127,253250.7814910613,194643.16836426794
2007-07-13,269094.2926542907,521219.46433340944,344621.8268816481,253861.21099754356,195080.12527136193
2007-07-16,269939.82301048044,525398.2388018881,345836.55430429237,254356.6031413283,195384.60755365717
2007-07-17,268603.27269561763,519194.8194627395,344082.25198655133,252778.65396263203,194205.52055408747
2007-07-18,263889.9078640108,496420.5955026633,337386.21209778334,247526.98642170095,190557.32997452165
2007-07-19,267268.54964803054,512310.11201199424,341886.50868895237,250893.68481964796,193032.72924849048
2007-07-20,262695.39370690356,490670.56891465536,335520.68453170476,246380.604729682,189891.17854984826
2007-07-23,264332.3214582477,498303.17171272275,337771.7570208223,248325.81997958658,191294.92833465227
2007-07-24,261604.37214695476,485350.6046072001,333752.7972759835,244339.47244834955,188535.3484476812
2007-07-25,259928.2185089467,477293.126459472,331387.3771535722,242076.98177860596,186914.8721381709
2007-07-26,254693.86645251582,452908.4793789795,323507.4931617345,235560.90873013088,182559.28339682755
2007-07-27,254306.28573912184,450858.7324398464,322997.48292424215,235139.78960026303,182267.13956585122
2007-07-30,255064.87115601156,454620.4304098998,324134.57557151665,235956.86866647992,182782.61898570525
2007-07-31,259255.02412550076,475762.9071301893,329858.86721217004,240522.51234086338,186075.99087270792
2007-08-01,255306.6394662033,456764.78561732353,323747.6441244715,235575.46991429516,182835.15120194745
2007-08-02,256240.78540084555,461280.5907550914,325270.68401587347,236694.5269224669,183539.72479127668
2007-08-03,253417.95972244756,447479.5340934981,321223.85720408143,233551.36291511686,181363.3541685295
2007-08-06,250836.7881159325,435255.88836148835,317849.5620945877,230972.721362543,179420.78768336316
2007-08-07,254391.13976807063,453393.531127956,322927.7483665397,234900.48630426326,182156.089832066
2007-08-08,259379.24888241244,476932.125039479,329983.7959962031,240787.76771299375,186341.11390220554
2007-08-09,255586.45272266315,458247.7382683144,324593.87781054585,236624.46158790714,183478.15539425364
2007-08-10,250113.19711367012,431535.06216422317,316163.94766293,229945.4961375651,179124.57880091178
2007-08-13,254931.97478587253,454355.13561009493,322907.1873017282,234836.69297637872,182546.73340863394
2007-08-14,251767.14935144858,438594.14055113186,318223.719875153,231254.43169756746,180137.1692858272
2007-08-15,249921.1654271749,429635.5653067573,315661.7067091219,229353.07016803685,178783.43222767123
2007-08-16,243715.96482558842,399776.65471981483,305889.9530056656,222176.82384663803,174299.44463383476
2007-08-17,246188.68746675146,412825.2470951004,309502.5624282601,225089.35332970333,176304.14457565837
2007-08-20,247040.23753712105,416324.06397874566,311156.66622971033,226156.8828962674,176816.2983381971
2007-08-21,247328.97786289346,417552.72473125695,312007.42541475804,226779.5744984872,177038.25972684074
2007-08-22,249924.94581576032,429494.5432243286,316034.2738815011,231383.58497251527,180247.21044350526
2007-08-23,250068.59656838878,430224.8044556073,316558.3757735026,231723.21999384492,180307.61118600692
2007-08-24,250869.71440335998,433876.49013632315,318068.4550107549,233170.60445078678,181170.64405294252
2007-08-27,251725.06905041714,437852.7879233652,319693.5430957928,234169.0599697734,181640.30688536516
2007-08-28,248578.57600271128,422627.4241624152,314489.0232469461,228512.21733743508,177880.08402731613
2007-08-29,249142.2267094936,425098.89468503365,315766.70893390535,229682.45036463006,178487.83520666347
2007-08-30,250852.64466759653,433501.6003774216,318594.1674392761,232426.32688247814,180272.66719196274
2007-08-31,252878.18737830027,443245.9247911138,321892.1417636598,236313.9404345134,182918.15168641653
2007-09-03,252920.8122561487,443218.07927690336,322108.6998489218,236215.3802197934,182748.46871088023
2007-09-04,253804.0361179452,447520.14759873913,323741.23477416055,237673.48878371486,183600.58649257873
2007-09-05,251271.94562442251,435432.449138273,319587.4200382124,232800.58206199418,180279.13788918097
2007-09-06,251914.92651191063,438340.30597445223,320570.7737516202,233474.04020651715,180705.7354769334
2007-09-07,248321.41759319755,421025.5966015955,314377.30330794473,226972.9585283556,176500.3876702529
2007-09-10,247962.357933419,418893.58181910013,313790.2917684401,225934.00583868052,175755.03113654954
2007-09-11,250386.78328890045,430422.37574127695,317762.7522223571,229298.25738405518,177898.81457460762
2007-09-12,250983.97795189542,433753.8262894119,318735.2426586621,230047.36503838803,178344.21325826074
2007-09-13,252376.66479165788,440183.0096570885,320925.9390473216,231889.31032968502,179560.27480167936
2007-09-14,251789.60313847978,437134.94557808625,320068.53539449116,230780.74221621786,178748.820412858
2007-09-17,248939.11040402536,422692.36680115474,315461.1140494631,226300.8289692884,175805.35392287653
2007-09-18,253479.07541448658,444600.8773710245,322157.060810859,231793.87167278636,179585.4667700259
2007-09-19,258704.29892556457,470166.96624784125,329707.0137057827,239324.6882490595,184979.27446016925
2007-09-20,257950.43441819897,466642.0551495748,328662.231984559,238158.0733756267,184096.01491884695
2007-09-21,258959.1700459838,471405.9477888498,329910.5278145673,239390.95390133827,184963.47668684812
2007-09-24,258769.5280881846,469131.5963596298,329564.51118127006,238508.12562142697,184345.96165417682
2007-09-25,257526.17821353092,462854.8105631119,327894.59934302815,236902.50392571933,183164.87949932486
2007-09-26,258672.09183257466,467780.1519880609,329749.4092146418,238534.63894911352,184223.67291847637
2007-09-27,259534.55199367696,471807.2768309044,331219.3555687218,239588.41680982657,184840.81115976762
2007-09-28,258998.71975792936,468813.86353080004,330628.1768908159,239292.96299954967,184586.37581798324
2007-10-01,261233.7497742307,479640.7570104803,333887.83912202343,241908.86901310683,186379.6458990114
2007-10-02,261884.49704926615,483604.00164314575,334982.8746561201,243143.31512987008,187178.36655655492
2007-10-03,262482.0863801066,486014.06561241794,335898.4564800275,243737.19364756902,187571.29814932737
2007-10-04,262605.37741537346,487342.42167502415,336315.26686629566,244179.17320109517,187792.10081497123
2007-10-05,263283.9165562511,490904.50923799863,337540.1745929607,245431.53673973572,188586.48484622248
2007-10-08,263346.4466676236,491594.0880485813,337758.99874231877,245037.28924665455,188207.47683757337
2007-10-09,263818.5232422125,494020.11766960484,338676.97932290495,245971.39020881834,188781.60078630378
2007-10-10,262731.01477934915,488543.75768547086,337269.1232014453,244767.00032252521,187867.4939707403
2007-10-11,263414.4170512108,492099.15227017447,338241.53009083244,245847.23779563574,188639.18858927288
2007-10-12,262294.13503072044,486843.28828168917,336830.73420840513,245079.24859283835,188076.61993013264
2007-10-15,262254.86304588226,486820.72256855376,336672.4637664916,244859.88615896227,187950.79894547607
2007-10-16,260648.73811590218,478260.0838505601,334227.2420441077,242159.89699061535,186054.37063347362
2007-10-17,261342.0515136836,481796.87436697306,335132.239344536,243483.14477321904,187068.30563229532
2007-10-18,259548.8274430442,472631.647051899,332386.15554524475,240850.8503409289,185250.7656331814
2007-10-19,259037.52657733543,469453.9474779141,331399.6482786417,241500.64269315518,185883.88098947512
2007-10-22,257402.1775256871,461228.87809604174,328929.9004562004,238702.08662815986,183937.1964431976
2007-10-23,258997.96374441872,468236.18527996726,331079.5424443855,240631.60478210382,185344.86523872463
2007-10-24,258533.6842288571,465486.37422597856,330244.89727480826,239755.03338523683,184798.57635879196
2007-10-25,259725.256814483,471169.86540031555,331829.0481214323,241320.1967751788,185967.21152232992
2007-10-26,260186.20448438395,474107.04549327027,332552.5018958139,241948.50413739227,186383.2358671471
2007-10-29,261511.54902885488,479941.7142346722,334308.252439697,243183.60331903235,187308.4354923757
2007-10-30,261352.5436513279,479029.58899773366,334042.2288371173,243229.95533135495,187387.9216086649
2007-10-31,262353.5363920129,484664.4120897658,335648.61583544716,244680.524171598,188370.64827480412
2007-11-01,259556.5004056504,470592.61971032014,331213.055861031,240590.3471600894,185703.43675028856
2007-11-02,260199.4924611149,473162.9798996505,331916.2815160781,241719.86008577244,186624.6959194637
2007-11-05,258953.69425183508,466833.05862303334,329917.9695509666,239584.64582760097,185229.1515183863
2007-11-06,259120.7861648521,468249.85343850416,330391.8132520579,240296.06238970175,185644.88922563192
2007-11-07,258314.795830644,465015.7815875256,329292.0291265289,239414.12977011126,185003.21273111776
2007-11-08,258532.10737790616,466391.1357214878,329080.7195830277,238717.7002878835,184624.2920437794
2007-11-09,255006.77292549724,449170.0520628103,323731.9199149831,234153.94236100288,181578.6457397272
2007-11-12,255613.61679848807,453440.4019038114,324753.70671755186,234590.04577546354,181763.23198123326
2007-11-13,255289.1576181769,452034.50274014944,324807.06609066157,234833.60209266006,181702.09346100263
2007-11-14,258544.77909224897,467201.81941249565,329559.2791246544,238496.10092545164,184194.98913194015
2007-11-15,257438.66568252604,461977.8010792177,327517.1148349847,236083.00826682468,182680.37162579346
2007-11-16,255819.82886282777,453260.0422212675,325126.77840418235,234512.3409903486,181635.58817946338
2007-11-19,253108.6339888583,439666.8475856741,320880.6481782114,230069.18192830792,178680.793769971
2007-11-20,255248.37856109554,450174.10313139524,324314.76261329465,233388.9243185211,180924.33817380542
2007-11-21,251689.4825992763,432778.5045867033,318490.1799926749,228185.67472810525,177587.63836028829
2007-11-22,252692.74364871084,438080.0186052495,320101.030114161,229696.70073309712,178587.1460379019
2007-11-23,256110.5193962609,455635.527171746,325501.7499328388,234915.59820835796,182120.1686902424
2007-11-26,254902.46126816946,449527.54189820914,323683.8969792998,232487.11411402293,180375.57818533186
2007-11-27,254884.8729119859,449583.16370536765,324045.6370590931,232553.5320118475,180219.11175467764
2007-11-28,258623.34552256722,468340.45811422484,329759.5624512138,238741.29976086732,184545.8858531646
2007-11-29,259082.79172035563,471092.34694864915,330929.89973011264,239761.96876702938,185029.0727983061
2007-11-30,260941.52115767857,479967.76656457776,333943.51248335757,243243.63196783993,187392.61489048906
2007-12-03,260358.76893081018,476305.47761973314,333025.4535323945,241073.5234220949,185820.2115943616
2007-12-04,258182.1980291811,465888.05651070306,329977.0547314487,237846.3183441051,183491.11185278976
2007-12-05,261591.28575569377,482330.75838039967,335166.7338257193,243141.9915680274,187124.95431888395
2007-12-06,261819.10978577693,483993.72134838,335832.88625573815,243586.1684105701,187277.15650926696
2007-12-07,263084.14510322484,489943.5980876213,337948.1604907644,246009.02825846963,188893.5110466164
2007-12-10,264519.2624343843,496531.97142513347,340025.0688889893,246737.94384503763,189299.86278764778
2007-12-11,264644.8388688464,496880.6846933136,340279.7966542199,246117.5563069816,188751.64806326287
2007-12-12,265867.82413175865,502352.2284283842,342144.3765671416,247812.5957137296,189885.5439874139
2007-12-13,261779.2249589389,482515.3104480292,336115.914167218,240932.81600301477,185014.10847808488
2007-12-14,262739.36816448014,486910.99723729846,337521.31083343027,241817.95588174206,185581.22582845963
2007-12-17,260613.2030743695,475985.439895867,334578.51971241797,238583.94800042585,183177.96327976495
2007-12-18,260186.6677402849,474014.7684907772,334190.74129445094,238310.9245527322,182875.37327548867
2007-12-19,258693.38302464434,467320.0370371327,332365.837274349,237147.1342231194,181954.98227063956
2007-12-20,258642.63762140478,467190.1150917694,332435.2391581207,237113.9710655517,181853.72995255273
2007-12-21,260675.67953707682,476863.3466461191,335250.76326064044,240295.86730884397,184110.57835650054
2007-12-24,261112.92473880007,478699.85956298164,335956.72319758945,240388.34887810823,184091.48173719418
2007-12-25,261233.3345054773,479177.7852945159,336195.0321532591,240388.35102120365,184045.61225136457
2007-12-26,261363.2754862901,479689.10365700896,336500.1441817434,240388.35730016493,183969.50074859694
2007-12-27,262407.14130756084,484422.1913088452,338066.7075086829,241944.24746265996,185089.18011560902
2007-12-28,262046.16163947489,482635.3477460991,337615.7034407133,241415.49670076618,184674.9673601951
2007-12-31,261777.98159537464,480883.2716198361,337269.77914166276,240885.18362454,184273.22406773685
2008-01-01,261873.34131101766,481233.1865589117,337454.71337046585,240885.18470394934,184239.80388122174
2008-01-02,259125.44856158152,467543.10621433135,333617.0158732061,237649.1566015713,181911.79242249174
2008-01-03,257458.72412247316,459238.6033691624,331360.7141620933,236212.49562130697,180869.00409597898
2008-01-04,253700.92081019803,439726.24769566435,325926.0146861113,231996.2825541643,177915.7293883012
2008-01-07,250781.40950231164,424946.84857525193,321324.6004434876,228940.85347626984,176133.3237884995
2008-01-08,253252.871485057,438060.0867148032,324686.06857112655,231440.64078798235,177968.93278127807
2008-01-09,250827.6836247879,424911.9530637288,321040.7420347388,228932.3063079329,176312.92260697548
2008-01-10,250557.83671618247,425010.4149648719,320627.3206375914,228133.3409783902,175632.0005474581
2008-01-11,249046.62431516623,418619.64392369,318610.6003490359,226476.02530629048,174385.4123540139
2008-01-14,251324.53679194988,429276.9043869519,321978.9241946683,228852.2311865607,176002.84767268653
2008-01-15,245152.05867127707,397701.5983161187,312497.9483862633,221879.7557295368,171384.13133332657
2008-01-16,244977.3149801949,396546.2761146761,312330.11028252315,221746.20934766688,171248.1461198588
2008-01-17,240959.28838129045,377263.9395959572,306379.84286550566,217509.30293145377,168354.97434207992
2008-01-18,238155.35915315268,363187.98184897035,301692.0874188093,214433.23133420723,166547.61151482858
2008-01-21,226143.31704623334,307868.9470166037,281771.19621582027,198218.88233280164,156635.55892105182
2008-01-22,230383.20073081157,323714.36367389886,290616.5566544955,205765.26104456434,161871.016011216
2008-01-23,225650.7415085662,305543.25139725883,278739.29784903274,196201.54373318626,156377.65700017224
2008-01-24,232559.64099556446,332052.27061783854,293500.93598465883,209947.29381819832,166124.2592424517
2008-01-25,232137.05762851317,331775.57877136394,291017.0492236375,207462.9012710551,164575.93198149747
2008-01-28,232525.83909408678,332691.3458059054,290430.5453034287,206065.68374314168,163745.5110847388
2008-01-29,234151.8359190319,339018.7036611213,293916.6778588301,209364.9114353998,165907.0508138706
2008-01-30,233290.14992710677,335427.5167393881,291492.87030415866,206938.31769210097,164379.49912597745
2008-01-31,233284.38574247167,335128.1369828366,291197.48284217395,206111.92889384963,163772.14661192923
2008-02-01,234862.1043625419,341103.8179787927,295783.288135007,210427.02118574642,166447.78549029052
2008-02-04,235548.44322012286,343470.62198245863,296366.3212236033,210046.51936306548,165997.75513857295
2008-02-05,231630.90135101022,327870.022691089,285327.9541496888,200766.34546198524,160540.2711872674
2008-02-06,232814.62412187248,332446.5808441488,287951.5565695847,202618.8102080528,161525.73314191258
2008-02-07,230113.65237960714,321674.4163946035,281833.1497599259,197923.05529964477,158578.08435222448
2008-02-08,229946.6679639135,322067.7728953123,281500.63348448765,197656.25890626662,158271.22652453475
2008-02-11,228969.79049694893,318164.92593952274,278961.106935268,195702.608976543,156962.7941950946
2008-02-12,234077.05740742033,338255.111555655,288645.56141792645,202669.20772295655,161383.51619484313
2008-02-13,234377.07731923068,339288.3620813823,288891.00583769474,202764.24839151153,161286.84068295278
2008-02-14,235783.88433232947,345138.60478914814,290016.59169284086,203504.7130881662,161754.40425030474
2008-02-15,233073.66488346833,334128.68116745615,284539.1192469688,199895.5003844783,159546.7645272065
2008-02-18,236142.0183536005,345548.04030388466,289764.7939084003,204579.39983585165,162415.7448130224
2008-02-19,237127.5545757801,349750.0431103213,291657.4488179571,206237.93221394182,163370.99113280757
2008-02-20,235660.1552882712,344328.0846800757,289284.13233352226,203525.98973423647,161552.15924852024
2008-02-21,237200.61608438048,349727.2110328951,292252.2372732479,206257.7982210315,163138.17400626428
2008-02-22,236576.63527977743,347247.56624110753,291327.08271102206,204871.92095062765,162123.40253658342
2008-02-25,240121.2951564113,360493.8856409253,297376.4776425968,210839.02622813318,165945.69605461607
2008-02-26,241134.60135384425,364308.8347008466,299528.661199403,213317.57858780914,167429.20172992436
2008-02-27,241073.93760372128,363690.2337748178,299299.26068802824,212286.85555707227,166698.8060494097
2008-02-28,238243.88911266116,352631.9004435447,293809.82898476446,206304.36439464014,163072.0907367101
2008-02-29,235808.9966622769,342657.81659826596,289303.1568349321,201892.27202193666,160419.07741828385
2008-03-03,235886.2473444825,344384.4063521299,289296.7687955742,201977.68145163156,160501.52385073534
2008-03-04,234576.81977844724,339070.78481632983,286559.5288333395,199216.53912644595,158922.60227827032
2008-03-05,237562.19557772006,349943.1773555981,291365.61418499285,203244.39549623162,161518.29551143444
2008-03-06,234732.5304479799,339019.50871303474,285999.6537132792,198474.22967069145,158769.26585469925
2008-03-07,233287.85395648275,333248.83285955514,283490.21827554534,196350.2949198187,157480.4024298344
2008-03-10,232382.79265952477,329939.97544020443,281698.3336233636,194716.10066639996,156535.91281084475
2008-03-11,234308.0094359396,335773.5111993668,284500.8821161681,196659.3073269427,157886.85581248451
2008-03-12,236145.85176155166,342438.1097142138,287728.18415772484,198993.24879083602,159214.93779579375
2008-03-13,232910.6559296985,329544.6784443006,282355.53317067784,194955.27198682132,156784.01872034362
2008-03-14,232245.45106764603,326694.0023094068,280898.1600972552,193864.59401643506,156251.45565324207
2008-03-17,226978.30796817073,305610.7232304532,269371.53763736476,185760.00205068858,152615.63036091952
2008-03-18,233276.7406201907,327574.66275613295,279279.9463098859,192695.61340442798,156980.62364281603
2008-03-19,233184.50217952876,325722.7451482945,279352.92481859244,192729.4538366661,156906.16934962192
2008-03-20,232957.47474449384,325288.99397268234,280009.221707597,193173.4285118913,156721.627397938
2008-03-21,232442.9003573643,322940.9050055134,279618.75885562005,193173.42204886422,156579.01858738626
2008-03-24,232616.59430565956,323242.1552365871,280537.08691671374,193173.43187465443,156206.89863044492
2008-03-25,237018.75269471252,339848.4640661142,288769.41016355244,201601.76133377786,161431.12734482586
2008-03-26,236678.3465690295,338282.1037819685,288420.7347100473,200746.86745809705,160727.57191588843
2008-03-27,238041.6205842763,343204.59554584685,291490.6064395166,203620.94902744444,162276.9763322326
2008-03-28,237289.58720327658,340365.2230473315,290519.0986870995,202068.07467422436,161071.3443852959
2008-03-31,237951.78906998108,343008.3512349527,292183.9410165109,202719.50052707334,161136.83981424637
2008-04-01,240565.5360643074,352610.2285510084,297914.84584675677,209670.65383061155,165315.96084956906
2008-04-02,241263.287289559,354835.7732006097,300131.3054602853,212358.8260559483,166742.0310417949
2008-04-03,240404.07513992404,351466.0615055673,298827.31347631355,209700.53335085046,164768.077235396
2008-04-04,240622.12037301078,352103.0634193538,300057.5702401723,210339.86250441778,164747.7932409471
2008-04-07,241879.19444858533,356208.0728311122,302540.94165408827,211752.40405944717,165386.85106506938
2008-04-08,241358.6241677919,354183.82508692855,302182.68283810647,210474.85525580708,164217.10371798722
2008-04-09,240377.52032274017,349990.95893254643,300597.5698802623,207837.43671106,162333.09663193597
2008-04-10,240144.26100034238,349263.21985909075,300512.00376344775,207158.2079144203,161669.9648411645
2008-04-11,237909.1069298615,340804.26053482376,296844.74184644583,203327.15447622127,159111.08633274472
2008-04-14,237350.21592309469,338249.91309025366,295958.54593096906,201805.7034751965,158007.51260383276
2008-04-15,237893.74952846195,339629.16775012034,297181.42411193775,202632.055663176,158374.13523491425
2008-04-16,239592.18291466104,344997.3676103722,300150.00496357295,205490.15065102826,160251.32865096774
2008-04-17,239388.6075186823,343870.5595857591,300566.97033730446,205651.643146863,160017.499750192
2008-04-18,241556.24851240378,353828.63621997007,304694.52022505086,210703.5910976095,163133.50114430193
2008-04-21,239950.66404679336,348041.084147448,301857.0017698288,207727.70320402764,161271.80951540315
2008-04-22,237976.72932335807,340834.3855236089,299113.7626676879,205221.74653829675,159441.75967495388
2008-04-23,239993.16682829618,347647.2622766469,301873.60235723265,207661.12497296918,161235.6691131196
2008-04-24,239897.78654016543,347315.04166305636,301882.5182152997,207400.06964809846,160960.43784153747
2008-04-25,242852.63728593374,359324.81912372576,307049.59995741444,211906.1855921799,163696.06393133712
2008-04-28,244085.43833474178,363918.46090062126,309189.38860479277,213293.27681531323,164462.6731944657
2008-04-29,242691.1137031854,359133.1255572414,307062.25774056703,211566.09192560625,163289.41665495108
2008-04-30,244503.6495878412,367004.26761411014,310080.4558392187,214246.18060920943,164973.70825468155
2008-05-01,244633.47282659722,367465.3182797894,310295.5069607276,214246.1894968301,164948.6719401533
2008-05-02,247326.5020994301,377611.37988206476,314891.06824573304,218766.66871761566,167801.78712551587
2008-05-05,247628.69227748792,378501.4325944186,314762.5462948179,217782.1756311515,167321.36415477836
2008-05-06,246374.692153975,374288.1745346431,312855.96759938257,216043.78846088616,166131.40808204978
2008-05-07,246852.54985417947,375850.15560264915,313623.2367023245,216526.60958523047,166412.50366731038
2008-05-08,246320.89032269406,373713.51247629913,312586.78820158925,215476.79468585388,165786.92583284163
2008-05-09,243307.1858899403,361709.899998356,307291.63943571947,211188.78852640855,163257.00557897496
2008-05-12,246655.15132229184,373121.57649339706,311904.9113164432,216463.39310455383,167169.8919345587
2008-05-13,246872.3815151917,373683.6284998829,312391.41420911177,216654.62753015224,167235.98040765754
2008-05-14,250142.19762713107,387652.28421068925,317647.34412867145,220860.69977429666,169906.26527320337
2008-05-15,251159.94736691832,391299.50540602306,319256.9482004932,221992.1264309824,170616.7322241602
2008-05-16,252558.2320102845,397273.330705443,321228.46554139256,223782.73773467095,171800.01744532507
2008-05-19,254439.91011563485,403843.59009374195,323890.9572846812,226246.9648131669,173561.8585073159
2008-05-20,252309.8756363405,395346.79697293666,320123.0769226398,222649.33340703035,171331.16105467628
2008-05-21,251253.4908600202,390993.9324010442,318142.90031408286,220980.5958780092,170377.21632679878
2008-05-22,251969.70665966827,392794.5594791023,319093.9213907764,221603.23240896838,170799.52719710814
2008-05-23,249401.7059888347,382199.03864851594,314311.297690389,217492.26402417224,168424.05306223565
2008-05-26,249930.06653094123,383525.4133506587,315215.72133815574,217909.83716416638,168620.9507734193
2008-05-27,249023.62359029616,379803.9976726031,313685.65241238213,216531.0157841196,167754.13751331967
2008-05-28,251615.8472968464,389400.1900528297,317580.7497884186,219592.34593211222,169802.41759840256
2008-05-29,251964.59594039444,389875.41934893455,317854.89101708937,219897.04604110893,170105.50287468723
2008-05-30,253581.60967174883,397435.11350147723,320915.8328212546,222120.0774429041,171307.94015240445
2008-06-02,250855.3525605802,386993.0069771664,316145.97267146414,218051.19588604814,168859.86616777303
2008-06-03,252237.54815217917,393502.5301211734,318485.2568946077,219814.73609840815,169937.16920209012
2008-06-04,250411.867336876,386437.5925644644,315325.27947418584,217221.24659601838,168416.0102138613
2008-06-05,250284.0483882041,385402.6112090037,314682.0791288787,216809.79015670618,168323.80183774195
2008-06-06,245728.18056742224,367594.46166812925,306703.2586939666,210964.04248522664,164985.93762732347
2008-06-09,244866.74259714218,363537.53264087683,304800.55933089554,209600.48460938543,164352.53838086955
2008-06-10,243968.06455169976,359688.75915932556,303193.9739082753,208445.3861373122,163687.9353535767
2008-06-11,241204.21655101664,349834.31199800037,298864.9513054967,205411.4000527911,161766.57883985806
2008-06-12,243277.2431427436,356121.1077811288,302244.33889077045,207761.57266810138,163188.71626118585
2008-06-13,244346.4148152031,360729.4419951699,304657.3124694433,209434.6147269883,163939.04984716515
2008-06-16,243940.24162771352,357361.0099515508,303286.0380758622,208462.80073332286,163643.23875943344
2008-06-17,244338.12279408018,358841.1673030241,304038.40870953124,208984.70846871432,163916.79721898577
2008-06-18,241374.81009301633,348383.6073986408,299069.06103508396,205549.87971478477,161894.63827814686
2008-06-19,240084.66331985785,342993.37465802307,296475.07040197786,203747.6782239831,161005.56516464698
2008-06-20,236594.4020963672,330747.67011493427,291191.79244620586,200356.86235146888,158748.48488294813
2008-06-23,236114.63864546912,328375.3476372671,289992.63158408797,199009.52082852446,158216.69060023624
2008-06-24,235333.9009275313,325772.1116197368,288675.08989072865,197853.59190453874,157441.2756276426
2008-06-25,237789.46502845813,333971.35036857903,292614.1697991317,201443.85133343306,159847.051439509
2008-06-26,233769.79043292868,321062.5831802981,285523.0890267414,195457.0014092208,156105.09462154776
2008-06-27,232721.9061037979,317616.5294174296,283929.5675700445,193927.86360890503,155066.33224166153
2008-06-30,233178.95826621546,320049.77189543727,284714.89429783897,194496.56019137776,155324.84308128303
2008-07-01,230234.08107731945,310209.64355247637,280035.0457487568,190812.41974131935,153007.08690055463
2008-07-02,229052.8538363959,306876.4481447043,278107.5800282508,189579.12773080484,152117.9864572153
2008-07-03,232632.85732229907,319034.8094962488,283621.4518495403,194110.10306314696,154985.59678234736
2008-07-04,228679.5076238486,306050.2938849229,276950.2364480604,189155.08384934216,151999.10030326457
2008-07-07,232922.45153491132,319637.37676706514,283094.68371509487,193507.8474879981,154999.97327014094
2008-07-08,230570.99097087333,312736.0687875144,279422.61242592393,191147.16457349242,153367.94380673792
2008-07-09,233017.65921714893,320581.512807852,283159.51993770007,193601.74858140407,154951.18166697974
2008-07-10,229400.7443969962,307899.1207810874,277025.6316205451,189186.2962498214,152336.81251696765
2008-07-11,223994.04713995202,290701.0066024833,266739.92449129064,181598.86169436362,148414.17840360498
2008-07-14,226498.8737020144,298425.62061350397,270929.5686295249,184546.4084912165,150109.7155037445
2008-07-15,223144.51976386982,287046.8711772842,265029.3435793183,180262.1013817651,147798.79291220807
2008-07-16,226113.62772729716,296952.07439389353,269951.7873823,183744.41994747607,149898.42299003995
2008-07-17,232619.09009077688,317434.3505127045,279392.00611771556,190304.70678343746,154372.332567036
2008-07-18,236227.5019760297,328550.2392793272,284227.3342647127,194379.72238798905,157080.87273920293
2008-07-21,236527.10001394336,329260.6391733685,284845.16606791964,194233.5738960187,156856.22346753403
2008-07-22,237457.01792762763,333811.8310882378,286968.0247143176,196029.86048004497,157742.0932406592
2008-07-23,240193.39439908564,341708.8782839629,291463.47018707026,200049.85270809653,160371.90396627926
2008-07-24,238475.55924592627,336415.84548351786,288904.94228644995,197427.54324348076,158457.74625948726
2008-07-25,239145.73976291314,339001.6839269193,290346.8401750082,198465.04344367725,159007.86043441063
2008-07-28,237348.63047721988,333505.3137247391,287208.39658816234,195162.74786361353,156861.63176079487
2008-07-29,237330.05665829589,333296.7097801203,287741.7839172181,195331.27247172184,156674.6520833073
2008-07-30,238712.52985555542,338574.0902169935,290314.7866355982,197698.54707230147,158076.632037846
2008-07-31,238735.16838960533,337837.4431071275,290314.31249884184,197429.9376079413,157890.4643425591
2008-08-01,236243.50560809142,329949.91935568344,286598.4789897131,194008.96901261687,155429.5100914262
2008-08-04,235380.98476615842,326980.2418975052,285672.7906052334,193058.80549091892,154560.48953887695
2008-08-05,240559.7241967517,343238.173306502,294136.4159591335,199603.2503312463,158713.47567929
2008-08-06,242921.6544732645,350703.7151798574,298434.5339605163,202896.2788053403,160641.50575352844
2008-08-07,243590.94165488728,352058.5975428916,299832.1839812453,203545.2998703307,160862.18573207228
2008-08-08,246343.99935642604,360841.8531465918,304737.3898888516,208769.52494676827,164199.19725809412
2008-08-11,248144.63983148153,366751.95359182195,308220.3478688717,211449.53697114874,165636.5490002725
2008-08-12,247099.12623858394,363282.83472701354,307302.32614071533,210976.09193753902,164955.77026434703
2008-08-13,243667.3232685196,351707.57641318097,302172.48713680706,205616.56255586582,161157.6783213435
2008-08-14,244186.84902972775,353893.9619895625,302796.3896888726,204647.3087508748,160452.7993721312
2008-08-15,246166.7414481012,360313.695824453,306281.3566656517,208838.1939999552,163120.0075452589
2008-08-18,245798.88796360843,360091.7520685542,306048.94705838244,208023.3719843764,162361.24778330373
2008-08-19,240474.72592638046,342621.4576796776,297686.7640750865,201096.40895674552,157736.43241755426
2008-08-20,241145.60086991315,345063.0183260552,298821.6953372902,201880.2780532483,158204.19768823782
2008-08-21,238091.12936880408,334313.0331314289,293813.28226554394,198023.97650671005,155730.1915572093
2008-08-22,242854.49769608682,349446.6460458884,301170.8000705386,203518.6927911329,159398.22346529254
2008-08-25,241031.8799053571,343347.7890981623,298656.8241261991,201280.73086513017,157714.8887384892
2008-08-26,241708.92314322488,345340.604267721,299958.23896923405,202124.6392026388,158142.94170307135
2008-08-27,241288.67340973174,344390.6441036535,299553.9520513098,201817.63675543683,157834.2079139107
2008-08-28,246087.9387416182,359779.6157638961,306642.4122667588,207177.4302141328,161542.67006455723
2008-08-29,245931.8052839342,358714.06256390683,306432.78273104987,206980.7153439193,161432.36702329124
2008-09-01,246342.5935941982,359521.16725414514,307221.39266783517,207197.50470261884,161456.46536999283
2008-09-02,251165.82536361314,373948.5292994925,314166.65309740003,213222.52636621374,165829.12314222904
2008-09-03,248414.2966573324,363669.23436714074,309941.2423916134,209489.49856722096,163255.53667679665
2008-09-04,242992.5490142209,345379.25969960744,301157.90790886333,202804.48651039545,158939.9158694556
2008-09-05,238553.5293527281,330427.7807151525,294164.47282289667,197818.2507773417,155692.6153224749
2008-09-08,246159.27445676245,355299.3610860894,305080.6305871848,206210.09546032516,161658.9517504805
2008-09-09,245033.57209284263,351277.89076753316,303099.9635057745,204537.90362595767,160575.69165436883
2008-09-10,246172.4967617534,357100.6665249136,304758.28567011445,205739.63666858527,161337.24182517658
2008-09-11,245380.377118614,354492.34412756556,303309.8390443188,204423.32099857036,160505.14516807988
2008-09-12,247323.57029266967,363488.2556038499,306515.4823754466,206699.40641232717,161953.1071617067
2008-09-15,240328.82869740875,339939.16831323,294898.7532331166,198365.37641865865,156851.27235172637
2008-09-16,237558.5658402085,329968.10501167976,290523.06772743753,195368.6324078939,154987.82585438242
2008-09-17,234179.29014995496,319121.26249364833,285062.9771954706,191654.1544884127,152651.7326530575
2008-09-18,233938.20544903935,316197.91567248735,284168.54320857796,191060.63647967877,152457.10490518142
2008-09-19,251210.77882258498,376588.76874366566,308266.5874618162,208499.96083387855,165111.11589489214
2008-09-22,247153.79998835846,362841.1502087558,301523.27613066,201868.213171523,160798.97784367308
2008-09-23,243197.58709048646,349201.96041046985,295131.6512099127,196703.25227105836,157368.92816831154
2008-09-24,242002.60798857373,344589.62295252254,293699.90934861737,195479.64568395357,156375.52202336994
2008-09-25,246736.86847273092,360921.2670860221,301811.8950107419,201635.67510928097,160152.40553880643
2008-09-26,244251.1733967232,351865.6339626398,297876.13369045116,198499.49322092443,158051.00427607945
2008-09-29,236737.90257793822,325408.9911774413,284512.53245737596,188797.02894400203,152296.76366488903
2008-09-30,238681.49087558108,332206.05491337,288648.8022112369,191716.24118431314,153771.85745434856
2008-10-01,240482.9957987407,337131.41532397224,292232.44995570654,194337.97459016813,155118.58953447494
2008-10-02,235717.22699007962,320404.2971891845,284747.76771292184,189159.335104737,151704.63261113854
2008-10-03,239831.5057461267,334189.57018119947,291826.20146720536,194298.2520023607,154867.61657216627
2008-10-06,228093.77124637816,292650.5425597489,267681.5287525727,177422.63118816205,146298.9335364201
2008-10-07,229122.49173835383,298479.32534230506,270267.21961263655,179174.67261076375,146990.8737880365
2008-10-08,221221.48125235,270524.83576254203,254312.62312863575,168435.88171611374,141522.97422179676
2008-10-09,221076.2079227604,266407.2306968751,253122.59703502024,167641.65718143375,141481.32633983425
2008-10-10,213962.72587928837,242944.0669964732,236786.57131593677,156762.97578967205,136643.3546890226
2008-10-13,229645.49863102325,300760.3627435318,264332.2030936015,175132.3690166535,147402.1247925319
2008-10-14,232128.72348476376,311641.0875875832,269976.23895957536,178875.04446620322,149055.99538474152
2008-10-15,222188.79552008523,276866.4376635422,249589.58092460004,165291.88922045036,142235.94438659144
2008-10-16,214326.96283087687,249560.36969182067,233756.40655014772,154751.52254443892,136890.3625030159
2008-10-17,218246.61126870097,267614.69889388105,241706.56083083522,160365.29893105073,139710.6342608138
2008-10-20,220639.29713062049,277227.9789923157,248469.33606530918,166282.45783936698,142310.76612123862
2008-10-21,221189.61840401735,278181.7974359535,250372.94255291752,167614.9461153932,142778.0140323278
2008-10-22,218185.6560224138,266406.30893617345,240943.01914060718,159141.76487150413,138952.2650994307
2008-10-23,218225.88008176265,267040.2935614685,241826.02804996315,159723.28530055948,138978.75401982808
2008-10-24,216654.44666638685,261140.53403186536,236702.80042369978,155631.6840147236,137335.830256848
2008-10-27,213520.2164635511,249786.23499337886,227600.33415537726,148514.8324123504,134273.47298906144
2008-10-28,213934.10624425515,253306.03151376985,229330.15667429272,150547.0940617821,135263.29333968263
2008-10-29,222225.51788455597,283819.9037580407,247213.54262893257,166679.82599364346,144484.27580430708
2008-10-30,223439.47263798502,287642.19652994163,249809.75584025765,167940.79476388177,144934.49760865117
2008-10-31,223752.50608207166,289017.8593371826,251441.64754885325,169576.13926575877,145597.8726947954
2008-11-03,224304.39512119134,291224.12789910095,253743.98716753963,171772.85814048396,146633.13282294612
2008-11-04,228533.9086164082,305900.35481201706,263967.71631719725,180858.582504893,151351.29749320683
2008-11-05,227331.9466957532,301304.8382862947,261832.67858707393,177456.190371886,148911.2016953645
2008-11-06,223182.27810588657,286387.67810066533,250277.9529194659,165852.07706269555,142853.81479113846
2008-11-07,224764.68908696403,292539.85309546243,255242.3900658992,169705.22489046352,144351.39767234176
2008-11-10,225306.6965045229,294887.3527624531,258374.58749972552,172034.01952584067,144891.83016889723
2008-11-11,221309.04409587177,280772.62111941754,246972.72152780526,162555.6551042963,140586.6487164039
2008-11-12,219673.67933628484,275028.4449960583,243037.3786462636,159468.21788871143,139067.49128387618
2008-11-13,220157.1872935209,277306.9276779851,244989.98556216364,160742.38327081213,139364.02369102294
2008-11-14,221005.93107920085,280215.8764489153,247269.14771567096,162969.40471336077,140531.16832029054
2008-11-17,218298.4946036012,270351.2120833298,240011.12455184912,156552.09831896675,137342.1444373922
2008-11-18,219241.20111734408,274758.5339131528,241026.41288175507,157085.69217865323,137779.98846466615
2008-11-19,215284.12345165084,260394.75179761395,230105.5038166086,149416.95621641068,134645.29595120958
2008-11-20,211865.09409344278,247981.94499684309,222786.16977888576,144597.32151157712,132343.0776968913
2008-11-21,210124.66721727434,241053.51378980943,218375.59758681603,141993.2621219389,131362.66176179386
2008-11-24,216126.4938325056,263709.3509908865,232607.70653027593,158271.48890141307,139727.93431742382
2008-11-25,216396.3265900912,264609.637122147,235071.95483623596,160668.83118309345,140245.04225670075
2008-11-26,215856.90629899598,262120.85340978784,233905.9685453335,158270.6189716711,139115.73759076622
2008-11-27,217356.01045605342,267491.21550695016,238620.80518952754,164769.07268547415,142240.21445494733
2008-11-28,217324.95161979483,267343.05068924243,239757.78824567838,165477.47893834783,142201.76684339027
2008-12-01,216606.13759451063,264181.2345991862,234488.65862332017,156799.7088148648,138115.10698010938
2008-12-02,217070.21422666663,265914.95109243377,236861.36013852677,159173.82260930276,139217.14798485313
2008-12-03,217757.8844499782,268321.99681752356,238631.87110066068,160907.8756041344,139843.7670518724
2008-12-04,218090.39243068188,269490.0755252383,239540.62449072828,161259.0191455676,139857.67105307462
2008-12-05,215680.7936821914,260077.40944046708,231134.40266762298,151550.74990299976,135483.7000803666
2008-12-08,221254.0317814979,281737.0441228708,243900.86720720897,167248.7034463733,143798.60360197414
2008-12-09,221996.91543634312,284723.94966794655,245335.14538732226,169783.5028857673,144891.55702149178
2008-12-10,222033.07291662096,284691.94411898893,245854.64097017646,169537.88312105683,144464.77559882365
2008-12-11,221746.6991637278,283835.01510019205,245418.4630622726,168076.42109854467,143245.13463950614
2008-12-12,221415.6579296936,282020.29832444846,244536.0522632738,164335.60391435327,141176.59327234214
2008-12-15,221781.16639347377,283237.420856126,244970.22808705125,162226.79834507886,140119.22045328552
2008-12-16,222820.9900689971,287497.37432152306,248080.97766303466,165785.53968612416,141500.76998812036
2008-12-17,220964.9464888473,281642.40216465265,244802.71447450583,163090.4937698,140132.50933828778
2008-12-18,220536.21759333578,280018.78603098064,244111.45974855515,162463.86815760392,139476.8080701145
2008-12-19,220805.24180776635,280129.7389806933,243541.21838231705,163136.7338769068,140307.8502440457
2008-12-22,218636.3053796844,272279.0186447984,238877.0973010184,158299.87561030017,137748.78921703115
2008-12-23,217638.97447664174,268045.7535724708,237132.00274806793,156701.68332991865,136811.3070939006
2008-12-24,217173.61489996393,266711.04437469004,236869.89637555133,156298.20300134644,136316.39776264713
2008-12-25,216995.1426901729,265967.18496332323,237168.6300259115,156298.2032111399,136066.9204544731
2008-12-26,216843.63088028654,265320.70378695603,237430.13048203127,156298.1976666089,135855.08184584373
2008-12-29,217625.38052028004,267597.49832457583,239639.20049547602,157573.4017802669,136334.01270770645
2008-12-30,219798.11389110412,275858.1808376238,244592.1668055751,161211.66014169878,138048.1942438395
2008-12-31,220232.10887630592,276777.2873913187,245781.85747137366,161974.27307513726,138299.74857484482
2009-01-01,219917.93909411298,275484.4272599748,246152.2509125281,161974.27173278932,137923.41428855693
2009-01-02,224331.52138721044,291720.8308214298,255267.12098507475,169380.5273607255,141718.93036800707
2009-01-05,224717.2335907441,292274.3662610802,256146.93502315073,169888.5021624135,142154.51244126065
2009-01-06,226389.97709570048,298535.63355966954,260470.69824161864,173614.17076424582,143735.7698347877
2009-01-07,224694.32902007145,291995.54567238584,257830.59667262447,171106.37142583408,141963.42427400214
2009-01-08,223196.15533246528,286286.65186734736,256230.36630012956,169451.3910351953,140651.96955602427
2009-01-09,221659.30515205083,280103.46552600927,253343.02759232518,167251.69122492077,139597.50653418392
2009-01-12,220420.2594045199,275069.87532745843,251846.55973797428,165385.06724192516,138112.2086760772
2009-01-13,218309.5573538132,267043.98701301496,248399.5786903187,163174.36275397398,136821.29686537661
2009-01-14,213946.68121885444,250432.82981528336,235773.799088316,154118.83570829776,133348.22716303184
2009-01-15,212471.4916587061,243845.36191167147,231144.8718018901,151064.73781775226,132358.02060977125
2009-01-16,213536.42315959034,248351.087076153,231577.28321932617,151580.5116863489,133178.24720760362
2009-01-19,213222.2876589208,246538.38991120982,230617.80872176203,150198.4975852489,132655.40355905984
2009-01-20,213049.48232959292,245206.00083719124,226275.38388704517,147066.9674995086,132425.4134992543
2009-01-21,212893.96887134959,244697.56460255577,225862.91223947587,146640.3194470055,132080.26545835286
2009-01-22,211879.7693697211,240829.19038900686,222598.9997793209,144019.79700714906,131036.1998615765
2009-01-23,210777.05776214413,236832.53176995303,217318.14631605876,140133.0434745476,130015.43384848075
2009-01-26,213631.77469735275,248201.3135856441,226956.95810344524,147325.0542255005,132241.33500808777
2009-01-27,213147.85816285718,246132.9649436638,225804.40026255016,146367.66117275984,131862.5608086497
2009-01-28,216954.5363066004,260172.47065318405,235591.29267170257,155573.0195143374,135805.38899033584
2009-01-29,215760.23797274934,255859.28437005324,232648.5598744235,152346.25362231463,134367.40285388194
2009-01-30,215275.66687324678,253078.27932111608,231297.63168071778,151396.05106527038,134051.6340344682
2009-02-02,214842.55027602037,250858.97929581295,229047.40713384445,148990.169401763,133433.1935970073
2009-02-03,215411.84822690723,253598.20154736278,231053.0325202517,150421.2364063537,133944.905168487
2009-02-04,218147.3629863509,264508.99267996073,237512.60683180531,156037.64148143117,136581.5743385771
2009-02-05,218315.15574879918,265091.6461399383,238064.6582473789,156082.7322857874,136568.91771173108
2009-02-06,220552.97305515292,273762.63564648206,242834.53069860835,161438.13136144992,138989.651073842
2009-02-09,221919.74247605074,278632.94401319465,246117.7731622511,163613.74051656734,139998.55443536292
2009-02-10,219510.07489785517,269635.1395679001,239131.0191251518,156395.08792288037,136747.74798524257
2009-02-11,220453.62042978537,273158.9195378458,240469.32140737248,157544.5855912949,137540.348378432
2009-02-12,218903.15660783264,266711.52272261237,236166.33539365823,154043.76026176842,136132.53549682253
2009-02-13,220056.71634104144,271342.43601808185,239539.05331805407,156391.2710128912,137000.12930645148
2009-02-16,220007.57206035955,270574.2907504008,239468.08518305485,155717.34236096957,136733.44617221272
2009-02-17,217809.0357172946,262218.6622715418,233735.09220033113,151259.64661098926,134749.04859183927
2009-02-18,217706.78104291772,262320.4642324153,234739.40082714116,151640.05759978274,134613.11140188653
2009-02-19,216395.4893470954,255690.15903084283,233389.51575112224,151248.07829277663,134155.7781551911
2009-02-20,213122.4593231988,242949.22633392355,221610.39229955638,142648.4862283991,131531.42774936112
2009-02-23,212589.6569929842,241265.68967135716,220225.96195329723,140969.60049936877,130764.41949344025
2009-02-24,211466.06249915418,237116.72632875826,218002.37076970385,139041.12752326764,129723.46725571818
2009-02-25,211341.66395405142,236068.4802249012,218312.7023803746,139197.0626542142,129566.01716494988
2009-02-26,212539.58864425818,240680.85226124665,222878.8523624334,142949.240704488,130412.07519944325
2009-02-27,211095.47120213398,234784.0274032537,217401.86875529774,138610.62217162037,129090.33086701862
2009-03-02,208937.60856612626,227036.69447920562,209597.48190533603,132712.90458850435,127311.17321028151
2009-03-03,208236.26505617137,224640.92285889428,208017.73061870347,131589.91739165073,126827.9443552169
2009-03-04,212314.87038691004,239593.71453043664,218420.98711633345,139373.5911670446,130499.18447449514
2009-03-05,209565.03202197395,229449.19069816478,209447.77224397293,132707.23548136553,128051.18671529107
2009-03-06,208393.18795488623,225238.4437021276,204729.62906645512,129433.26101183433,127097.60812027747
2009-03-09,208098.21942473223,223788.77847398107,203400.7652485926,128385.81848920626,126743.47144996232
2009-03-10,212236.09147581892,240703.7342253679,218450.36504042038,138885.82575694582,129998.4749350043
2009-03-11,212074.07196323777,241720.80625030087,220753.79283728043,140686.68485481583,130023.79175590786
2009-03-12,211723.41138899623,240993.43941855244,222010.4232891766,141594.2849811165,129723.89418074764
2009-03-13,211397.54904362583,239334.0020149043,222287.99674464628,141586.9359001931,129341.14599556055
2009-03-16,212980.13114173745,245767.8912455211,228507.3540222539,146129.6206010048,130542.05836801855
2009-03-17,212124.68266746466,242175.27987790905,227485.03181593117,145071.68451949567,129819.73373197744
2009-03-18,211522.35421640082,240405.67845732713,227814.8451553169,145034.88631401534,129278.52099109063
2009-03-19,211892.88948129315,244228.56243326413,229593.66842426872,146235.44040405602,129351.52843037665
2009-03-20,211409.25364968454,242268.0749440646,229757.1640649736,146267.5335030915,129187.91815357644
2009-03-23,212311.1942826926,245559.92045577182,234467.07727661025,149840.29820715712,129978.273479995
2009-03-24,211955.28822042508,244197.55708197545,234518.28081594504,149336.49853268047,129450.75137877504
2009-03-25,211499.61886934857,242576.29908563613,233859.31099415207,148388.67534510983,128788.75343434254
2009-03-26,211252.68454106903,241434.50197339916,234206.4922449463,148395.4258169576,128479.44585962298
2009-03-27,210360.51016410076,237883.96668303528,232212.23720265072,146461.73182576834,127493.33312638935
2009-03-30,208206.83459634907,229601.9558242402,223792.8047126773,139929.95925055823,125310.33396388545
2009-03-31,209971.58811351695,236096.84675003492,230851.1920511048,144890.97727460487,126772.13379611423
2009-04-01,210730.075042332,238744.18718876323,235189.28689543178,147823.54100231433,127378.82043908819
2009-04-02,214431.9570777787,253485.82301649256,245933.9258651331,157251.74729201503,131242.71949160172
2009-04-03,213857.36621229982,250799.20104698336,245295.29134419098,156300.12205656877,130721.72277113794
2009-04-06,213022.4232731834,246935.88793564687,243283.74929509012,153434.1259138372,129327.26289640018
2009-04-07,211842.3773047065,242196.4749723271,240509.43417260933,150863.93227709015,128032.21541778155
2009-04-08,212217.43059298518,244038.83397339366,242402.19081513642,152065.7541344056,128245.91632247975
2009-04-09,213791.22375972336,250378.25153401756,247469.313252429,156107.26390725476,129788.75077666643
2009-04-10,213715.87073937492,249981.86479331058,247900.65326104473,156107.26588270155,129597.17335548648
2009-04-13,213707.49080295934,249651.40992909812,249054.7029908114,156107.26503141975,129237.1382123093
2009-04-14,214910.82656739993,254026.55198585097,252198.6697324542,158823.48040819666,130217.5659204007
2009-04-15,214461.33964694128,251637.0948356872,251795.085304071,157612.27537266887,129549.00877791793
2009-04-16,215696.61619270244,256213.95250467732,255364.17663638518,160179.4105348418,130438.17880082036
2009-04-17,216866.3731249421,260660.2339268103,257361.934085703,162604.17798690696,131605.92306064404
2009-04-20,211840.94687545122,244255.59420791955,248835.77020425664,155535.8096605441,127478.62836256587
2009-04-21,212455.50068356373,246153.57435348773,250091.03060912027,156438.57216083296,127892.29474126986
2009-04-22,214929.013725592,251831.13161714835,254761.28747898806,159691.55819118078,130114.24956983098
2009-04-23,216044.986821271,254990.77086144662,256684.49420228202,161256.10775863985,131103.08917734437
2009-04-24,219557.61157714462,264187.220247752,262969.52965945576,167482.4857421227,135513.07500785255
2009-04-27,220004.1920732643,265516.55933969177,263259.23328410037,166940.26595808813,135063.64540968215
2009-04-28,217970.68224304816,260444.90190216174,258582.6330660073,162942.5275311405,132465.0193577376
2009-04-29,220524.5950342282,266620.8201071282,263190.9346723693,167093.16197034236,135283.90336465588
2009-04-30,222673.92290938104,271277.2242814512,267183.87900932983,170254.18489695428,137531.5634365079
2009-05-01,222984.68833237348,272010.82719226804,267561.1925529188,170254.1771758569,137488.68796994284
2009-05-04,225928.80641281957,279258.8798615933,273720.3110400789,176161.26127251348,141642.67855914938
2009-05-05,225984.4912499433,279245.8072697796,273482.2193453199,175612.54212542393,141241.71660085538
2009-05-06,227195.81092554488,281962.213391714,276752.89891525195,179279.46171771162,143719.8313941008
2009-05-07,226745.95889693286,280654.16047170386,274526.77355303627,176075.9400945487,141507.3080509607
2009-05-08,228572.23727545893,285707.19097345753,278994.34774098167,181103.79444357372,144981.27726155333
2009-05-11,229475.18479426118,287617.8447122238,278399.8248204978,178037.49151602807,142895.35899812236
2009-05-12,229916.0072941886,288835.5088796568,278552.05189506256,177489.0170943288,142472.56540448847
2009-05-13,228306.61635707595,285375.1691606658,273003.2376833549,173132.55104354766,139579.21362158982
2009-05-14,229790.4772245176,288805.5197792435,275750.4319166968,174509.53958982445,140445.68696053908
2009-05-15,230062.37518369823,289471.32685210207,275816.1838913817,175183.13876711723,140858.42318345307
2009-05-18,233918.07951812944,299123.22596262227,281396.7682621709,179991.33592267797,144211.974866967
2009-05-19,235875.92955881704,303495.30485855695,284422.0841493379,182635.48626529367,146007.3123941029
2009-05-20,237099.13391929877,307230.25410140655,286521.66592830437,184180.96009735946,146927.67010041786
2009-05-21,234126.7728743659,299093.60915614304,281826.0949459451,179374.42073665382,143598.05666120508
2009-05-22,235039.51209781365,300939.99848235684,282979.1563552968,180357.6769822113,144344.59109273416
2009-05-25,236268.2979809597,304280.00244169333,284880.90993796464,181256.76575443122,144847.13205049047
2009-05-26,237243.75958328575,306628.75654784904,286383.4336789154,182407.2447007805,145593.7205799024
2009-05-27,238978.758168579,310673.3336076694,289172.5497871482,184451.24614805012,146965.5314524003
2009-05-28,237459.05431314776,307097.16142938664,287115.7832005013,182130.418879773,145188.27012854858
2009-05-29,237534.3314122798,307294.227167281,287401.6668043899,182267.3870919969,145192.81172743344
2009-06-01,241865.78338244496,318489.37471401104,293850.29114461725,187629.87200952446,148901.37178519374
2009-06-02,242518.31254914647,319960.5380259768,295185.9054543257,188368.06989134257,149256.7477584144
2009-06-03,240577.62235333602,314552.2664218217,292188.42028894403,185146.4873677317,146969.09325453328
2009-06-04,240894.48317142538,315318.93649465253,292657.88972392137,185370.6528510206,147108.56546991455
2009-06-05,241467.07410058554,316479.67621147603,293799.8743292711,185958.95683750647,147363.64564711973
2009-06-08,241045.5220402671,315439.9854312205,293228.5846476416,184760.98067098713,146428.74886006617
2009-06-09,241211.92552635435,315289.4200651633,293259.93618879747,184682.48336585137,146421.55079339817
2009-06-10,242091.40868183793,317426.5504081625,294379.27791106317,185451.3719283203,146988.88498417885
2009-06-11,243954.0741510298,322107.09411149885,297027.6851158958,187335.83471651317,148317.89727373127
2009-06-12,243525.02691186717,320684.7176649118,296327.8454450208,186751.7060179073,147934.42323331523
2009-06-15,238887.16600005244,308101.44400534447,289129.4536093306,180822.007489643,143960.48951435313
2009-06-16,239301.82801580755,310367.9567154928,289643.2959628505,181088.15543762647,144127.01884478555
2009-06-17,235996.45358400268,302699.48065340996,284694.94474385784,178055.40723992267,142171.43322642375
2009-06-18,238170.1865506689,307824.82211138203,287528.5343777885,180078.71973077493,143716.48377019813
2009-06-19,239403.9802104704,311058.8517074314,289160.6635714821,181614.5918265392,144869.24044961072
2009-06-22,234986.73556710017,299060.2280385316,282021.5310395053,175635.2467966632,140965.858355766
2009-06-23,234576.7178757721,298670.98556676565,281330.26441644126,175021.7313220111,140516.92369464494
2009-06-24,238857.29874641367,309252.8334077936,287330.43481772667,179656.31520626607,143927.14069831872
2009-06-25,237368.7552389637,304760.62811503536,285401.699004739,178044.31186967177,142695.00799342457
2009-06-26,236153.92637892865,300561.87960387464,283587.8366690277,176757.2765990031,141934.04577200118
2009-06-29,240536.5472924282,311688.8094256574,289797.3335031969,181301.2640139289,145165.06952358823
2009-06-30,237622.59635022236,304471.05277453817,285441.85315912025,177536.07395040337,142477.19254421373
2009-07-01,242190.43646243797,317081.2603322017,291818.6019625092,182458.22496014813,146018.72095027004
2009-07-02,236935.24882007894,303374.6809465111,283676.19965903147,176169.79725116925,141818.1908082468
2009-07-03,237720.00805484326,305512.6933131624,285022.6455661878,176977.6812400839,142254.00695672078
2009-07-06,235933.31428265953,300925.70406893,282398.9371420476,174866.7283776332,140806.16842233317
2009-07-07,234356.56153725635,296306.63911240094,280053.3772366706,173270.6411145915,139739.42232294808
2009-07-08,231845.324168548,289925.1417944341,276236.92174930696,170775.94092865847,138095.2216258795
2009-07-09,233009.38645048795,292613.42005276104,277835.0612979503,171766.28500125674,138817.873170199
2009-07-10,230360.1585376176,285640.7539089148,273976.79094683117,169311.09915816723,137159.77501336794
2009-07-13,235182.0570817496,298204.399373378,280935.726530495,173643.20074319557,140089.79122377757
2009-07-14,237037.7641628935,302272.248203661,283817.541117652,175446.8445555734,141234.74530692023
2009-07-15,243247.77481182985,318635.94132241694,292600.12575277966,180963.85660354586,145066.90833735294
2009-07-16,244546.79976684385,322066.5621820745,295132.35765150015,182530.1851614568,145827.50081461488
2009-07-17,245151.22239014326,323913.78295151796,296587.75878143974,183716.68866937238,146425.5324393679
2009-07-20,247888.66108405593,331064.96246219205,300922.1617059729,186758.55935398518,148375.9063505856
2009-07-21,250172.85171884924,337216.9181468273,304539.3116465146,189639.43921768756,150302.94649896273
2009-07-22,250396.69634300462,338210.8135730396,305253.2277133378,189805.81306863888,150188.0336955561
2009-07-23,253104.14816081707,345126.58575030655,309479.48778725805,193524.366931338,152771.79048875408
2009-07-24,253397.72188592996,345796.68467857805,310233.17352292035,193715.00464099878,152738.3367861354
2009-07-27,253757.1313514412,346268.216151135,310739.0646521813,193424.08163632805,152460.1206870042
2009-07-28,252622.70218864075,344058.93277590757,309051.4984588943,191848.03118590306,151314.6633519611
2009-07-29,254594.19483437977,349417.3986361495,311840.4159899727,194386.55803299882,153186.8091235564
2009-07-30,257001.7878266058,355434.76607439644,315365.05662882206,197573.39991378743,155493.06676044362
2009-07-31,257616.95394576574,356498.98753593286,316141.32502741454,199070.4858824851,156700.805282593
2009-08-03,259706.52306567482,361570.55511953763,319167.3745110509,201589.4670350046,158543.31879681084
2009-08-04,259772.9467512207,361589.100041506,319259.5455085308,201156.77853386704,158185.59128638756
2009-08-05,259159.50789053537,359750.07185059675,318390.6287050998,199741.92957201647,157127.3156915465
2009-08-06,260065.8780740002,361813.6246872741,319796.14171309146,201025.84920988212,158023.46222102098
2009-08-07,261271.3527795881,364872.2639403459,321651.15628321545,202999.7731770555,159459.30554770574
2009-08-10,261447.88110189655,364899.0932443776,321925.0700786774,202200.56319006695,158806.52324139685
2009-08-11,260559.57647539838,362444.13333402516,320302.0568778199,199748.61725671298,157056.42847634075
2009-08-12,262601.31138685206,368080.5466548305,323099.1378489449,202671.6836661749,159278.8182786368
2009-08-13,263141.9571449243,369052.3662774431,323851.7690211859,203872.53140819896,160256.0407776556
2009-08-14,262932.2894594334,368414.0982553018,323124.80831472174,202478.88954531468,159315.74171516046
2009-08-17,261496.02612774077,364116.6351129467,320267.5414938883,197932.15324461978,156163.58318474903
2009-08-18,262908.96998610866,367754.5164186597,322210.4711685,199359.78998423266,157209.4129435439
2009-08-19,262958.5417298481,368144.14333882165,322027.96661952377,198716.80524251724,156777.06554900305
2009-08-20,266182.10759185266,376944.9021934618,326330.4919635679,201980.45752273602,159245.5631436113
2009-08-21,268587.0672161721,384045.668576954,329360.80485271016,208409.2093207131,164191.68438052994
2009-08-24,270707.33735352824,389359.7677102008,332120.0844099633,210460.84111687687,165763.35375458616
2009-08-25,272412.88951098686,394770.45247619576,334255.28250854457,212395.68355642082,167212.00381639964
2009-08-26,271359.23515708133,392499.6399990483,332677.93524681835,210837.7112721502,166090.52297052162
2009-08-27,270111.7875121533,389387.72648619226,330957.9271331408,209012.97231574752,164685.01919433908
2009-08-28,272641.0257682425,396567.5803255516,334190.10482563765,212769.27070278118,167560.74270202583
2009-08-31,271436.9000436139,393233.1356695236,332376.4567160342,210428.23183045414,165852.48626310963
2009-09-01,268781.33715752297,386536.61199078144,328468.7899117016,207014.44574308387,163452.92905279045
2009-09-02,267754.3955033119,384238.6210320898,326883.8854974102,205699.39259816534,162543.81440044433
2009-09-03,267018.81342099025,382043.45163732715,325791.5938999668,204620.85583940893,161805.4530713506
2009-09-04,269451.1334928,387922.7968586596,329134.3534503653,206852.16819559856,163421.66196866127
2009-09-07,273422.2703373239,398324.49435233406,334529.2885193947,210728.4289867495,166242.23440097342
2009-09-08,274673.1086112886,401945.56797347387,336216.2831588316,211976.66105518697,167162.8685380912
2009-09-09,277837.5762786445,410171.2578365062,340512.4406858322,215324.53277425846,169623.48761282602
2009-09-10,278435.84625922906,411685.83351083763,341566.70287746994,216423.52573567454,170401.72322227346
2009-09-11,279974.00797514786,415694.725741509,343781.3114765512,218749.68268980912,172119.57546353608
2009-09-14,280687.3140393201,417642.78116824076,344723.35361745575,217930.21750374927,171395.413321111
2009-09-15,281324.18614279974,418957.7246223216,345538.4571727485,217856.56131088617,171281.79834004588
2009-09-16,284456.3241709184,426601.0396051269,349668.77448443376,220662.43598168326,173373.5055839417
2009-09-17,286624.8223931533,432147.37686727283,352671.1484244181,223764.65538150465,175726.87675495993
2009-09-18,286388.35962438665,431992.6563381297,351993.0814776372,223211.05089223056,175333.62797672662
2009-09-21,284832.64500383526,428567.753357372,350975.24195888307,221819.2109393158,173858.78642538996
2009-09-22,285353.89384130976,429748.9766916927,351650.57768299355,222185.9527569553,174142.8925696591
2009-09-23,285600.6647229422,430047.75234403834,351719.41042879556,222027.45963480798,174057.9604823252
2009-09-24,282270.07272081805,420941.5254620847,346578.3821865273,218020.63654819506,171375.41452488428
2009-09-25,281589.56150129094,419317.5008926374,345365.6888004976,217068.41306140085,170742.54038401938
2009-09-28,286535.75368250464,432467.5011972777,352081.24845920154,221761.07761205928,174177.5231755003
2009-09-29,285963.8307449984,430500.54524824006,351365.0171103768,221103.65931467197,173648.86091539986
2009-09-30,285225.36660298955,428486.68617136375,350524.3579154855,220591.2702281859,173289.6511238353
2009-10-01,281049.84391926863,417319.38103702205,344599.67989328224,216268.01664581848,170227.94963487296
2009-10-02,276493.0495330076,405314.7814544988,337873.92590619373,211643.0034155562,167072.77257189908
2009-10-05,278005.0504179508,409161.86721542303,340143.6171967797,212913.02421656382,167835.50780413146
2009-10-06,284195.2998174518,424986.82009701227,348135.0191606129,218568.70018889816,172117.79912781258
2009-10-07,284567.454751979,425998.3224391222,348941.0703700224,219055.72586817504,172347.96262547033
2009-10-08,288493.8739830325,436641.46965834976,354257.9363057467,222860.0105930191,175095.9433553595
2009-10-09,288862.2661821339,437786.6118230053,354893.1543206766,223109.7921201684,175166.23706576065
2009-10-12,292040.124427396,446280.88300597994,359382.8487989705,226052.6861736789,177161.73664776885
2009-10-13,288915.5539574824,437549.1057479227,354919.76083526027,222623.8149413659,174763.7425109529
2009-10-14,294151.3518394258,451495.3860181626,361613.0486748257,227489.57170467882,178449.6683952219
2009-10-15,293979.65645287395,450911.7447089354,361680.08203119447,227731.80303918026,178513.45723180543
2009-10-16,290457.1325920511,441490.87376595463,356837.56619220437,224284.18118197782,175979.46197952228
2009-10-19,294533.3643477151,452259.2678380339,362419.2339587675,228912.7026268916,179300.81807509944
2009-10-20,292689.5128760744,447191.8061351424,359987.6804526369,226267.78348715694,177286.45204286772
2009-10-21,293103.74181792967,448703.20642271044,360811.5637399823,226755.88334545895,177492.53262051704
2009-10-22,289909.7262406366,440637.0352409948,356678.1665353756,223090.51428544958,174683.96861123043
2009-10-23,289744.5126973847,440134.5600661033,356882.5756475786,222906.1830614687,174329.74286489113
2009-10-26,286170.07630989567,431336.8999467384,351869.20218193746,218839.44262496792,171353.28772630665
2009-10-27,287026.03522984736,434000.88745766465,353070.0475851471,219767.46251855936,171969.8481154064
2009-10-28,282214.0371740919,421829.5587752647,346143.85343757976,214898.9740873227,168593.1875304451
2009-10-29,285265.36036301684,429065.9497921535,350519.1326211019,217650.1420802179,170472.7204760673
2009-10-30,279743.5148219128,414641.39371266676,342813.4935763036,212347.26547625478,166697.86430221022
2009-11-02,281533.86586854554,419264.5812083626,345632.9459843705,214083.46810846325,167756.32358839875
2009-11-03,278068.342200901,410825.7249806022,341204.41800225293,211065.71778416398,165459.54604805526
2009-11-04,282754.876942777,423173.3152266628,347624.79176496976,215265.0025930883,168481.40978831248
2009-11-05,286139.9456270459,431595.24808603164,352299.16787407344,218381.96011299777,170679.64545979028
2009-11-06,286577.65984382585,432225.2286901076,353228.2483164953,218843.34633006825,170908.84031453973
2009-11-09,290640.5720183628,443152.3902128392,358926.7698259567,222566.41317539412,173502.55862061397
2009-11-10,291424.002442939,444651.7906559973,360194.7369797962,223261.53061076015,173883.5349297582
2009-11-11,291571.32243567705,445132.4026499806,360533.9293193438,223554.86611137073,174001.9677449423
2009-11-12,291905.39288960537,446697.2833295202,361310.149202488,223889.01829531882,174065.56532249457
2009-11-13,291658.5713890734,446148.0746342239,361172.7711521805,223755.27901663262,173891.74770171632
2009-11-16,296768.63222916017,459967.8188129662,368115.68249752495,228235.36493873017,177105.75460333258
2009-11-17,294405.9544554692,453411.5573205996,365051.4958970402,225960.09429343016,175382.87630247886
2009-11-18,294658.73167880665,453234.3993933649,365548.6404206171,226141.96558633636,175430.76534808934
2009-11-19,289997.45909003855,440793.18578358745,359255.2611915709,222082.33746791014,172488.19679743247
2009-11-20,287681.95165772,434862.75241943344,356207.61506197555,220488.00626130783,171314.6953967273
2009-11-23,292579.2286463455,447739.0166688506,362933.9293398438,226159.1881618811,175432.97242043327
2009-11-24,290997.6373154943,443868.23861252546,360812.20461106463,223868.6880376986,173642.98997208255
2009-11-25,291573.47417916794,445101.45474458707,361489.5903362557,224096.55817510892,173824.4516218283
2009-11-26,284145.73194380954,425988.3751384955,350590.2407076456,215772.76391544618,167991.14479313773
2009-11-27,286531.4164615262,432050.1214656996,354247.4299155287,218219.73357564767,169615.48982015604
2009-11-30,284157.51913829835,425620.1577685382,351019.5595735891,215512.95706425377,167594.84450420164
2009-12-01,289495.2134706614,439351.4267382739,357907.70301147335,220788.54655737377,171643.1246888899
2009-12-02,290870.3518930002,443375.44107634726,359960.48882735305,222396.068712768,172719.72218011407
2009-12-03,291488.10185484437,445205.80512798904,361121.6878670132,222903.59581123563,172922.57630986624
2009-12-04,294800.5535093783,454291.52842375624,365932.29408930894,226791.13238837614,175673.4686517673
2009-12-07,295546.55586117913,456062.433375297,367001.9385647889,226755.37743945525,175589.44846866277
2009-12-08,292436.3129116321,447991.9333878095,362551.81840622885,222944.7687740646,172831.19632634855
2009-12-09,290299.4000057725,442852.2546575621,359538.29153658415,220697.41770068445,171225.26464269275
2009-12-10,292099.82880612795,447496.12657280784,361822.9120123603,222296.3373538751,172464.91150827857
2009-12-11,293277.10127674363,451299.2384547391,363462.9217412337,223559.7705562581,173380.21414845856
2009-12-14,296140.39100865764,458533.3377924405,367320.84262293857,225764.34072652215,174996.34731913373
2009-12-15,296874.1854849395,460740.22202246764,368410.06790546095,226489.96213878054,175485.3367837407
2009-12-16,300141.92169413803,468844.82853675866,372713.9730039859,229280.97300555615,177613.72953075985
2009-12-17,299474.59633375244,467375.741458316,371733.049918856,227780.98790803732,176499.48334059236
2009-12-18,296861.60869871435,460906.80283651286,368099.5377466005,225900.2271848457,175158.47938853546
2009-12-21,301347.5018385275,472923.94860632846,374120.1793416567,231116.52972336693,179059.3521044379
2009-12-22,302982.8794941059,477356.1130638077,376416.27776073397,232960.37265772425,180389.20447273107
2009-12-23,303897.54747649404,479773.2603120359,377604.3565715399,233861.1117437933,181073.2433555909
2009-12-24,304277.75092004164,480811.88867107796,378154.79056207166,234001.63388904973,181150.05213171523
2009-12-25,304588.59122400434,481582.03287464037,378680.29516526917,234001.63388175782,181081.79555058005
2009-12-28,306513.2386896809,486559.42550874845,381216.50603827013,235562.25699973633,182248.8768968968
2009-12-29,307573.57273947715,489251.44689441787,382691.0043091458,236643.10294230818,183034.5705152628
2009-12-30,306555.73022494005,486435.9264577248,381252.53780277184,234794.97783306474,181649.78517881676
2009-12-31,307027.892598179,487686.52517827693,381792.42121521966,235327.58760620424,182106.30757144908
2010-01-01,307376.1322189071,488543.08637873415,382408.87567652675,235327.60256582618,182016.10590634862
2010-01-04,310860.83302859147,497919.80660370394,386978.3043535747,238794.66152335683,184646.12989198038
2010-01-05,310540.1359098453,496629.08768999943,386518.10332701926,237881.47032052252,183981.33281067587
2010-01-06,310994.496130015,497630.6009527388,387193.61081614293,238214.66720264923,184228.74719811388
2010-01-07,311905.0729343259,500052.6314523562,388496.01512315293,239028.15304603058,184796.04406735083
2010-01-08,312667.5230247065,501862.47191609896,389778.85898315,240203.82601724798,185610.22854436838
2010-01-11,314067.4119652438,505522.6193904632,391727.1057413108,240385.55829618807,185629.9756738424
2010-01-12,312733.66684759664,501933.3245334406,389504.694011524,237257.34055877753,183397.16236328462
2010-01-13,313802.42208075814,504983.8532595023,391000.01256669464,237855.59806709684,183778.89529816204
2010-01-14,315039.62222444714,507969.9169015015,392768.91500348237,239034.0383345706,184613.60343773858
2010-01-15,311204.4746805,497918.1006673289,387531.6118448698,235681.38806961034,182084.94488836845
2010-01-18,313553.8360433498,504302.95412240253,390771.10887953703,237896.8848833638,183661.6916609785
2010-01-19,315773.3941564509,510382.9496922873,393951.0044851315,240413.42832170284,185469.45323540975
2010-01-20,311347.8101548873,498885.0554782453,387875.85862432874,235435.2554620215,181753.07318453764
2010-01-21,307765.98542926216,489337.1974527219,382717.3666966709,231379.44611803806,178811.66118779438
2010-01-22,305092.55301193765,482412.3434849187,378869.46590917924,228539.7584318825,176768.21335392643
2010-01-25,303072.8320834307,476630.3777255285,376055.0913827897,226287.16762904727,175096.45435397633
2010-01-26,305412.17241160426,482958.5082184149,379298.3384271982,228420.5802487933,176639.1823575328
2010-01-27,302642.5171422425,475536.05515551433,375491.8643767151,225771.048694221,174662.64062879555
2010-01-28,297810.0925776991,462580.92194928287,368887.60208626935,221507.55722076396,171531.2902145952
2010-01-29,302054.0603516673,474294.7064396641,374758.5920598428,225276.03771557225,174288.92069510254
2010-02-01,303418.8339968651,477669.3734218589,376972.1253063305,226475.79842113014,175024.03156832093
2010-02-02,307999.63090521016,489490.9868859475,383412.8089918178,230602.4791422099,177997.2364699306
2010-02-03,307725.27118396614,488845.42669726897,383217.52090842277,230367.88365106887,177744.0139227249
2010-02-04,300505.3206414076,470102.4292544403,373103.71373814106,223910.8520582622,173065.88600449148
2010-02-05,291619.1103868171,446974.2366282686,360605.4704801142,216240.4066274235,167576.41025046367
2010-02-08,294903.67688236886,456363.681871234,365173.6943938979,219009.61875374638,169524.84431844178
2010-02-09,294899.6286729937,455660.08371189807,365304.94413101795,219076.3807590349,169528.94593797764
2010-02-10,297636.968924536,462187.2659427785,369153.5439775684,221405.69800596542,171209.02533709706
2010-02-11,296125.59734256787,458997.57861672796,367319.2708785577,220287.28242085935,170232.78831970267
2010-02-12,295041.0685441739,456799.74152597145,366062.16839390487,219521.7243175866,169531.70983407958
2010-02-15,296023.01903778716,459086.84001199907,367466.5631993173,220370.70659489406,170130.04915337276
2010-02-16,298718.976862247,465909.9165015929,371548.2761089731,222830.42417230635,171897.6131242443
2010-02-17,305486.13514112536,483379.60893262207,380639.3360130021,228361.4923011284,176061.631271335
2010-02-18,308941.55263226916,492254.9737395529,385478.9714725195,231264.8223389494,178116.74295844574
2010-02-19,310292.0094570527,495976.3870495402,387551.63070767035,232817.8051168294,179148.95438090892
2010-02-22,309878.71367687394,494485.2275447895,387277.08786623634,231905.66956477117,178317.94680357233
2010-02-23,307575.7628079506,488739.82230438304,384453.00055000547,229409.5716347141,176258.42834805042
2010-02-24,307784.3710907574,489116.45475318073,384795.6505569517,229365.97456235596,176161.67989247254
2010-02-25,302734.36106656806,475712.4726086046,377851.40239053144,224572.26668573776,172548.42617402165
2010-02-26,308712.3862037447,491713.3808545615,386157.3955244257,230414.5788933321,176939.55611119018
2010-03-01,312958.97303993884,503000.59436742,392178.2785781153,234618.6781054505,180002.92838736967
2010-03-02,315394.1256656837,509311.17054349865,395675.84768731205,237053.12920461994,181742.55386405592
2010-03-03,316230.9536445965,511360.9850746806,397002.0039537046,237827.46233986312,182259.09682396596
2010-03-04,316070.7538329616,510801.1025605036,396913.6144896386,237760.28423988714,182177.42658111252
2010-03-05,320589.32574711967,522688.1021687262,403257.25991015905,243132.36690356597,186209.52565411263
2010-03-08,320675.9944256535,522649.7974988332,403394.39224659454,242136.79169719305,185395.18055742877
2010-03-09,321208.2445074705,524003.2742875534,403978.0152572688,242009.71936580222,185313.77233350833
2010-03-10,323243.7251826926,528898.3006662371,406773.6189648527,244132.2875085605,186921.50562901542
2010-03-11,322182.49239221896,525839.2377987122,405191.93007086945,242620.88053799706,185817.65537126997
2010-03-12,321988.5253948005,524803.2820624874,404964.8031008684,242550.35417957944,185771.5443856097
2010-03-15,320621.8051767221,521492.0220218406,403113.6595411339,240520.93889971252,184189.23179296448
2010-03-16,322891.4686977981,527337.0321413721,406257.41677331924,243152.0503992096,186172.7535559353
2010-03-17,323724.3235340002,528995.7645413061,407318.5383995616,243829.97957635054,186721.3782927291
2010-03-18,323417.58017921465,528532.6470228072,406920.368565733,243261.07228742706,186246.68066557113
2010-03-19,323006.75027232635,527319.6202498858,406204.93757866445,242702.15813589,185817.4653628424
2010-03-22,323946.194922574,529848.0209647635,407475.8358360284,243203.00579638712,186179.3303152303
2010-03-23,324873.8022237414,531861.2981534377,408592.82342925586,243977.54707972822,186833.6197371895
2010-03-24,325210.7847757832,532784.3282238287,409049.66251073027,244170.8574660992,187007.7708556438
2010-03-25,327546.99490534887,538764.7158316636,412200.02293650905,246729.27922394697,188989.20273193502
2010-03-26,327041.32603248244,537307.3995478409,411493.022006416,245973.14751091585,188434.45503352734
2010-03-29,327579.87978488376,538543.4103923404,412158.6854168085,245890.51595660805,188376.04855211062
2010-03-30,326942.2457459543,536855.6838559365,411023.3369456706,244816.99024342527,187659.92481321935
2010-03-31,326735.08519600134,536357.438466938,410626.15317732486,244432.50937356008,187406.45485851663
2010-04-01,330024.696458588,545077.7073325001,415045.7566516492,248042.55040133905,190178.59324057316
2010-04-02,330319.09464452456,545798.3546500844,415498.5028392741,248042.5528192966,190142.2730317004
2010-04-05,331083.81218854734,547677.9343967993,416495.2867380584,248042.56020247788,190132.4774053128
2010-04-06,331324.99292953307,548107.5556619486,416767.21732614766,248272.8978082294,190347.75188637568
2010-04-07,329542.7438654715,543715.8249955403,414152.8262268377,245993.81777047232,188666.23240119303
2010-04-08,326602.06383256876,535791.4592416673,409784.22853069345,242820.54720568817,186414.08213938458
2010-04-09,332178.4731246661,550591.4573741631,417232.29199597443,248231.8377010662,190550.17204816366
2010-04-12,333482.70945664356,553557.9256758415,418878.76255180646,248687.7574043369,190908.87756114182
2010-04-13,332109.03430543,549676.6907392725,416756.69889295415,247171.96953637677,189844.9472349422
2010-04-14,334027.2835869756,554560.7019804689,419465.88303047686,248832.05578401938,191076.57938157773
2010-04-15,334796.0811165095,556745.083509109,420511.4127328881,249138.68021173985,191274.60299511848
2010-04-16,328263.2066498299,539369.0073517765,411499.784110911,243575.1383607745,187148.87732958206
2010-04-19,328330.2478924398,539511.1347259217,411522.8455829181,242855.4234072032,186589.05956237394
2010-04-20,331728.8956888179,548442.7021845499,416374.4748160317,246953.69349314168,189657.81261392057
2010-04-21,329299.09366666013,542196.5035503906,412966.4138386853,244022.36037989607,187433.6889827816
2010-04-22,326563.9680269151,535119.3469337161,409030.2713090937,240859.65228002064,185061.84243738427
2010-04-23,328599.6345370681,540496.3542027264,411891.12183342694,242904.19177502734,186555.30276553353
2010-04-26,332178.59333566716,549637.3444704117,416942.7407907488,246508.4350713133,189238.2205723555
2010-04-27,321959.62354850414,522856.28275768686,401819.95568047295,235996.81034980607,181689.82993401503
2010-04-28,318837.89904063515,514643.4378539543,397627.1137581936,232867.40999797665,179284.61825488196
2010-04-29,323044.4055226962,525487.6437958363,403613.1501821246,237114.6664219894,182444.94831296822
2010-04-30,321600.0574362835,521478.94542168255,401679.5469191219,235584.70546736295,181242.9951142791
2010-05-03,322417.9751105681,523074.1530556078,402995.85617191467,235958.94391272476,181439.74795999727
2010-05-04,314048.2533184581,500980.17235793674,391019.32698698645,228317.78290107407,175787.55040394256
2010-05-05,311280.5037169985,494628.02295934217,387314.4105043257,225939.35038538545,173879.14369992743
2010-05-06,306585.8705309609,482372.19361141993,380748.27607160073,222001.76156984162,170958.088642606
2010-05-07,302261.7227075882,471304.56257849565,374482.8179187859,218152.73199512495,168194.2618785929
2010-05-10,321321.3711141613,519875.75017330394,400114.2970284584,234575.28132086387,181099.58615381288
2010-05-11,320568.92662986234,518180.24331062456,399400.98435765057,233845.3918593485,180373.61615005287
2010-05-12,324489.4329909927,528714.8976321302,405301.7302727208,237951.47276968436,183294.8786942531
2010-05-13,324534.721363278,529085.6337329873,405671.5727518539,238017.17763381166,183152.64738415682
2010-05-14,314350.6889220549,502526.69922448404,391094.95928324544,229147.6635483373,176685.14817195223
2010-05-17,313102.238113113,499411.2409276534,389714.7019805507,227597.99932386095,175312.7023539651
2010-05-18,318473.6324349661,513154.41941473965,397473.44522095274,233221.73060659014,179532.61343058356
2010-05-19,312412.0610851684,497230.1069501629,388647.6908022931,227137.7787602831,175054.11169596232
2010-05-20,309336.32127794327,489273.14106029616,384148.02793053316,224104.98799442835,172784.05935324426
2010-05-21,309055.4450502731,487716.92663324444,384038.3119009016,224090.20397228198,172694.53332427907
2010-05-24,309620.3230414394,489130.1417333774,385062.1011625833,223963.7374241627,172466.9163204415
2010-05-25,304006.2099567974,474426.1064278624,376950.1640379644,217791.22708430482,167833.30224261378
2010-05-26,309887.54577041836,490173.93016087037,385529.0612052678,223782.1183831379,172204.3318708744
2010-05-27,317404.55697439745,510189.8780282295,396550.58020562865,233053.9716062796,179115.4215626312
2010-05-28,316916.81592280185,508959.30449518474,395999.5059395915,231845.8933429646,178099.67802606363
2010-05-31,318062.49375998584,511960.67539201025,397669.54034848715,232095.95790163652,178200.85725565374
2010-06-01,318534.7514276916,513334.75339878385,398407.5201299874,232334.9423724425,178305.0326525343
2010-06-02,318695.80727451143,513765.07463064947,398801.3339229291,232072.8457888438,177995.0060906978
2010-06-03,321822.12169900676,522312.5448953229,403391.57420054736,235991.6767571911,180859.7679912885
2010-06-04,316476.42077576683,508279.1156421584,395507.6265989713,229404.70298206725,175924.95142766196
2010-06-07,315734.72690136137,506218.5397170771,394638.0924885395,227834.63838280106,174619.65046464166
2010-06-08,314334.25587243785,502675.6493141179,392816.54836110026,226313.42430985902,173326.22813602866
2010-06-09,319934.9578832178,517539.29134171584,400540.33300447615,231867.07770339638,177604.29551822116
2010-06-10,325136.1977433736,530979.0131009315,408067.6430311022,237845.13646522138,182150.25861952404
2010-06-11,327840.5927737885,537896.2891509936,412085.15703611274,239837.00331638285,183629.21810964643
2010-06-14,332849.47361114115,551064.1697905344,419312.21582469426,245355.80499399948,187783.8981955917
2010-06-15,334502.7472784897,555180.8105199971,421901.77572608844,246621.7682636155,188676.6728584827
2010-06-16,335831.9545100402,558574.5582144706,423842.5763961144,247826.87969952656,189524.3012842818
2010-06-17,336214.22514494363,559650.8368178671,424446.96779736003,247807.14234193965,189425.57607600218
2010-06-18,336747.61901759554,560701.9343796687,424933.71859813866,247182.33465251242,188900.22422336283
2010-06-21,340482.7001445748,570572.2874002382,430146.0060633353,250493.1324062259,191315.62932071384
2010-06-22,339614.2192907947,568676.5214188481,428915.0086576777,249001.99797625214,190120.7931058499
2010-06-23,336374.62981806474,560247.7462934534,424352.9215642938,245252.6565137732,187226.6081120027
2010-06-24,330387.3478368621,544547.1714100312,415861.47132900555,239247.4326290972,182654.07787100272
2010-06-25,328295.9729892664,538668.9887985585,412930.2442321732,237187.27008048425,181061.4994291444
2010-06-28,333636.3774355485,552594.5118063801,420446.766172764,241876.06585997026,184617.49416427044
2010-06-29,322417.6964101294,522947.59829388716,404384.4639189735,231826.03645436082,177047.66237744672
2010-06-30,323658.98489753995,526344.1065127018,406233.42350264575,232899.3671190399,177835.29759809413
2010-07-01,314349.80899779714,501339.7409405057,393117.4138694199,225080.34077274037,171973.10450179025
2010-07-02,313831.82522091764,499644.70388267614,392438.21157854213,224672.75184843477,171699.2227912902
2010-07-05,312837.2687491996,496783.5753407403,391106.5459610092,223850.25145748502,171045.13108371134
2010-07-06,319462.5285141913,514133.913308641,400433.49860598514,229259.19703826768,175134.6696197829
2010-07-07,323281.05253393366,523774.6613027448,406046.2602032194,232532.45882837835,177604.4507655269
2010-07-08,327953.99189932295,536100.8677100845,412720.03010275745,236441.15567333618,180548.42178670096
2010-07-09,330764.3085323848,543608.894964925,416612.1720814756,238744.64228750725,182249.04277530222
2010-07-12,331693.24415918835,546188.3500590326,417968.3420092674,239367.13378604435,182692.76542024396
2010-07-13,337741.0785967792,562226.2145546401,426402.1405295854,244249.96531900915,186432.92455774918
2010-07-14,338088.55325162865,563194.3923449912,426835.1756155697,244459.96382961588,186573.57249892707
2010-07-15,333259.7972008585,550885.8684502996,419785.24484919984,240395.10402579562,183512.51850017608
2010-07-16,326402.31731160823,532534.3551056914,410180.60614096327,235181.2497391175,179549.85734467505
2010-07-19,320353.1030002864,514774.3250473237,409663.14663604245,234203.6397907489,175919.5567283313
2010-07-20,319157.79957368877,510880.89264072065,407477.04921309865,232393.22153817187,174717.89431969746
2010-07-21,321082.95821173704,516913.5033773901,410457.4740846772,234425.91330726122,176058.55113776124
2010-07-22,326480.37467608624,533697.0891061622,419716.55027347436,242136.34856550477,181258.3225414053
2010-07-23,327092.2400890208,535120.5253287444,421052.0155200963,243326.60789136984,181978.0587429617
2010-07-26,328552.3076082442,539332.08478297,424258.39448503364,244999.3487582081,182709.4226246089
2010-07-27,328580.0312455243,538413.9331621082,425232.1656156818,245845.65191724384,183161.62177568686
2010-07-28,329059.9332610662,539931.7536239825,426560.3644064877,246669.12218760842,183474.92371384398
2010-07-29,327692.03589488805,534729.4083748909,424391.56755424826,244350.72504031754,181815.52097942325
2010-07-30,327955.56617515336,534879.4129336122,425542.6422826047,245031.36637125284,182074.7551041699
2010-08-02,331752.1543347774,547613.6360709121,433180.4592044712,251495.5902669031,186025.68400818593
2010-08-03,331471.3747933212,546385.2255798039,433369.6602402446,250976.10342958974,185419.57874596064
2010-08-04,332082.3010937369,548650.7555482384,434843.46752353024,251601.57938039297,185541.87566097482
2010-08-05,332563.5331277078,549459.2714514125,436555.6354546946,253008.60162092725,186263.87731049393
2010-08-06,330882.3735606708,542923.5726901671,432871.7849345872,249478.30658812323,184021.26811098694
2010-08-09,334005.7570130073,553949.9563071855,438247.28903150733,253466.03045380785,186591.51953216383
2010-08-10,333371.9153686877,551789.6454726211,435931.6637270344,250480.1777465349,184706.32718961991
2010-08-11,329457.8570039953,538135.6916224734,427848.0675630244,243536.90753522815,180291.62220520581
2010-08-12,328838.72213365615,536137.4026456972,426215.2749489624,242500.4151332345,179731.8540639812
2010-08-13,327842.91588859854,532339.5628073139,424249.111117818,241014.98751268972,178783.88128615776
2010-08-16,328310.03802328656,533336.2178895653,424453.2006330402,240547.76884111718,178518.51414306968
2010-08-17,332335.493348824,546386.3609328481,430704.70541270555,244638.78187582435,181260.9389699585
2010-08-18,332580.16977827344,547333.5305089516,430445.58655048214,244135.1911515405,181035.98084373283
2010-08-19,328090.4396503078,532095.6800216092,422486.5744363633,238906.32953765252,177934.53176781695
2010-08-20,324455.3829434917,520063.1749713494,416556.25204161514,235551.09026326923,175933.98341064082
2010-08-23,326996.7999875515,527818.2925134847,420040.51881379524,238094.45956517506,177800.67568123114
2010-08-24,324581.318802123,519821.83764177456,414956.89367346704,233863.76487617375,175415.83373317725
2010-08-25,322427.8336075044,513616.33279751346,410596.1458568177,230702.3819945707,173640.54020506967
2010-08-26,325110.619321014,522712.3526138578,414178.08550419874,233471.32756072222,175656.46541209205
2010-08-27,325947.98134646245,526025.3381951222,415392.71307834965,234196.45280207795,176090.26251457975
2010-08-30,325256.69517888187,523938.8033993537,413730.7719897552,232569.9825090005,175168.5801905646
2010-08-31,326192.3197646772,526975.8183411695,414694.9228264053,233074.11928022938,175651.5326101206
2010-09-01,333845.99154614384,551217.1372494354,426276.27154927194,242660.37450396887,182217.09351671435
2010-09-02,334633.9743353259,553420.1747905769,427581.0001718213,243514.5734214408,182792.4629656168
2010-09-03,336139.0031532284,558185.7263152387,430591.5313558641,246055.2024470355,184227.74874549426
2010-09-06,337143.87781639094,561431.6787161782,432415.1107753458,246248.53164306053,184131.8999061327
2010-09-07,336370.7628934391,559026.1533170963,431024.88148583326,244314.45593518717,182843.2274481671
2010-09-08,337311.9013374752,562206.8278656972,433059.9569592162,246370.18104368012,184010.41454134113
2010-09-09,339170.55354705063,567747.427419187,436364.9839929384,249090.15938501016,185753.71176764194
2010-09-10,340557.23617748776,571689.2673444648,438926.8733882676,251080.53652732787,186972.20032542746
2010-09-13,342824.9417421546,578292.3559698958,443048.9581707349,253897.3465596545,188616.21641013678
2010-09-14,342896.1905898738,578439.8756886236,443734.3245601398,254478.13736873533,188795.0233664341
2010-09-15,342506.3567942304,577031.7065729579,443201.4606556389,252958.47063124718,187637.76922093568
2010-09-16,341990.7707579223,575543.9629498568,442591.3409727208,252144.04300840627,186960.07137264445
2010-09-17,340659.5355804858,571269.6013972352,440128.22499750415,251171.9457792802,186356.70856217382
2010-09-20,344809.9013925162,584907.5529926419,446655.7883663533,256274.65415358558,189629.28111723802
2010-09-21,344683.10795066756,584033.6168934141,446577.1370549076,255814.33291954533,189277.66785296687
2010-09-22,341844.9369034826,574381.677001964,441986.88969926734,251837.8796954471,186641.8726075407
2010-09-23,340130.0502312849,569273.8822357842,439356.6427142813,249506.16521432454,184996.48695760293
2010-09-24,345091.6456876652,585223.1139010835,447554.83156876726,255769.19289582846,189006.57668008422
2010-09-27,343662.39177068067,580049.5155790868,445625.30872781674,253388.87161531675,187266.77789694714
2010-09-28,343725.12847998645,580143.0403885596,446061.8293198794,253407.43788388357,187086.79384929972
2010-09-29,342711.75015829044,576832.6962636895,444727.4398506927,252201.30138144706,186150.69435712838
2010-09-30,341128.0162127677,572007.9306016333,442373.8835256812,250567.206568094,184992.81365565813
2010-10-01,339485.3909964056,566351.8529389893,439536.6062663121,248420.70005116117,183678.4134545306
2010-10-04,338110.4228372549,561272.6996270773,436873.5392231154,246557.95295653067,182665.673807513
2010-10-05,344937.0188350554,584245.9363832045,446489.4195067189,252667.40734248993,186931.35973546578
2010-10-06,347010.4643307666,591525.8221641664,449627.6984512353,255060.9984575953,188463.18919867504
2010-10-07,347064.6361764654,591070.166115088,449607.5165266236,254840.85425968023,188326.66580049176
2010-10-08,347382.93814351904,591965.5504142633,450033.6899172195,254942.5835144135,188411.301510132
2010-10-11,348315.210121097,594768.9335457664,451486.1008972674,255508.4596429702,188717.2297048765
2010-10-12,347409.03236471955,591137.1213279957,449938.0430091283,254196.81545673698,187940.61913164088
2010-10-13,353720.2788311271,612711.7304094187,459044.12198645686,260094.08867416042,191952.48940684076
2010-10-14,353277.20136241725,611848.5350524443,458385.9490450853,260253.81853972096,192058.93794203838
2010-10-15,352665.6426378424,611379.1605045283,457348.22697565996,260475.20768447086,192118.40788366288
2010-10-18,353398.46029091324,613634.237031766,458610.08027486136,260848.69889378108,192303.78198298125
2010-10-19,351474.9374939677,607106.4248906933,455660.21314119274,258555.3387949068,190855.82848253468
2010-10-20,352816.1153517847,611407.7049431417,457990.5390801536,259881.30549403635,191597.2502474746
2010-10-21,356164.9503658996,622701.740959901,462774.76000997407,263869.6560722201,194337.90916491853
2010-10-22,355004.7499410842,618597.987592747,461374.094876922,262291.0059283507,193130.27235608967
2010-10-25,355403.6371403173,620307.8489450094,461793.4525326545,262342.3331939526,193109.73166875407
2010-10-26,354586.2799863384,617406.885169022,460373.6685893284,260997.3665221719,192316.3521453451
2010-10-27,353055.2126738563,611802.9034840886,457608.35919691704,258999.90796647084,191180.8389495456
2010-10-28,354362.4949493962,616026.6077907007,459619.441055657,260220.72815735228,191980.26244514197
2010-10-29,354336.58356321167,615863.4853763288,459220.0347425336,259966.33354990877,191968.06132040065
2010-11-01,356520.7281293528,623306.5889480724,462051.077998982,261705.36570676157,193258.14874730032
2010-11-02,358474.900366677,629685.040343202,464704.4028857026,263425.13165899995,194498.3793775514
2010-11-03,356870.0056323316,623990.6177319434,461724.9923473196,261355.88644039634,193303.5179741451
2010-11-04,362279.6705646186,642348.4677026292,469343.7289377383,266438.3217595208,196722.7120160786
2010-11-05,363341.0339153206,645643.2128601848,471071.15082567226,267274.5600121816,197219.3665241751
2010-11-08,363665.0099036732,646309.1082724045,471799.01776653697,267018.3640305162,196913.40063533615
2010-11-09,365058.031184589,650845.3143197794,473818.7488622504,268055.2321457303,197618.00588854187
2010-11-10,362920.58489843074,643632.3850673644,470071.04017330497,265784.70717590745,196408.68451366076
2010-11-11,362502.3147953912,642362.5606510857,469210.10065554845,265200.3631397937,196069.40249902356
2010-11-12,360304.2747377054,634793.5499890357,465689.43205952615,262447.9967644502,194220.66388801002
2010-11-15,363536.79524324735,645181.7533614748,470326.49680988374,264825.1782510675,195779.5036461387
2010-11-16,355621.3583223754,619765.759998497,456800.2372495136,256862.6703509549,191090.9344510346
2010-11-17,358240.30586229847,628926.4260195426,460461.1625580031,258901.01590707086,192484.4961148423
2010-11-18,364792.6226360292,650469.9706413534,469667.96026568545,264300.39449512016,196145.40308759597
2010-11-19,364019.4012327547,647618.2951904521,468850.75047949416,264329.0735727073,196018.747373684
2010-11-22,362106.25891371985,641009.7898606906,465812.49253685016,261452.72539630765,194045.67110412742
2010-11-23,356290.92762977426,621828.5253915765,455942.856772032,254842.61410002652,190039.21994273632
2010-11-24,358916.9731711089,630168.5869198918,460291.00646934164,257749.86449175805,191931.56609257558
2010-11-25,359769.6484579815,632989.0442603568,461850.30058014265,258663.61772735993,192395.9044022399
2010-11-26,357768.37116133963,626559.7635126258,458908.372456166,256605.8654667264,190974.3792621041
2010-11-29,351551.4757084059,605120.1915885215,449176.5180351635,250295.83214443122,186921.8717396284
2010-11-30,349342.0762354823,598147.4942504638,445490.20249072637,248156.39081682623,185626.48802233287
2010-12-01,353493.83854341647,611818.7643478262,452769.7649321529,252443.46363736887,188073.2911431407
2010-12-02,358399.6386137627,627440.5341799479,461032.85720774834,257675.99209613397,191203.2309188362
2010-12-03,358002.26916217443,625919.863856745,461604.5231490515,257616.47002177947,190710.90388517498
2010-12-06,357912.82055716077,625523.1925782372,462087.64312960644,257769.2744099012,190532.02167528568
2010-12-07,363049.75267268386,642481.0041317707,470078.63596362533,262656.51070038264,193713.24709395244
2010-12-08,365540.2736568886,650386.794754641,474367.5963961965,264932.8615511113,195129.51830439188
2010-12-09,366885.131847155,654448.8954937136,477097.30080100446,266015.3748138659,195515.72232671478
2010-12-10,366978.20540844486,654590.9286456052,477640.7098032105,266314.0625837498,195546.36268068824
2010-12-13,369657.46874332963,662747.2092991966,482138.03104755265,268833.6390694546,196989.50878088444
2010-12-14,370041.242093477,664859.2675516888,483234.9667140452,269260.7004545162,197002.0150573042
2010-12-15,367179.2240580808,655818.4300610085,479439.18842139,266844.9847269637,195199.34551448285
2010-12-16,367742.355349253,657290.4102814936,480857.56863163784,267617.0825897341,195492.28158904405
2010-12-17,365184.4288339118,648875.8858271325,477611.71839247993,266084.5430814023,194228.001174333
2010-12-20,365918.4082518997,651129.9998336042,480209.5474037184,267351.5423846272,194597.26346455896
2010-12-21,368215.4016569769,658726.2027528816,483871.0755160266,269989.550324918,196292.73625495672
2010-12-22,368223.55901299446,658561.6617506063,484134.1166593674,269823.9847245168,196034.91397243337
2010-12-23,367725.7030972581,656874.2903865859,483578.99289488577,269045.8244961339,195407.07609105078
2010-12-24,367481.47578965104,655877.6384245213,483396.6416401661,268597.0629266117,195011.40125017503
2010-12-27,365764.8648096258,649851.7652528897,480413.2823453619,265998.19105736737,193375.25673784298
2010-12-28,365317.42269108637,648293.9690793852,479747.62167508545,265325.39087295096,192911.63532704843
2010-12-29,367839.4350002271,657026.0025042215,483442.8140558237,267797.663171125,194588.71272625175
2010-12-30,365040.9137881946,647305.9822450159,479074.92798009823,264687.9522299842,192571.15260988977
2010-12-31,362207.99296383583,637266.0101251932,473959.6117413079,261320.40904055708,190635.64549469922
2011-01-03,369740.0947422881,662910.4642386278,484315.5596216056,268166.2250770276,195552.1889180372
2011-01-04,370810.9138177962,666235.20261306,485482.23172122845,269032.8337543658,196341.88053357598
2011-01-05,370787.3609399685,666212.3938438549,484987.7252395772,268770.6768944088,196350.73034651275
2011-01-06,371930.89896508935,669749.8207424523,485915.44112244697,269889.9655302058,197385.69050884832
2011-01-07,370009.6729786547,663200.4256521399,481949.8044284767,267119.4059369224,195922.23399285862
2011-01-10,367330.3105452787,653958.4504415562,476488.9101904408,263218.14364419633,193786.3618526438
2011-01-11,372563.9357849782,671908.9372349898,483687.6611717936,268329.97073424037,197443.57321156474
2011-01-12,377134.61471617385,686883.508816362,490675.3468263952,273797.95535520813,201177.90197028854
2011-01-13,378629.9249784157,690808.932626611,493288.9623463558,275990.0370771911,202613.16621986887
2011-01-14,378375.86507439514,689396.1597298803,493527.2758977444,276778.36948002136,203028.01257203883
2011-01-17,378329.8344241988,689256.2145970113,493731.3262531476,275783.19223273144,202174.4379468966
2011-01-18,380517.18638038274,696235.3265545174,497627.6109817798,279145.98243900714,204276.39385759225
2011-01-19,378553.0959514186,690211.2509872289,494298.19691597903,275473.2209966088,201863.2197803382
2011-01-20,377465.6926801225,685824.7933491665,492593.7053198846,274173.66872045497,201061.95424231057
2011-01-21,380215.28696100786,695899.8107396738,496656.43852356746,277661.9591175769,203326.22353625097
2011-01-24,381140.350455231,698574.5761534047,498268.0480468367,278249.1708743256,203564.38496704813
2011-01-25,381982.6725253114,701173.1959729292,499661.52012485976,278917.27690995607,203908.9217657903
2011-01-26,384369.1530123041,709466.1938574131,503511.7450258916,281630.749572887,205625.43020004226
2011-01-27,385411.13346995565,711870.141258814,505203.8372393228,282836.14133909106,206424.06417369528
2011-01-28,382479.99661432,700878.6079265194,500240.5829422772,278936.33962674584,203997.56084928583
2011-01-31,382826.620943895,702697.453878988,500925.7113819638,278513.59394398035,203551.18427757022
2011-02-01,387029.24737462477,717439.8418974973,507499.6563257992,283264.8209351131,206655.6475733265
2011-02-02,386348.88931749127,715564.0742627261,506668.3140660455,282334.01828729117,205924.51141652113
2011-02-03,385293.6704419392,712080.8402284521,505060.6527852483,280826.56808755844,204864.94841235506
2011-02-04,385533.6147405764,713049.9248378498,505648.11759441363,280978.5134259501,204910.3911031009
2011-02-07,388550.54144611134,722875.3826261527,510458.49740345427,283639.15382472315,206502.29341928882
2011-02-08,391111.9825733776,730712.6556204379,514426.6262828376,286297.27515733556,208214.83953934535
2011-02-09,390454.6865099006,728155.5084259153,513506.8725543682,284802.43066622404,207167.9806863513
2011-02-10,390942.88674567896,730156.7098325733,514477.27244703006,285374.5955353512,207419.69278738397
2011-02-11,391226.3964455352,729812.7294429325,514673.09874854406,285035.8297233729,207249.3141087125
2011-02-14,392336.42136824824,733994.1822806499,516381.1487422271,285107.94606401195,207180.41410299484
2011-02-15,393161.86500027875,736556.1927266289,518062.1090516552,285866.8043138552,207524.1854176379
2011-02-16,395674.1880869685,744846.4811068508,521758.207914999,287990.00360895717,208955.91799575413
2011-02-17,395252.20046563336,743443.0568900817,521051.5949811533,287093.3452838363,208345.64584856393
2011-02-18,395211.5936368257,743263.6085943256,521532.73319803865,287590.33366660256,208528.5207034602
2011-02-21,391164.36225958134,729928.3484679153,515176.0602830535,282504.8426427401,205169.1592057319
2011-02-22,387849.45530030003,718430.2854054379,509874.84033455426,278887.2524791606,202831.73859515408
2011-02-23,385369.8258766599,710113.1465261766,506281.9591298688,276442.7397632749,201135.38279106832
2011-02-24,385380.5501430604,710468.3561807373,506847.7510467215,276567.82109895267,201030.03653780353
2011-02-25,389523.5175097426,724017.0210470635,513179.18893416267,280415.11465968745,203547.22590339332
2011-02-28,392917.7227183246,734743.1276522637,518651.63462445006,283410.77612354484,205402.3438406993
2011-03-01,390555.4433266483,727260.9301369439,515332.84103084356,281243.3950418617,203821.54268130104
2011-03-02,388180.87511025683,720193.7218980604,512092.13889753754,279181.6820947588,202330.8838724325
2011-03-03,389769.1185542982,724927.7814629808,514588.7435834793,280756.3444484507,203393.42499202653
2011-03-04,387498.82630330167,717602.8482901332,511544.76192620856,278750.5393185474,201908.5682993234
2011-03-07,384954.75505833444,708664.1350119788,507711.780287758,276334.10104452085,200271.37544014674
2011-03-08,388039.08603108226,718926.674339262,512477.2140840021,278922.31940200547,201901.85818110834
2011-03-09,387397.58772227244,716741.4420603883,511610.8813233016,278386.28959742194,201478.9809742421
2011-03-10,384476.9839847302,707382.6369972262,507471.8537633577,276047.7574185576,199860.94070706994
2011-03-11,380659.0500876601,693680.0522203513,501877.64854940394,272927.97025650303,197815.97199636747
2011-03-14,375014.5368235858,674224.6280580189,493387.515986014,268294.8614190951,194795.75618494765
2011-03-15,367222.71298782923,647213.8110194377,480110.4487107817,261058.34653668452,190594.6983151691
2011-03-16,360704.6997167661,625498.7478643373,469077.2015112998,255042.96103609717,187048.12742354983
2011-03-17,369797.6468217395,655929.939859105,482433.352308852,262324.1787066593,191984.13667670716
2011-03-18,371491.92458734725,660929.0655786932,485610.5423695715,264400.5831009953,193155.3783694447
2011-03-21,376736.1322408988,678524.1157660949,494460.6521762736,270781.7070340237,197120.93296713522
2011-03-22,376029.8964517652,675839.889032657,494206.59877394215,269822.57417923614,196130.3614160656
2011-03-23,376957.10136319586,678989.9898352707,496609.0235635174,271028.40636043187,196555.26060587526
2011-03-24,379856.4369764245,688813.9870816241,502295.01677388593,275192.0663517951,198923.7251333299
2011-03-25,379974.7513469949,689613.8971811353,503511.4398787452,275351.3011570674,198597.3359527942
2011-03-28,380955.60750440636,692538.9626183847,505631.14605125337,275778.6236628492,198588.47650307868
2011-03-29,381449.4644000515,694260.755829516,507028.9851529486,276381.9405534666,198747.40983064077
2011-03-30,383825.0052571822,702171.4759149286,511335.47513466596,279652.5637639893,200715.3773538628
2011-03-31,382290.0892741355,697192.10618032,509324.53341748373,277516.1452324076,199075.6109821446
2011-04-01,386532.500850162,711043.0899033465,516013.83356130886,283362.2322795266,203051.42804506907
2011-04-04,386882.7057079529,712380.8956724291,516691.22923967807,282439.63185259275,202271.1766046156
2011-04-05,387253.39547205134,713793.8975813767,517579.57426230237,282763.89141465485,202323.3621520614
2011-04-06,387950.8102887875,715495.922824718,518878.11124559946,283043.52738904714,202425.439258481
2011-04-07,387457.55525635404,713704.3807389864,518369.8392591438,281804.73829265527,201471.40158453753
2011-04-08,389199.533539326,719394.5232524876,521298.5926675047,284023.82445653516,202913.55918546885
2011-04-11,388815.20573484624,718939.0505755657,520706.16202498024,282038.67349292384,201417.59817295359
2011-04-12,385093.9106988983,706657.0889005088,514837.77644532215,277427.5266742446,198318.88553496214
2011-04-13,387012.29324884695,713460.7302081154,518032.93030835106,279504.10400900466,199590.59430607324
2011-04-14,384757.77919658134,706122.284549386,514815.6881194568,276755.4193925686,197584.06227830678
2011-04-15,385575.5350844095,710189.4472405324,516172.97933080676,277723.3082112592,198093.64532896967
2011-04-18,379465.42999952764,689455.8645475951,506288.8600118292,270706.27226293733,193552.96640464693
2011-04-19,382169.731354285,698677.4773211629,510263.53775448696,273711.09701638005,195628.61411718838
2011-04-20,388448.3688270359,720809.7473975345,519599.3780148533,280935.3060837995,200644.0589275833
2011-04-21,390629.9039478762,727624.0994374083,523157.34463797713,283462.9115255695,202321.64179098274
2011-04-22,390901.8484200033,728467.806756851,523762.2490051681,283462.91683156515,202227.15561634276
2011-04-25,391641.27988844545,730759.5480211718,524911.0844014727,283462.91575747845,202166.1548897669
2011-04-26,393113.32312613365,735485.5420771653,527278.0081540847,284967.54170178546,203146.24022762637
2011-04-27,394660.02185167756,740556.2200831121,529858.8121118441,286489.2805793625,204106.78592580959
2011-04-28,396592.51437870105,746723.0321566035,532994.0782142663,288894.99917955365,205716.32598706492
2011-04-29,398168.814256857,751843.6272665639,535569.6740537378,291374.0507239413,207406.75218629985
2011-05-02,398891.24534136936,754384.7837383919,536633.1712874168,291166.0159522554,207211.1468019187
2011-05-03,399067.9926319549,754908.2030471198,536796.5846792454,290837.28080560436,206998.55236516768
2011-05-04,396628.2665619416,746360.0412582426,532656.3192535477,287102.4299203916,204576.8363257992
2011-05-05,396305.2208308318,745177.8396135882,532026.3631777678,286316.19454463193,204071.82089327712
2011-05-06,400081.5696259826,757994.0276446721,537481.0486470457,290873.92458539346,207311.89428048977
2011-05-09,397804.09109080944,750753.1112066834,533478.722460804,286675.369435342,204502.1620790699
2011-05-10,401562.9006495404,762911.3706975544,539216.7399632278,290627.0462624976,207210.1159683386
2011-05-11,402945.55508369114,767314.2510229938,541562.4682892095,292666.5264715421,208536.67178211422
2011-05-12,400781.2508721183,759927.5267421632,538146.2977197198,289475.8081112701,206337.22880959837
2011-05-13,400593.9765304962,759380.5239945144,537579.4215963285,289761.44640073087,206647.8916388375
2011-05-16,400805.8867543592,760071.9979287724,537783.5321914365,288685.70440012484,205846.9748849911
2011-05-17,398029.2201294026,750713.0985631081,533176.1157790859,284794.5218440344,203262.28756764412
2011-05-18,401021.616148414,760879.0756894954,537898.0959021428,287773.9320359298,205224.09165710423
2011-05-19,405378.31646863243,775227.2319269512,544594.8545851145,292656.6107495133,208583.3944381315
2011-05-20,403921.29467952234,770138.6483464933,541825.8787314753,290583.5609093092,207212.42491114954
2011-05-23,399951.1085608958,757093.4612946378,535400.3641396194,285424.1145888334,203805.0416178717
2011-05-24,401621.130746401,762868.5991506326,537892.2612155176,286937.0446729589,204823.86873289043
2011-05-25,402247.48029024235,764416.6335814409,538920.8537748223,287429.1241489728,205170.20832048115
2011-05-26,402570.10080816696,764985.1152892577,539396.4896115271,287420.7409098475,205161.01947576125
2011-05-27,404551.9611989862,771840.5045218515,542461.6774737965,289495.3809388372,206580.61312468417
2011-05-30,404771.157018347,772498.6464751026,542998.7446783993,288943.7347720042,206063.0696688286
2011-05-31,410637.86865700374,792200.2382862397,551739.6312729688,295403.70368544495,210590.83152282255
2011-06-01,408313.5123682988,783668.7391990199,548247.7683227957,292392.913482159,208510.44515141123
2011-06-02,402955.20517484745,765435.108853681,539790.330856262,286503.8606753213,204576.78478529822
2011-06-03,402756.3741545765,763673.0260267047,539986.352692853,286479.3250408144,204423.21833625893
2011-06-06,401904.3964986591,761252.660508697,539076.6275154478,285271.5375289293,203395.8069287401
2011-06-07,402617.3094962385,763201.7960831111,540705.5614225909,286064.69263126387,203759.07098545795
2011-06-08,399865.6188451871,753713.1267188853,536858.7701442199,283709.96671866643,202034.228258984
2011-06-09,404380.19163678965,768666.5186364191,543829.5416166049,287541.23599761695,204593.03127981402
2011-06-10,397988.80436078506,746419.9851677876,534345.8517515345,282194.9563688659,200925.52724575077
2011-06-13,399223.2813733187,751084.6478464581,536511.4149728102,283245.1665518846,201474.051945145
2011-06-14,404910.3995690066,770364.8556368941,545279.9537419222,287932.51927066786,204607.9083937149
2011-06-15,400695.5855568564,755452.0287420489,539028.7015975184,284567.66796609806,202267.474458899
2011-06-16,398423.54528773896,748212.9406624456,535993.3067470875,282956.49337575986,201039.7035717409
2011-06-17,401075.11780639493,757183.3426531018,540120.9628587605,285486.7281261651,202772.80625983974
2011-06-20,400205.90922200546,754468.7545499259,538910.2607492277,283768.9310482089,201487.7054757401
2011-06-21,405844.50692909694,773077.6971987038,547618.7453611564,290355.3728645086,206037.46221182696
2011-06-22,405943.61291868665,773942.8100167214,547912.8404902278,290117.1356483878,205751.7303483905
2011-06-23,401155.4041653979,757986.6942005905,540299.2847085205,284410.92290543,201862.79274396627
2011-06-24,401179.92333404615,758464.6868181729,540271.4809129235,284243.1943790051,201697.66221683755
2011-06-27,402901.5711521306,764453.7457428619,543075.6592924801,285343.36554309446,202346.7401804793
2011-06-28,406878.7650346833,777753.0724500718,549238.8035605008,289736.1130773259,205325.89318571376
2011-06-29,411465.4669065188,792882.6526366406,556476.215515738,295207.70461643505,209068.68318713264
2011-06-30,414918.5933739119,804158.2289380925,561994.4399287177,300067.55933934153,212403.932515528
2011-07-01,416679.38622089196,809535.9321624563,564949.2578408628,302280.2037590121,213873.07189993083
2011-07-04,417643.96838329063,812720.0408659709,566369.9066369719,301941.651279946,213577.85634928316
2011-07-05,416790.6477139391,810018.7634974631,565104.3645974015,300337.1418335917,212381.8858441788
2011-07-06,416823.9191024251,810472.9640533418,565224.890892868,299993.05873820983,212061.31871742074
2011-07-07,416883.95463127934,811019.179738001,565455.1783360573,300378.6231919661,212246.6479585031
2011-07-08,413358.0395808172,800240.3721334718,559901.4916909327,295756.3918049976,208980.5956467176
2011-07-11,406613.02957815566,779242.995026367,548736.4124428342,287746.0248068001,203575.44809230973
2011-07-12,404713.6612370289,772721.3020907823,545972.1879002334,285761.75424349826,202150.60371401682
2011-07-13,405097.51618297375,772894.1001490582,546521.5822741706,287392.4296036291,203357.9046520825
2011-07-14,402723.52371025895,765081.1256354159,542910.953100476,284659.92236983107,201393.85886299537
2011-07-15,399281.4109805494,754043.418287018,537366.6281437096,282344.3823217367,199742.7732636569
2011-07-18,394549.60845822893,738428.7961460968,529848.8122888858,276652.46208348917,195844.51167227034
2011-07-19,398095.48260079575,749604.1039066552,535680.724069537,280342.9145005616,198329.80838754485
2011-07-20,403157.60872786323,765767.8668048986,543413.0684913361,285773.6689029649,202130.93285309972
2011-07-21,406913.3273042041,777838.4967395653,549440.875661781,290577.63421917614,205468.34578171014
2011-07-22,407968.6660985947,781479.1379038082,551171.4827615516,291549.9063129581,206071.82442034778
2011-07-25,407724.56830027146,781278.9190410416,550230.5660960922,289985.578528968,205031.93669793571
2011-07-26,406211.3162632069,776405.7440538282,548094.4827685326,287879.04953917424,203494.29356144476
2011-07-27,403313.94692123955,766250.5252658051,543631.3578053719,284447.0630616773,201099.99273235962
2011-07-28,403405.6762109008,766553.2069500014,543783.4124590679,284226.3006216906,200927.67016577654
2011-07-29,401299.6406168007,759812.793776265,540226.9007168578,281825.28040252137,199346.03287880158
2011-08-01,396260.81113393826,742252.4427514003,532008.8986246288,276503.0092817303,195800.4144680162
2011-08-02,389740.15059136116,721054.266855939,521665.39155887195,270611.90638966794,191857.11997851066
2011-08-03,384000.83023971104,702150.6845911039,512682.73667714774,265733.1486427849,188601.8154676449
2011-08-04,372458.3394155923,663247.274255943,494276.1550626672,256014.96967134808,182326.52350835985
2011-08-05,369657.67166768265,651794.0670591306,489690.3386030558,253604.7327866556,180801.08020335864
2011-08-08,356069.35156001034,606585.8199330558,466674.44758002297,241615.0006897271,173532.05466514284
2011-08-09,362791.73059439537,627838.5051279295,477319.6805188021,247148.1148352624,177205.47421044018
2011-08-10,348807.35080577206,581175.2081700271,451258.6141570167,233596.95887422672,169528.67297858233
2011-08-11,357179.6494239042,609497.6664375204,464877.33698862937,240675.3372289349,173973.77327272945
2011-08-12,368611.9584980296,648670.1480192734,483349.39429566637,250301.71835344558,180168.6875259565
2011-08-15,370478.20046538627,654348.2138061875,487551.19946053973,252464.9274867306,181131.35578439833
2011-08-16,369724.61277699424,652623.289213381,487567.1667364765,252470.88844305786,180711.52606650032
2011-08-17,373172.7288939712,665340.5835491106,492960.5523030133,255273.95185903998,182390.56314366494
2011-08-18,357723.2570353633,614321.5057271896,466938.3464722337,241739.35169908497,174006.5460621429
2011-08-19,350972.13944365515,591092.0678319056,456021.1311523455,236423.0677985943,170586.65825711947
2011-08-22,353187.924908188,599369.5024958547,460039.0643162332,238463.19209597117,171655.02166473056
2011-08-23,355826.5981564485,608570.660370531,465191.35712349013,241796.93068520946,173555.32777671615
2011-08-24,358764.0687072183,617542.6348468224,471077.3092002527,245622.69645458573,175768.3406850299
2011-08-25,357938.82282145077,614058.3514916056,470655.1569446561,244476.21385827768,174675.0972429054
2011-08-26,355484.21234494715,606172.3362678627,467115.0558047104,241308.88493815524,172328.55306396948
2011-08-29,359863.1842239324,620680.0356261076,475422.22335586936,246238.1299889858,175184.114215873
2011-08-30,359946.10587432893,620128.2701801418,476596.54414049035,246561.02980804353,175050.08532658778
2011-08-31,364807.82658356737,635021.5664257252,485031.7237569612,253236.72887797307,179413.17367470928
2011-09-01,365366.41930827557,636800.7481568458,486277.77078336215,253775.42114141452,179587.60091495785
2011-09-02,358079.28409861465,612935.5516328085,473804.56973919395,244136.63500218524,173242.47371633624
2011-09-05,347509.16378525586,577702.8050638193,455391.89973633183,232830.48884062053,166123.2486885204
2011-09-06,345813.7278681933,572485.1762271973,451761.9040742077,230985.83102651374,165060.98303185424
2011-09-07,355440.23230388516,603526.9549112931,467860.1454830672,240482.28917275622,171167.74853814277
2011-09-08,356009.45871788566,606147.1302933361,469366.01971046155,241217.4642102467,171466.10437267923
2011-09-09,347694.6846296438,578954.8279350685,453923.81836279697,232166.9774360865,166001.56034283937
2011-09-12,339976.1181714294,553267.0917820309,435815.4790756993,222322.6738085848,161251.92596224882
2011-09-13,341169.8479398579,556275.1250882498,439568.0763289149,224205.4095994676,162008.6822297021
2011-09-14,348433.06357826164,579823.7754592911,450473.64014042454,229919.6405105553,166044.98568668985
2011-09-15,359473.4791180866,617092.3916304702,471037.6192229268,240834.00849160575,172586.9542135283
2011-09-16,356233.507441713,606531.7566911392,463453.618691525,236944.0251648116,170593.1348414806
2011-09-19,351556.30862596707,590474.3289311778,454793.27585438895,230771.8697709022,166819.44200667526
2011-09-20,355676.26101780357,605193.8441168562,458897.50249828596,233655.03334847948,169452.24652350476
2011-09-21,352875.8376633118,595433.4214439318,453804.4766013706,230247.67481674004,167328.5975125806
2011-09-22,340864.5582231311,555057.2685649391,431190.9511521674,217401.19613452174,159879.84664789189
2011-09-23,341408.0789829387,557514.1691431265,434742.1784987934,219274.0279564686,160299.03562683266
2011-09-26,344488.2050765651,568631.4590938544,441880.4336045593,223102.74476837507,162202.35316200802
2011-09-27,356134.34057182237,607755.9412766908,462950.5380316402,236411.00326656023,170485.98177032915
2011-09-28,355401.7790486434,605128.517961028,461497.47287791246,235352.24088233142,169850.4837288915
2011-09-29,356380.1585105035,608284.1719049504,464360.9705968646,237568.3542423882,171070.8460296128
2011-09-30,353809.9873610192,600190.4090287205,459189.3339669645,234056.96411722637,169056.97254819775
2011-10-03,350551.4546038631,589188.9434669998,452438.18310247053,229269.46154955646,166274.76460816804
2011-10-04,344700.49651059724,569870.5855205703,440621.5549867062,222400.06051605335,162423.5451073353
2011-10-05,355017.6839911718,603886.9264831629,459046.711434648,233201.93402468818,169136.91675517525
2011-10-06,362602.32848013716,628650.2462510128,473117.1303878731,242740.04294192427,175044.78865978116
2011-10-07,363987.3379239801,633621.9801527078,475838.34214347485,244746.56144765567,176295.55595837088
2011-10-10,369977.16608180193,653480.7466634227,486577.28224147344,251264.73672906696,180295.29540148308
2011-10-11,370969.15020861325,656601.9835525122,488862.9255236757,252102.24011812822,180557.28911071818
2011-10-12,374833.3167694069,669256.4512256101,496425.99263772846,257999.4723275186,184169.26656279885
2011-10-13,374202.1257553766,667419.816214427,493939.8654710148,254187.8024631504,181881.12328204323
2011-10-14,376106.82008021325,673885.6667699958,496736.6994634947,255820.9115829247,183027.50496100058
2011-10-17,374119.18454130506,667917.1750963794,493065.37732190103,251472.00346140616,180151.83761680123
2011-10-18,374010.0050838422,667247.2479524302,492042.7890959414,250100.94971999605,179388.51338922058
2011-10-19,374212.5121341781,668381.3540424918,494415.0829958212,251734.09068589727,179995.4512274173
2011-10-20,366519.038892843,644413.0786293107,480037.94982868445,243462.73053295419,174974.06821120114
2011-10-21,372280.7905632467,663137.364015247,490956.2725765502,250092.07545090865,178910.8014385262
2011-10-24,370870.50113093824,656874.3127119372,498735.5769955748,254400.7086691927,179067.9666908507
2011-10-25,368263.3075551584,647053.6555479555,494487.6862163736,251131.61823387956,177064.60009967285
2011-10-26,366962.9971524764,643134.655968153,493142.1418925958,249825.88935045124,175973.4471320061
2011-10-27,380922.74910519813,690042.3465780194,516664.06042536284,267675.15011053777,186965.0817809585
2011-10-28,379458.53778762784,684003.2664216666,515649.88645624596,265739.3064178952,185280.35858080338
2011-10-31,374591.28394619434,667627.1366887074,507406.391452931,258184.4044647478,180495.5512031043
2011-11-01,361124.31217365956,621468.8910820845,483468.3878494513,243531.68006521836,172211.22221830318
2011-11-02,364334.7551908968,631877.9175347127,490022.6353209575,247006.91677527974,173902.65346812774
2011-11-03,370892.92589516577,654005.761034952,502184.575190405,253807.89900888424,177535.88659963923
2011-11-04,364329.3084684482,630130.0210696358,491686.47235726006,247437.46593594967,173650.9486732456
2011-11-07,361056.56701779616,617765.2037525917,487481.6691192942,244729.05215184108,171680.9196227954
2011-11-08,364126.2579395644,629251.2645894664,493362.7426641095,247662.14169817377,173106.76722265405
2011-11-09,357083.392385161,605027.1947357673,481806.78168367565,241627.03294138925,169541.23515223962
2011-11-10,358122.3192245054,607804.7267331494,483338.6578158814,242397.28624996144,170080.88055058653
2011-11-11,368018.0338764298,641089.0641625446,499350.9914807787,250810.5850238487,175136.56530384524
2011-11-14,364940.49276419164,629953.0208136409,494365.03014611965,247976.4244851322,173418.84820301615
2011-11-15,358545.6016558094,608800.5929791088,484317.8843483946,242842.79687679335,170279.02788040586
2011-11-16,359759.0842721054,613974.4773190132,486502.91510909074,243917.96542836653,170833.83166541785
2011-11-17,354285.3601140111,596177.8557638027,477703.27144099795,239471.94285229858,168155.211358165
2011-11-18,351754.7570466151,587122.7950414567,474218.75815149856,238089.6453268745,167204.4628323613
2011-11-21,345346.74167929887,564086.6982796254,461897.2384755868,230056.86142677985,162830.69940469787
2011-11-22,343354.2448718909,558498.6765077419,457836.0937717177,227611.2819551049,161516.56958714366
2011-11-23,339894.29617046285,545924.1490035591,451653.55629299075,224106.8723850674,159542.8800774556
2011-11-24,340566.46834456455,546252.3068025891,453327.67175376706,224954.70365239913,159935.4733332028
2011-11-25,343239.39487343054,556407.2732644739,457765.86276261345,227223.8075781452,161259.50846824105
2011-11-28,357678.3764871666,607033.0706387593,481025.5970785798,240872.4060603966,169728.94419999662
2011-11-29,359239.1763232125,612535.5225063257,483383.4056755075,242092.3345831073,170513.2865351849
2011-11-30,367282.4083931235,641783.9010092746,497864.6813915108,252502.67257485163,176666.39858131012
2011-12-01,365008.3233543979,633799.5785056333,494652.2971231362,249117.37083364406,174285.7397772339
2011-12-02,368716.9787584258,644789.7636445428,502176.195868483,254111.10650138932,177033.83940653322
2011-12-05,371455.40434570715,653243.0526854992,507456.06606857845,256534.2349398716,178228.28809374277
2011-12-06,371253.7222139607,652649.8138261113,507284.11271982343,255677.9453965414,177575.65238257466
2011-12-07,371424.5730443588,653576.9273459207,508019.21730996814,255825.1829947127,177482.40572638926
2011-12-08,367200.94101050915,638749.9042056587,499835.9398745327,249714.90561453204,173973.64426749933
2011-12-09,373091.2696312978,659472.5560697216,510573.1005076735,256374.70300856716,177755.62640346933
2011-12-12,368446.57351117744,643433.8348976664,502010.29274473415,249339.67095732162,173505.43335514062
2011-12-13,367215.95626428945,639974.8642367466,500224.5715276803,248283.4870269067,172790.07511531794
2011-12-14,358174.65779667976,608273.8076262267,484450.3623416121,239947.7263968,168069.1399602366
2011-12-15,360446.7431245162,616879.0432182816,488805.29182227683,242364.045089106,169331.55459760284
2011-12-16,357199.92140490754,604432.353731772,484515.63661737385,240635.98303671414,168034.46976949138
2011-12-19,358849.73668579187,609721.932938391,488226.99379063374,242306.0481618199,168707.08258740488
2011-12-20,363845.0508675158,626441.6127238878,498631.53241664654,249276.28418588176,172503.20427056443
2011-12-21,362807.26802082855,623427.5242037749,497382.4344249394,247545.26707354013,171166.36034832938
2011-12-22,364346.1098353809,628668.9434750403,501496.0366630121,249995.68565000553,172238.81961037498
2011-12-23,365668.41928304854,634200.2672814252,505410.80126844376,252165.38589281612,173018.6780883085
2011-12-26,366408.1548202572,636549.7428608406,506816.83688955783,252165.39420884426,172880.60324968232
2011-12-27,366329.8208843035,636363.7266882142,507733.81981685944,252117.94626941276,172472.4852087627
2011-12-28,364958.0026490122,631791.3198981776,505547.22670510417,250096.247058261,171113.73664704815
2011-12-29,367808.7329797793,641913.8171847778,511046.370300119,254120.20301971273,173434.95635170632
2011-12-30,369740.1127719179,648724.805843515,514572.5878505929,256609.8818791183,174907.21815519812
2012-01-02,373503.3537150038,661221.3279604751,521712.53819978907,261686.92925476131,177863.02048507566
2012-01-03,374932.3284290316,666052.3911253603,524574.518167837,264016.49384303135,179204.19069019658
2012-01-04,373828.24289938936,662199.3366933706,522016.12527201406,260768.91504495722,177247.1391514035
2012-01-05,371764.9778690079,655677.458662626,517616.6394544091,257165.3532674224,175170.52312665034
2012-01-06,370973.9058311161,653297.9830878841,516321.31097804086,256068.27109107436,174437.01869216477
2012-01-09,370900.9257930354,653679.3037728281,516123.4827789424,255392.6861078192,173951.4033789034
2012-01-10,376721.4570095041,672768.4587976449,526765.5093439581,264238.5086740945,179415.04630869164
2012-01-11,377738.3912961262,675578.7288726332,528313.6690599021,264419.17783101695,179542.75694995598
2012-01-12,378638.9237415066,677830.8732988213,529669.4495936289,264242.67728924565,179424.2700605175
2012-01-13,379521.8579659877,680084.201298988,530992.8309360992,264786.1225503342,179816.39131208937
2012-01-16,382051.74644255335,688620.1500561005,535288.992162685,267184.94839631073,181248.22747294008
2012-01-17,383816.22733155225,694512.1033559293,538755.7004456364,271718.03721529595,184121.7028987035
2012-01-18,384330.7672035079,696234.2312030038,539477.1802444095,271863.808693445,184213.67767088994
2012-01-19,386361.7469744882,701941.3697021801,543704.2471596888,277311.0133369842,187690.94393647474
2012-01-20,386286.9852948407,701873.293356306,542652.4314696547,277073.87422028626,187553.39445618796
2012-01-23,388137.4049537889,707319.3067635183,545244.7393255208,278206.34060295107,188308.45755895047
2012-01-24,388029.6967630197,707449.4900945461,545083.132176195,277708.03212313354,187951.63034634007
2012-01-25,387922.2411273309,706242.913377166,544568.3797832171,277108.39534986205,187668.94662804
2012-01-26,390833.70312368445,717822.0334903193,548880.1204382544,279957.7641089503,189465.74883318855
2012-01-27,387462.7858771572,705648.4126127382,543514.3466316436,275993.377720251,186990.21696550734
2012-01-30,383239.16510463436,692727.8137433447,535947.629765476,271227.37608794577,184241.63256707013
2012-01-31,386172.50480771204,703563.719991822,540113.6315362124,273786.3994558368,185963.76886572235
2012-02-01,392108.31576052465,723429.3896452871,549139.9039654604,279517.75936037395,189664.28301721846
2012-02-02,393414.04909380764,727354.270234862,550977.1089686322,280437.9694501079,190292.466723385
2012-02-03,397558.52795274166,740629.9701634536,557302.2945775952,285573.0147497355,193734.24989137397
2012-02-06,397048.1339611143,738663.0978255135,556264.1198841995,283656.8464018858,192510.19499463637
2012-02-07,397725.2789521129,741041.9560831499,557016.9236936502,283413.3497036066,192406.45138607267
2012-02-08,397563.53967578046,739540.4723425609,556519.8207393155,282499.14578782313,191866.5515501017
2012-02-09,400130.76156761684,749252.2998030536,560168.6738231889,284895.05876819725,193496.68748664405
2012-02-10,397524.6016122629,740763.6971514483,555135.5792880331,281447.6531630323,191591.29740069437
2012-02-13,399473.4862958011,748558.7230083683,557615.6258405767,282476.08971499687,192351.75077095907
2012-02-14,399214.79021899257,749726.2198784557,556535.0386097364,282151.9904813031,192299.51227557572
2012-02-15,400924.367829855,754609.309422024,558671.6258648202,283234.1824325675,193152.97305934204
2012-02-16,401541.0906017878,756945.3955245706,559627.8427760209,283314.5039393762,193189.29137113242
2012-02-17,404077.32330122264,763843.0433385958,562780.615653674,285783.0606909089,194893.58387210814
2012-02-20,407026.423178905,773757.3684227088,567574.4600383915,288355.7181747161,196381.50314756107
2012-02-21,406963.24699571525,773889.1079202993,567009.0954497366,287854.4175153339,196233.26588094575
2012-02-22,407413.5700103709,775587.1364907474,566576.6110987322,287659.3486595575,196383.52702254345
2012-02-23,408376.9360965526,779784.0179141603,568607.7376917783,288334.91339384014,196582.6624928353
2012-02-24,408826.1883435262,780576.2458630445,568952.8753414493,288317.79214719,196671.62366954965
2012-02-27,408245.34898686415,778357.5008993412,567730.0064063771,286527.75419703784,195557.46683831757
2012-02-28,409989.86133919406,784857.4085020511,570049.0491020456,287872.69294768,196506.44539442973
2012-02-29,410834.61428484984,787323.7407887175,571153.19338027,288348.5404750341,196855.21990369732
2012-03-01,416410.49848187953,808079.6399604516,579435.7526036698,294207.5792954633,200733.95086208446
2012-03-02,417110.72913446417,810269.5130321395,580284.1706858003,294288.9159670254,200823.4651735473
2012-03-05,417587.91965912306,812969.865872906,580363.5536519758,293322.8031902784,200305.6147403771
2012-03-06,408029.6182549536,779189.2754071999,562296.3620256877,282385.97736882756,194386.70199115574
2012-03-07,410656.5115454928,788553.6145367117,566933.7825866372,284820.1992373009,195724.61512901515
2012-03-08,418997.65784505656,817994.1742737573,579793.8801324922,294199.7284417104,201869.6419638677
2012-03-09,419347.6587930041,819469.7169766196,580758.8001157123,294569.92730896134,201975.48150942742
2012-03-12,420516.32672173716,824697.8154864387,583257.5725073259,294882.023030807,201818.7881305676
2012-03-13,425170.0924686536,840799.9460955585,590828.9248930304,299627.1121189527,204744.07858566983
2012-03-14,427921.8333237715,848739.1418958893,595291.7281881853,301677.35700398625,206014.7282014341
2012-03-15,430270.85836967005,856940.817455786,599212.1516933573,304030.32008433406,207398.40462910695
2012-03-16,431552.7772826108,860613.0753110326,602139.3730129992,305834.80685193394,208144.59470889703
2012-03-19,429294.3522465549,852930.727935033,601151.3055351918,304223.08637759776,206374.3307059913
2012-03-20,425223.2007453224,838074.1714549526,594680.222226268,299855.96275754686,203630.25402856455
2012-03-21,425827.51437217416,841217.699218716,596218.6434128394,300429.61195854726,203735.3321462054
2012-03-22,420889.84627729893,823486.0211700976,588314.748958529,295545.5493195736,200704.04588771478
2012-03-23,420824.8805687594,822268.7089502002,588841.4512239895,295594.66999403614,200540.5049079057
2012-03-26,423626.00277507614,832401.7017002599,594363.2776289089,298247.7336776304,201800.4603266446
2012-03-27,422756.01865460374,827462.7084748443,593208.3652382086,297474.3939348454,201259.42538666184
2012-03-28,418479.39786526986,812767.1666402587,586942.2220075002,293826.9278544033,198803.83122531566
2012-03-29,413501.783801975,795645.4970862528,579668.151104998,289863.99778743234,196137.3904621674
2012-03-30,417392.1871906023,811670.1902715793,586252.0982575107,293574.27610460663,198236.85011220275
2012-04-02,420952.56565970986,826181.0784233125,592541.4542212365,296798.2756252407,199968.68806143763
2012-04-03,415276.7442669613,805930.1299009853,584187.4270532334,292319.6697799138,196993.86404580137
2012-04-04,406222.0936364631,773272.3053447589,569591.4319677503,284599.4762345435,192327.35810300635
2012-04-05,406989.24943225255,776067.3340745559,571223.6451871949,285414.3785578263,192641.45586518178
2012-04-06,406540.8598947946,774426.2022799958,571332.8934890634,285414.3800474781,192382.14253712405
2012-04-09,406433.5740183961,773826.7524442967,571522.8585400353,285414.36663533346,192261.41134638016
2012-04-10,396422.92140995036,738029.509001644,553975.1604951848,276490.69807461073,187305.3895662486
2012-04-11,398464.0165757215,744967.0291688435,557366.4152199437,278214.5161305342,188294.85245164938
2012-04-12,403983.1538805711,764754.4118785941,565849.11290953,282508.21481346263,190958.75999307324
2012-04-13,395863.00057911495,735884.947516862,551575.3110480865,275403.31552413176,187010.7350034161
2012-04-16,397684.42669304635,745002.1416309224,553767.4363046776,276493.0131439757,187770.2950607123
2012-04-17,406552.50197803235,776290.5111107707,567812.622682671,283606.5646230566,192176.05231245272
2012-04-18,400784.81754658715,755500.1891367615,558433.253937039,278843.8700375705,189332.73039107618
2012-04-19,393933.22854099877,730179.2166541042,546455.1676078867,272688.05093896115,185849.4763645816
2012-04-20,396614.66002747376,739605.1294723614,551485.2716928377,275591.79461999534,187492.21192139556
2012-04-23,389087.9198268874,711076.4761114086,536815.9946951171,265736.29200984363,182122.70097348592
2012-04-24,394323.59853078634,730592.9099570506,545965.4599143699,271365.2611183882,185418.59896738146
2012-04-25,399765.4884623581,750198.185731139,555602.3440060369,277965.5707923759,189403.54976892515
2012-04-26,399465.1648724482,749325.726797916,555776.0849334461,277303.7347960375,188698.24878302735
2012-04-27,402651.3375733586,761322.3337995517,561849.4053696792,281533.17504406127,191113.84533478343
2012-04-30,399664.4198163019,750034.1076705971,556640.6975598905,276661.7279516957,188045.1441266913
2012-05-01,399704.7916282543,750091.8622771862,557426.2132905733,276661.7291736964,187790.9862971056
2012-05-02,401408.22651100025,757363.2788433916,560597.0864367292,278504.85277722264,188729.76218810456
2012-05-03,401443.4057564488,758031.8614237111,560836.3144888142,278431.9362486686,188565.63312641642
2012-05-04,396697.060064004,739855.3036805962,552697.2322746984,272967.8858021843,185295.14294691285
2012-05-07,402346.9189724839,760270.7376683705,562589.4936990897,278327.3137824269,188375.8636466592
2012-05-08,394294.47990222514,730424.9688835853,548279.1337465427,269886.6325712149,183527.95776518257
2012-05-09,394383.67995244457,731594.9462657913,548500.3642307508,270046.7281823836,183531.23039472592
2012-05-10,396801.76027551346,739154.0023887712,553090.9309991997,272321.3309482995,184837.39055496283
2012-05-11,397989.5434274785,744822.2473793472,554362.7379360363,273013.26525689417,185364.97525338686
2012-05-14,392903.9042322218,725892.7136189166,544809.0482629769,267550.36073158134,182358.80124713204
2012-05-15,391567.9077425868,721729.3249782427,541783.4515585994,266059.3676083174,181625.7346612018
2012-05-16,393553.5612622747,729222.7470512243,544361.7562321699,267270.2315683529,182538.48562363355
2012-05-17,390086.58233218803,717055.5037820592,537178.4948118431,263689.289463807,180773.4795653658
2012-05-18,389876.06031205534,715464.6140808795,536371.0911827863,263660.7032118,181012.81457588612
2012-05-21,391826.0291451196,722494.7979146244,539777.6050283094,265332.43505770044,181941.5073125507
2012-05-22,396282.876395836,738656.8914351495,547437.4671679148,270885.55536055774,185405.25050807785
2012-05-23,391100.8139059533,719258.703727097,535962.7472351308,263012.61822654086,181288.23535614126
2012-05-24,393463.86089385353,728182.8937760175,539755.306130604,265445.7473616723,182860.07906192847
2012-05-25,394437.10515056754,732267.6972600963,540613.8750953902,265945.5286218946,183369.6078087924
2012-05-28,395135.9773249375,734654.6010578738,542123.3175463873,265815.10685943795,183082.2094287725
2012-05-29,398565.96795041906,747942.1553979863,547848.2215600463,269707.7778868704,185459.23776899758
2012-05-30,394293.4595583522,731633.8460352939,539444.4032763977,263766.12257934373,182123.3541421092
2012-05-31,395304.9253773771,735516.9997755131,541715.6568104887,264890.4932668458,182647.02915990498
2012-06-01,389073.2164755384,711461.0520316388,529980.3116690269,257857.02432761126,178785.72258201314
2012-06-04,390510.7628310075,715422.2489099682,533296.6393827074,259306.0568458661,179433.14928849298
2012-06-05,392304.26135061437,722080.8913783852,537865.6813152002,261719.73119647318,180454.87898632072
2012-06-06,400394.0089621346,750993.1938139407,551223.7228839897,269539.310511064,185356.75211980814
2012-06-07,403024.58683233865,760886.2311678305,555974.082907535,271839.7909648064,186608.45273034787
2012-06-08,401446.7807517125,755345.9982792365,553328.5202836547,269655.7845749814,185201.9656617111
2012-06-11,403299.1733256613,762318.8727114907,556825.3479446718,270426.7192659499,185416.77508721984
2012-06-12,403320.20368393307,762761.147240883,557319.4427584604,270493.26896825765,185285.46451029263
2012-06-13,401123.68005541904,755251.1655060151,553602.0888697917,268277.7554285523,183950.84037079118
2012-06-14,399795.38971929834,750122.4484012587,551970.2002594795,267280.2237168601,183208.03932719165
2012-06-15,403624.8806882437,763578.0663797611,559470.1390368734,272056.74031564716,185807.7499947693
2012-06-18,402928.3122971254,761887.767335835,559506.2329068431,271194.36209904356,184804.30656602734
2012-06-19,407175.30575305904,777195.2928499521,568542.2550424088,276690.6003843043,187704.81333679
2012-06-20,406832.4015150232,774812.4331243171,569149.297075625,276367.78148517315,187176.52298223873
2012-06-21,406383.0303325204,773348.0418542563,569488.8969176644,276050.9081465508,186608.74016027077
2012-06-22,403362.93686383386,761448.6201114375,564960.9724757217,272686.38342547085,184342.9542460222
2012-06-25,398240.37450010155,742820.485191831,556350.0399338807,267287.6328465426,180934.68114371097
2012-06-26,396732.9681102364,737638.7950493306,555000.8224504159,266203.40308021836,179874.72149198133
2012-06-27,400795.3670974064,752327.6140153209,563164.8070110172,270710.65726899164,182267.76856135167
2012-06-28,398477.1505644509,743879.8939825244,560456.2493125671,268953.5117577432,180809.7180665065
2012-06-29,412573.4940122501,795808.9040186146,583750.3388436747,283734.33583819005,190219.56677002643
2012-07-02,416507.56597355445,810004.9982995675,592171.0816771666,288541.9771761929,192693.29223653494
2012-07-03,417877.9138404083,815733.0699186678,595664.6906493241,290243.42486342904,193312.4831745415
2012-07-04,417841.4731599268,815793.1710461087,595932.5785050815,290284.779125912,193230.00472188173
2012-07-05,415552.2158312956,807773.7888077373,592650.7782265642,286955.6810479811,190857.858394401
2012-07-06,410255.5394860599,789242.4794962063,583790.7044295651,281152.56141311873,187133.5336512028
2012-07-09,408829.1468120162,783488.9979211309,582167.8695633641,280079.0578127332,186267.08758479473
2012-07-10,410507.4024623847,789361.7548326576,585343.9681198134,281520.27683080675,186994.39171137978
2012-07-11,407627.1963986561,777804.0845589068,580885.189162995,278453.78904085804,185018.22735358073
2012-07-12,404493.28804827883,765938.6435317101,576211.1450118248,275981.1409455568,183357.28377685425
2012-07-13,408347.60520620114,781283.1688309804,583309.086822645,279643.6743150375,185347.50910296472
2012-07-16,408263.0341903008,781013.6894283536,583815.6521526185,279818.7140949699,185225.40182863685
2012-07-17,408117.71573270264,780729.2176118931,584002.0689125719,279743.3700695617,184996.46326931688
2012-07-18,413333.5974098661,800970.8629206445,592720.3475439314,285011.4876596269,188232.4052402959
2012-07-19,415971.8130056785,811248.7525555899,597427.4339646873,287342.6408120395,189526.6251597705
2012-07-20,408674.9958388769,785369.9842809052,585042.1991379522,282040.55187076924,186292.15636608397
2012-07-23,401035.2961297227,757286.737921876,571167.5712700716,272946.0316749532,180887.59145790662
2012-07-24,399102.2855908088,749926.0949858351,567361.1919263159,270895.75896185415,179744.98323692483
2012-07-25,399862.18122416106,752694.3117175031,568654.9243195783,271494.80197864905,180104.4611392758
2012-07-26,411284.1424767632,795185.6602101778,587297.7035218885,283844.2160416748,188115.26538780433
2012-07-27,416420.14286562416,813929.5008035857,596431.0252653505,291156.46807154,192691.16537401226
2012-07-30,419176.6468229468,823295.5005134934,601589.4705938121,294477.6113676204,194684.0287153892
2012-07-31,417315.37343421305,816431.9483157025,597747.2440088938,290876.0573407589,192509.95474858253
2012-08-01,419856.7711490545,825643.0723695003,601959.4083501878,295307.62188715924,195447.21846207159
2012-08-02,415169.089474115,808074.428857636,592593.7638061489,287442.95309032913,190750.97121820162
2012-08-03,423532.69455764035,839491.3878378713,607120.7012815317,301827.2779634323,200067.71168170383
2012-08-06,426156.8212138356,848568.2087521761,612025.7104830684,305003.0555402693,201982.94247246272
2012-08-07,428340.22283227614,856695.6497768069,616380.8415613464,309510.1996678317,204740.98925800886
2012-08-08,428297.38426934095,856357.2194848476,616284.309678002,307315.41331231757,203239.9331594749
2012-08-09,429569.408138376,861079.0246601981,619099.0095223838,310727.3893064402,205289.93642490523
2012-08-10,429294.3027454503,859772.6121184998,618823.2390475756,308839.24003060214,203962.49252169993
2012-08-13,430345.0842276773,863323.0013326941,620548.3927711148,308007.3444021083,203323.17086230987
2012-08-14,431383.9409422284,867323.9788812952,622635.5890686281,310079.69357063103,204555.90773780056
2012-08-15,431516.1375524589,867713.1711493173,622916.0229825571,309736.67504630925,204276.48824521044
2012-08-16,431904.4807641688,869263.9481160896,623912.3559055602,311347.130007289,205270.8135468609
2012-08-17,432244.8146117242,870750.267787547,622201.3953219553,312503.71535684256,205939.3185543389
2012-08-20,432831.58373901236,873483.3947132797,623211.978264448,312400.93879685266,205753.1941594763
2012-08-21,436213.3694073582,885163.850482747,628633.8114400406,315814.85231582646,207928.12505835365
2012-08-22,431729.668564994,867290.2489631089,621905.285731793,311171.37539878674,204933.4776618568
2012-08-23,428660.052424962,855526.3732581077,617156.434600334,307961.74317611783,202863.01640618386
2012-08-24,428901.0898326154,857202.6032310781,617465.195007168,307958.71685650275,202839.29333106187
2012-08-27,432614.9039983326,870670.7303727212,623004.7275122224,310895.71868981014,204752.80927368824
2012-08-28,429748.3837812368,859467.2267542164,618398.2987934242,308052.08659066557,203001.36804929178
2012-08-29,429005.8764681987,856696.6936296646,617113.6663886879,307204.0440418331,202523.6190270372
2012-08-30,424627.70075856755,840078.9761922563,610096.9617504646,303175.3135190129,200033.565752078
2012-08-31,429361.8351816916,857471.5108899307,616978.7628038316,306953.192542698,202531.73613623704
2012-09-03,433924.9198949164,874662.4191713206,624265.9836315966,310679.11959210003,204774.9564563183
2012-09-04,428174.2239806839,852238.1265439398,614762.1351460561,305355.1228413165,201635.2632503409
2012-09-05,429776.0370027689,857759.6204172849,616631.9741544939,306392.60955376294,202484.09272009274
2012-09-06,441346.8279661316,901307.6934006453,633610.7940344609,316390.85120129824,209125.42212537274
2012-09-07,442160.4641889622,902833.9680720498,634742.5161998711,316939.3169305447,209545.3985956996
2012-09-10,441019.34873387887,897660.5588427488,632813.6152372266,315115.91357706685,208430.12209466108
2012-09-11,443675.3575562263,907818.26641356,636732.3113984393,317603.6371456966,210091.12433681398
2012-09-12,442695.2307736255,903031.0750276796,634102.8185047462,316372.6449847505,209647.6879880064
2012-09-13,436578.5137004938,880072.8211309275,621836.9229680949,309289.85955879494,205955.60571638355
2012-09-14,444425.7839515167,909165.3737554922,633693.1179148569,316546.3631159593,210678.8236677469
2012-09-17,443433.03655096766,904415.8410415836,632570.9458886045,315045.6112683944,209595.65952136373
2012-09-18,439704.5052201901,891024.8096761508,626724.7921144379,311052.86206466955,207025.72730314394
2012-09-19,441582.2636986763,899093.5980821336,629873.8018841547,312498.88727109315,207868.55723123226
2012-09-20,439872.6874629647,892439.3113672014,627711.9724066077,311030.9282694545,206762.95479270993
2012-09-21,440197.5244649629,892418.5352536652,628250.1286733939,311598.7743550564,207095.2940209732
2012-09-24,439129.7663158035,888846.0786844611,626378.7138669826,309372.8645885316,205654.4813830006
2012-09-25,441218.95635913877,896364.8097572888,629906.8240567034,311231.19387668517,206747.28376425858
2012-09-26,432008.6093420406,862749.6357495569,614965.4479454256,302208.07946737733,201131.986494016
2012-09-27,434791.5588100274,872719.7244651892,619891.0291483005,304776.2071008382,202548.79644332075
2012-09-28,425973.7783936287,839463.7047453077,606092.4778012354,297118.92313351604,197733.75658905416
2012-10-01,435497.2537825377,875000.4871478603,620899.0429087116,304913.8529377885,202637.83392463063
2012-10-02,434017.0248777937,869789.4447517571,619351.7321699695,303896.551849941,201758.528754174
2012-10-03,432567.88971514173,863590.1165792324,617686.8346957545,302786.1398749642,200857.11808564083
2012-10-04,432431.99013181863,862562.3770237123,618173.16400524,302916.4182770727,200721.5915341731
2012-10-05,439954.98030024755,889724.0407218229,629721.6925697101,309200.4745176851,204776.69376341975
2012-10-08,434705.7963292433,869647.8962720422,621404.4383162358,304322.7741808472,201701.9540085405
2012-10-09,431564.49872029334,858100.3640507902,616678.2510641172,301777.1392209399,200077.3661518743
2012-10-10,429491.4947613783,850404.0082085,613756.1274365104,300775.1318868562,199421.41471671578
2012-10-11,435343.701951111,872999.4333911346,622367.702663352,304907.1288477844,202143.97847538383
2012-10-12,432927.56320790586,863113.5535014798,617833.4802811658,302341.5124063416,200755.7043247716
2012-10-15,436651.00875569356,877127.616668904,623694.2040684461,305112.881853387,202462.27790697553
2012-10-16,448308.3333045149,920964.9772511703,640833.2092190842,313620.88930199604,208103.27021598903
2012-10-17,453644.3851364872,939663.2798011926,649280.2955284476,317754.3532220021,210716.29728343018
2012-10-18,454115.0385786584,940605.2470137136,650122.5331513373,318002.4660292083,210817.39784521473
2012-10-19,448063.23655967874,918402.1961709281,640817.9116308603,313794.1739028841,208117.7540399618
2012-10-22,446809.69540197175,912556.6809934865,638732.281183785,311514.60038502206,206652.7161093164
2012-10-23,438832.3159094502,881927.7081341435,625602.6353237218,303536.0075052149,201725.43704997675
2012-10-24,441202.76981712534,891055.7199973345,629980.4385767133,305762.0050379411,202951.5656770442
2012-10-25,440786.4037454693,889743.6744273633,629614.2122748751,305239.62887860625,202509.79528535326
2012-10-26,443714.54693388176,901975.4733043312,634432.4614529248,307871.2613193617,204102.28304957374
2012-10-29,441946.8724379213,895097.3843874387,632179.9291238883,305948.918667974,202685.08586100893
2012-10-30,446585.7702406791,913081.8087542579,639849.4067747663,310041.8530556354,205153.07885355368
2012-10-31,444131.4767537536,903349.958438939,636504.3475433599,307872.5896368646,203601.69869112168
2012-11-01,449139.16724551865,922663.296071284,644423.3425025706,312112.4982097323,206249.9679173274
2012-11-02,451201.690672636,930468.740700373,647788.1872811244,313816.0743381316,207256.46537197125
2012-11-05,447169.5523816996,914350.1656253377,641442.013207442,309851.7546398632,204709.15223056232
2012-11-06,450618.6115800172,927122.2788633921,646887.9894869183,312577.5558811426,206412.3178999423
2012-11-07,442825.0075523588,896075.1085541636,634484.8552752903,306108.6336868505,202379.95019339246
2012-11-08,441232.9617072678,889596.5203103326,631399.0999464802,304524.13255501457,201488.29121681998
2012-11-09,442995.6148850262,898142.9333098673,634588.9937170905,306104.42480869876,202285.68656989167
2012-11-12,442297.26880984684,894936.2377094241,634131.4628971174,305785.28225277795,201899.61722836757
2012-11-13,445066.89220774523,904695.8758092381,638821.2516574226,308057.9951194662,203242.65903411293
2012-11-14,440180.9282417484,885710.642733498,631540.9773534102,304514.49603620963,200881.8694694142
2012-11-15,438114.94125519064,877440.1933418122,628123.0061099571,302859.01972941094,199867.40347306448
2012-11-16,432943.0909470308,858615.0343692102,620619.0491163686,299611.82428338594,197630.52039192602
2012-11-19,441417.1747159721,890045.7599476555,633934.3711851224,309310.8455720243,203899.60658506662
2012-11-20,443396.915412655,897444.1011634887,637439.3912226886,311200.32623630844,204972.7218115551
2012-11-21,444623.2353936719,901291.2163508504,639673.1825811716,312188.67605912377,205519.6673614492
2012-11-22,445902.04131726787,905763.6984908107,641722.1796340153,313382.41535649734,206274.46255741038
2012-11-23,448131.8447482805,913952.4821541195,645304.2123365218,315966.0905720676,207909.37949071993
2012-11-26,447595.0936072871,911813.1122762035,644504.1862431479,313687.3362286656,206329.21179155118
2012-11-27,447776.1591910178,911745.1551045518,644878.542365122,313382.13899237924,206083.72675445589
2012-11-28,449581.776254861,918868.8352419975,648155.5031936695,315061.627996818,207030.16391750713
2012-11-29,452991.35568778083,931379.0497908039,653964.227427345,319348.5786910558,209729.7451777002
2012-11-30,453758.4978780668,934025.2594510049,655612.9224625415,319851.46815900604,209950.63028621895
2012-12-03,455852.8555238503,942095.7535315864,659155.7847575612,321207.70042663015,210729.8961312363
2012-12-04,457313.47864041175,947140.4295005602,661635.0722783185,322624.6111904265,211602.54620758284
2012-12-05,458534.0302972342,951646.8184403777,663808.9460334823,323644.41085027036,212202.41389759292
2012-12-06,461521.52068008,963101.0521747469,668477.9291547891,328470.2957461674,215499.36884452222
2012-12-07,461960.1205050915,964392.1466140006,669306.3547747325,328815.11175550154,215689.85808137886
2012-12-10,463491.09532630787,970633.1552386377,671715.5470507222,329181.1106322033,215848.6915049159
2012-12-11,464953.78318607336,976468.0572960092,674308.0380347435,331365.75548332266,217156.28143327546
2012-12-12,465199.2053573353,977227.3306968458,674701.3037851016,330928.79958588653,216862.9669192274
2012-12-13,465404.772270774,977863.9772167874,674923.0741744502,330277.028899936,216449.12751826367
2012-12-14,465797.38542360254,978888.6828994578,675371.5304382745,330382.3698498008,216572.12399995024
2012-12-17,466903.4949920136,982678.7878856353,677122.2925607362,330506.3097813607,216615.03671742918
2012-12-18,467307.9710485612,983870.6466584292,677923.4462516395,332059.5517075572,217632.83486354988
2012-12-19,468391.0286862418,988039.3309515677,679671.846442242,334137.4059728151,219020.29262249795
2012-12-20,469377.0457499258,991766.6981777042,681092.9096679107,334741.88221695594,219441.32600561925
2012-12-21,469605.5769307167,992738.0098449815,678411.6605669992,334670.0978514948,219363.07856792974
2012-12-24,468709.36077121604,989189.3625354305,677108.9668518376,333039.8936126326,218273.45022732439
2012-12-25,469009.6687988275,990212.3644359568,677617.0439295446,333039.8700755992,218246.49136082103
2012-12-26,469329.3434564701,991316.3111804351,678029.8083985526,333039.7810981303,218261.94104745463
2012-12-27,471872.31566101965,1000994.798997827,681688.0943241619,335336.5869485703,219812.64130423573
2012-12-28,465831.5968892189,978362.2556737851,672528.7244514931,329847.23972476163,216227.99208778996
2012-12-31,468693.8061547126,988957.2691363378,676831.569854099,331902.1955209884,217574.5710381388
2013-01-01,468935.67410471675,989767.4864685038,677255.2525069871,331902.03145391523,217547.8324429681
2013-01-02,477624.57267787075,1021944.2053382667,690323.2939769375,340608.3517100925,223298.2645786775
2013-01-03,476940.937284471,1018841.9277669477,689425.3611734677,339471.4253882289,222519.84826101645
2013-01-04,478873.90871063946,1026249.8620356872,692468.7517258355,340941.11757369776,223438.49091625056
2013-01-07,477867.238452344,1020360.091020545,691085.7779522495,339230.1645564181,222285.46993988956
2013-01-08,478107.47730839474,1021436.9489669632,691581.2228258766,339077.29984065075,222114.29328550788
2013-01-09,479989.2914875195,1028435.4126694024,694575.2300993016,340989.80424023286,223368.67761736023
2013-01-10,477528.30712185934,1018692.1738289918,691055.0052572825,338684.71138987475,221808.97318709668
2013-01-11,479204.4675522803,1024275.6600242188,693554.0229134806,340014.9973414622,222683.9508670816
2013-01-14,479395.5262761119,1025077.989904108,694036.1301280953,339512.4565305911,222283.71043031628
2013-01-15,477684.1101619423,1020265.4736472592,691570.6936482799,338038.65971759096,221235.53490237
2013-01-16,479254.40531920554,1026999.4470440288,693988.8068604436,339274.2864954237,222010.72706187013
2013-01-17,484018.3437786008,1043235.7795569528,701094.8731443918,343902.1379115207,225148.10462962234
2013-01-18,482200.0339682361,1035200.1666126082,698219.9670774896,343828.0523789668,225126.7543898032
2013-01-21,476125.49985753646,1006956.5917005514,700575.4691715449,344827.61341937707,222578.7075537148
2013-01-22,475699.7728856901,1002758.297461761,700912.0901751374,344685.5090241812,222270.1665268421
2013-01-23,474293.6946459592,997149.9677461894,699163.9585119846,343391.5814762796,221245.26355577004
2013-01-24,475863.40382446366,1005428.9620587729,702998.0027207733,345487.75284570636,222081.51277013947
2013-01-25,477929.7662895733,1016362.3455105119,707584.2494245535,348182.2484380304,223269.43037077322
2013-01-28,478844.5688533354,1017515.3649655902,710006.3547254114,349637.65447399725,223877.07902997374
2013-01-29,479006.20256899804,1020093.4973102609,711102.9735658064,350054.05699629255,223701.8576413176
2013-01-30,477091.6859977182,1012323.6860592148,708891.2044560097,348514.6801060423,222455.5183520555
2013-01-31,474632.5948282543,996641.5885355896,704985.147646493,345453.72791984206,220913.67857912197
2013-02-01,478954.6885104302,1020147.7419723774,711161.5454445644,349609.721664867,223448.8662056783
2013-02-04,469476.58700409695,966956.6715750532,691423.8612737709,338137.76871444547,218138.10398389836
2013-02-05,474089.6328276761,992638.888558826,698462.2795126892,342033.99460302654,220382.23988770356
2013-02-06,467858.37682339444,958127.649042024,686187.4112710992,335475.9068156842,217277.91328324075
2013-02-07,464268.02401192504,935760.4754634501,678496.7432334421,331590.83352026506,215642.2149502301
2013-02-08,469416.2633404141,964718.6031601287,687172.8190683547,335796.83202286746,217988.82281266418
2013-02-11,469249.1596711455,964258.1703033729,686772.2015309737,335367.28031922574,217845.83590292677
2013-02-12,475717.53930716304,999276.4098725695,696277.4498267776,340584.10217750515,220855.03363512643
2013-02-13,477440.93127441796,1008546.645590523,698758.8234791339,341855.3268731221,221654.8852169368
2013-02-14,474312.7754627437,989339.9296145088,693760.5032905323,338966.4158652133,220160.71605639075
2013-02-15,471870.8051889099,975783.2013755587,689449.8480279569,336994.98579140217,219284.8181109647
2013-02-18,472394.619203072,977426.942270882,690500.3939666114,337173.2991825835,219315.3629521373
2013-02-19,476826.09805471177,1001761.5348001748,698346.5424924681,342910.2325468226,222623.90074426887
2013-02-20,475995.77672243136,997063.6891728538,695213.2100183878,340517.9993067722,221682.34686822954
2013-02-21,471959.7752424015,976235.4464848354,684804.3069049361,333796.02241732646,218691.07687791876
2013-02-22,478491.8701237956,1011838.8726618631,696134.7075430264,342548.08627991576,223829.4037218156
2013-02-25,480259.91137394914,1022000.9752988522,698824.931144304,343480.82762611896,224365.86786012293
2013-02-26,474385.9754933991,991379.4003047534,684406.6609690181,333574.7322090195,219752.36103020003
2013-02-27,479523.0598026261,1016682.2692783182,694311.8059187598,341023.657391849,223941.9257902664
2013-02-28,481471.8751531501,1026333.6464618642,698440.9613601759,344979.6562604037,226206.79964146295
2013-03-01,480375.0170601576,1021492.0957872071,696992.1517505384,343611.49676145514,225242.38700935754
2013-03-04,481081.8019976291,1024474.9019343194,699486.8452709324,344732.68653448555,225555.18007103758
2013-03-05,485461.7255796528,1047568.1121360374,708600.9766406949,350945.0138665512,228710.6119627023
2013-03-06,484802.3796897084,1044311.4898687619,707829.4669087842,349493.4915120754,227698.69384290007
2013-03-07,485645.8381480778,1049298.2978645687,710206.0948722294,351874.6981216602,228893.80029896877
2013-03-08,488783.1702532917,1064293.6335702133,716716.608543461,356087.52013605164,231029.145179187
2013-03-11,489674.64276617306,1068824.455949064,718970.1407355202,356395.374112897,230950.76591725947
2013-03-12,489797.5007317398,1069561.870627041,719822.5128857163,357213.30842818395,231298.90347614425
2013-03-13,489602.4157670891,1068835.8866059324,720214.8983243336,358090.03946147586,231676.45595133424
2013-03-14,490192.97302035405,1071608.6052430107,722518.7229580377,360391.9235344902,232727.51417506483
2013-03-15,489311.763030517,1067061.3252335007,718480.9205197103,358394.55860859796,231548.90710008456
2013-03-18,488454.0872767852,1062917.413726815,716935.0727586696,356617.30051750486,230494.59557429247
2013-03-19,484613.3025921121,1043741.9537044951,708953.6857201407,351564.2691591846,227986.47345694047
2013-03-20,488127.8949577304,1064286.8333558333,715971.8249208457,356270.27273847157,230457.66645816676
2013-03-21,482996.18614607694,1037672.6949631069,706579.6243709236,350273.0131419915,227247.23366235843
2013-03-22,482904.1845659277,1035397.0581797987,706277.4699845494,349843.65666510555,226956.94399077064
2013-03-25,481200.99699064385,1026069.7249211085,702536.7536492094,347396.7824789286,225728.22375975986
2013-03-26,482598.25959461776,1035233.4319571621,706577.5877835781,349576.8576796712,226560.34072763557
2013-03-27,478749.2878453773,1018758.4406498414,700621.9943678256,346165.04181738204,224541.59704037505
2013-03-28,480798.0717016253,1030183.2778615716,704107.94226296,348492.7000249118,225876.72098106268
2013-03-29,480750.64172304265,1029855.9686684358,704406.3799256637,348492.6509718361,225757.1836552058
2013-04-01,480949.52269701794,1030643.5590927615,705042.417951507,348492.3509707635,225643.83377031665
2013-04-02,489100.20236136654,1071317.2500747878,718053.469697416,356301.6747968372,230225.01164941094
2013-04-03,485017.03053915274,1051578.077435503,710360.1428964229,351914.60504223773,227984.58032411922
2013-04-04,481698.02753665525,1036614.277524602,704578.5288821639,348249.2413115256,226012.476249819
2013-04-05,476080.127183611,1007680.0137091158,693785.459399563,342230.59805003775,223035.8989325544
2013-04-08,477386.8655420702,1013602.7774284941,695571.3772300812,343197.2138361523,223646.13923184408
2013-04-09,476212.730656661,1009748.2137122336,694150.2559646921,342270.9287297012,223082.83704987858
2013-04-10,485326.8221945885,1054834.2523714001,708947.4966153924,350032.8952257793,227582.77622113435
2013-04-11,487495.95741825737,1065757.284342977,713249.6833900452,352301.08031723445,228707.81221607546
2013-04-12,482046.6000590623,1038357.9706527856,703429.7563577034,346999.8169760179,225924.54831241834
2013-04-15,480553.55641108647,1030065.1801052244,700326.111820998,345798.9595708971,225468.17194351286
2013-04-16,476645.5392438913,1008871.7836461656,693669.8577528795,342437.6023541778,223641.7217732554
2013-04-17,472003.21341875807,977893.199002982,681142.8462562471,335457.4410831995,220736.87888456273
2013-04-18,471015.2768266571,974177.1856751781,680608.9373885153,335154.6560734316,220262.46304506515
2013-04-19,476442.92093822005,1001754.9770459336,689489.0862532231,340262.5395996946,222894.23860053832
2013-04-22,475760.74140320503,998317.2305346522,690069.2018185103,339611.17949960695,221976.12628198424
2013-04-23,484882.3432750043,1045255.6999610423,706754.5446747079,352728.7465619461,229404.71847896435
2013-04-24,488127.88115656405,1062299.5171298776,714732.2499201406,359787.05199747183,232948.27838051607
2013-04-25,487459.7098803281,1058628.9059153823,714905.6562781286,359583.1573169923,232451.60923486683
2013-04-26,486582.1213609263,1055275.6363985334,714382.011752404,358580.6619066914,231569.25691700363
2013-04-29,489441.63796589087,1070448.2147622285,721131.538976428,363628.7225375907,234011.26046584678
2013-04-30,489558.34721236204,1070377.721847353,721952.6696102903,362768.83682503615,233213.82179353875
2013-05-01,489660.3469234632,1070599.8242636893,723020.1018127523,362768.81187888066,232916.34543491836
2013-05-02,490261.46070692124,1072538.327534953,725773.6216572834,364203.3284359055,233241.43320627208
2013-05-03,492168.01368564065,1081667.666729592,731129.9164509493,370058.0595093168,236217.10814352377
2013-05-06,492614.47301884217,1083494.852497561,733098.3695755348,369745.15291160543,235581.99031001862
2013-05-07,492594.45103714097,1082773.5827808671,734439.8779353945,370848.7115047384,235878.29215056848
2013-05-08,493676.30771754676,1087069.2619276321,737314.7763994007,373902.51840312744,237422.83002335837
2013-05-09,493749.4855080276,1087043.2467247022,737277.2419928975,372283.3476019045,236400.1799025031
2013-05-10,494734.0555773299,1091446.627818273,739862.2665061713,376359.0569127108,238687.0842426691
2013-05-13,495275.7436566552,1094214.0482399375,740783.4208666995,374789.3859442845,237624.512617342
2013-05-14,496670.2000265574,1099036.0836943665,743993.2050703809,378915.51486856036,239875.49950139338
2013-05-15,497133.1079617265,1100498.2732300814,745209.9624663786,381262.5108642602,241228.43254649942
2013-05-16,497354.3206663777,1101335.5456328753,745971.1401384008,382702.4867428795,242020.35033218513
2013-05-17,496336.88179162296,1096086.179733657,741971.7307286903,384838.02281156054,243067.35111531665
2013-05-20,497871.4346787144,1103725.8683053846,744597.5435177956,386065.7722223723,243686.19027731437
2013-05-21,499883.94218134164,1115031.320505442,747924.5037345333,388153.9747106077,244868.5970976502
2013-05-22,501218.4093646854,1120584.5374674655,749862.4096291024,389475.3634579563,245706.66459896803
2013-05-23,493633.59109641507,1081453.785821478,736869.3014358854,380840.17124854313,240988.47198979766
2013-05-24,494412.3322571627,1085340.5242505507,737827.1001855173,381110.7058669933,241177.42947320297
2013-05-27,498156.3500238152,1104790.1639517813,744212.5862736008,384730.3778987849,243136.69341276318
2013-05-28,504445.5285239606,1136238.7495102016,753421.7346837975,391373.64404960885,247239.3085659809
2013-05-29,500051.08858790586,1110338.8506983847,745176.300775614,385850.44374255964,244348.0279964425
2013-05-30,503581.8730585694,1129176.6945134287,750500.3598005548,389662.77598299034,246654.4853660928
2013-05-31,501797.9703937318,1116632.520190699,746774.5722767453,387405.6420513764,245576.89469617733
2013-06-03,499379.5405897035,1105033.6843414647,742761.8845439819,384199.5292867035,243736.0180369096
2013-06-04,500106.6422708477,1107814.9497789051,743319.5424296912,384519.86335052457,244096.57612059056
2013-06-05,493151.37285242026,1070398.2880041176,730867.2361303382,376739.65589309495,240028.62603759568
2013-06-06,488933.2410122384,1048916.0755800838,723500.7335450236,372387.354107084,237726.8934329131
2013-06-07,497813.4619045489,1093012.8424003583,736831.609230149,380730.8671316762,242734.00377379538
2013-06-10,497142.6697732229,1089835.324093407,735845.8644358922,379558.51216029713,241985.68119432277
2013-06-11,491337.09244014125,1059534.7791360784,725786.3313840174,373569.3501776197,238816.60217985656
2013-06-12,491212.12566653447,1055858.959367917,724537.7488834347,372632.65041254705,238564.09658771445
2013-06-13,491051.0157027746,1052966.677540495,724282.9785097622,372404.5381276371,238435.7119071193
2013-06-14,491090.47294301813,1053074.455019418,724614.5903955728,372461.4935686997,238385.1808447422
2013-06-17,498014.94225453073,1091036.5075478805,735712.8925854514,378339.40182798204,241708.54047247546
2013-06-18,498074.5884878516,1089924.7408088008,735849.4696756119,378411.85544456344,241720.760460945
2013-06-19,494026.1400871976,1071280.1158263546,729779.782523959,374863.2681537975,239608.73376881727
2013-06-20,480503.28654790757,998413.137703453,705132.7377974548,361929.4996451858,233218.44475748975
2013-06-21,473997.9826886729,964456.852884635,694808.0982580361,356994.7581807573,230498.8746602604
2013-06-24,468622.1482764625,938718.6972593293,687767.6463671796,351687.4186558198,227016.56779572085
2013-06-25,474160.3805829454,969362.6575853071,698523.346132744,358948.2279271978,230845.3750290464
2013-06-26,479696.8522583339,999317.5646598402,709504.6746398221,366857.3930982741,235014.0359657457
2013-06-27,481371.353552133,1008890.4206880446,714014.1585664995,369943.3234351669,236319.17706564284
2013-06-28,479788.61793906277,1000275.0624279571,711785.7590561832,367453.1534142488,234634.93138889063
2013-07-01,482905.757462599,1016686.8128827524,718428.5613203254,371311.25368895626,236360.91257527276
2013-07-02,480819.3057127777,1005238.631901214,715219.792615055,367953.83419433935,234207.66478547716
2013-07-03,477655.56287539937,988738.8092791681,710064.0332850384,363799.2608358336,231654.49289763384
2013-07-04,485405.7875285668,1028267.6732211368,723862.3290372442,374647.48804014944,237955.68822947718
2013-07-05,482036.35369042656,1009214.2677661803,717915.9080845207,368848.56036323647,234502.60492870738
2013-07-08,487847.82027942623,1040577.8584073769,729214.5744703742,376929.60511993594,238724.7052802716
2013-07-09,488889.91495712276,1046587.2645893922,731578.1748744085,378173.37592452875,239202.18815312922
2013-07-10,489016.9779965473,1046971.349765241,732382.620149635,378492.53267945955,239108.87209533135
2013-07-11,489786.82077115704,1052055.3587743333,734883.3541673565,380650.15340752987,239988.2699845415
2013-07-12,488686.6007575308,1045628.4189851289,733492.7192357288,378275.78917377867,238356.72519100766
2013-07-15,490488.90733627736,1054219.6964117729,737687.0594126148,380252.667202335,239144.45696292902
2013-07-16,488597.4230686368,1044655.9522244927,734254.4506724055,376557.0117270005,236918.53010876328
2013-07-17,490869.1182855077,1056233.7839087686,738537.5351329056,379301.1864179722,238259.54456671083
2013-07-18,494050.8517272822,1071563.3637015696,744806.3102947649,384095.7467121099,240880.30955269985
2013-07-19,493522.0649052935,1068809.7975796296,742771.8259789146,384559.4515672434,240885.03577928865
2013-07-22,494242.41051473044,1071588.3516079735,744503.927946716,385143.9486274552,241037.19666368267
2013-07-23,491878.4725881468,1057706.673543645,740811.8858506657,382317.5331467943,239337.59173990975
2013-07-24,495455.1444924829,1076798.154786074,746859.5945345977,386384.30636980117,241619.2933839683
2013-07-25,495607.495642457,1075947.1698594317,747286.9794374405,386805.10993685614,241844.12897381792
2013-07-26,498074.11750160495,1091958.934248303,751346.4117266791,389526.38063301117,243420.76633472356
2013-07-29,497904.52419839805,1088937.6341358926,750910.2397494925,388726.5723496251,242986.3328796795
2013-07-30,500824.44627090055,1107727.9063815386,755272.8409354292,391331.63538126065,244572.85091929327
2013-07-31,502375.7658999065,1115654.6033397692,757582.2172137375,393116.4652114953,245684.52546009416
2013-08-01,505223.78371648514,1132389.4194388166,761722.346935788,397568.46409249,248419.98351898912
2013-08-02,505537.89061948133,1133304.6773371908,762081.6509512785,397058.7243925701,248087.96128106007
2013-08-05,506814.12231446756,1138851.283543921,763974.9853432007,397096.94224933616,248081.768466963
2013-08-06,506873.1698713166,1138733.8606635246,763917.7638721975,396533.30726127105,247803.26418085897
2013-08-07,507364.5846031395,1140974.0137708434,764590.0984580324,396832.57597853057,248030.82074288256
2013-08-08,509406.00184224965,1151634.8314134309,767702.13926502,399171.10026772704,249461.5278655041
2013-08-09,510207.94851069455,1156048.4345364233,768644.0429052489,399503.356901925,249738.03082734288
2013-08-12,511467.96748296835,1162375.3918217728,769878.1814686824,398905.176536851,249484.87251122348
2013-08-13,513723.74693074595,1175902.8033196065,773107.8384849335,400281.1372334864,250355.75016544329
2013-08-14,515753.1365673671,1187117.4978604645,776158.6821365042,402796.6522873692,251902.95498774495
2013-08-15,515868.0652002628,1187566.1860076874,775661.380549401,401522.3190323067,251272.92413706047
2013-08-16,517097.7954502681,1196216.294035025,775538.2997397729,405089.28077757347,253445.46890503322
2013-08-19,514050.57706668193,1176028.6548377685,770037.0018039001,400860.592522748,251171.3671440177
2013-08-20,508842.00871752447,1149538.5890255617,761112.7804880118,395183.291595058,248102.7182875004
2013-08-21,507017.2719629908,1140695.631906013,757519.4301794054,392945.49563167675,247000.98175255983
2013-08-22,511924.9046773643,1167103.5517884453,764910.4899360905,397556.43615484005,249768.84790504005
2013-08-23,513172.93499414314,1173541.1099434567,766606.0380061107,398617.46591817524,250418.54813408374
2013-08-26,513469.3404498997,1176763.8828651973,767238.9259425434,398492.1098252559,250342.219675612
2013-08-27,504350.1707366291,1128065.3848399885,750746.0763881928,388801.46162834484,245348.24149347973
2013-08-28,502231.67723294086,1116613.792997994,746554.8482931317,386718.49567794945,244350.691268174
2013-08-29,505075.2234185715,1130417.2051607568,751068.3260941051,389016.15554508375,245649.9775393044
2013-08-30,501580.6257397677,1111860.240292408,744240.0949609849,385151.21888380963,243839.70350423988
2013-09-02,511015.4806126123,1161938.9389079774,759407.1699131179,393540.9940436852,248604.17085260226
2013-09-03,508192.6877118626,1146339.7187073294,753848.8481864138,390178.68767065613,246942.0391690265
2013-09-04,509421.8315297374,1152026.977206496,755811.4321317432,391089.22615794186,247437.82147714216
2013-09-05,511397.99066310225,1161410.8123922467,758818.1191026812,392767.46704783355,248436.35514002843
2013-09-06,517231.53352808533,1192925.4682028908,768051.5195581662,397972.1384328128,251441.03939762284
2013-09-09,517166.1340079244,1191230.3213017134,767789.0691311085,397263.6046481255,250997.59069098803
2013-09-10,524875.4278461402,1232042.0438126507,779980.488915207,404399.1582859607,255113.05364706888
2013-09-11,524231.19312566734,1228792.6810780496,779290.7662325995,403613.1110581799,254537.13798242764
2013-09-12,521592.793455328,1214921.9962828436,774906.5200073549,400980.8290553531,253034.72162743605
2013-09-13,521472.07069157425,1215399.2652665374,775086.2711157459,401082.2107516189,252971.1261982388
2013-09-16,526648.0660567761,1242979.639311951,783369.8935214201,405644.64220878104,255542.26845385472
2013-09-17,525721.61429171,1237115.5417081718,782838.2503482216,404921.4960919846,254875.1485318396
2013-09-18,529857.7408606295,1258745.4939194948,789808.623908369,408939.0356055512,257073.80336012712
2013-09-19,533202.2127716705,1279979.5048443878,795937.7827890727,412321.2164133291,258843.23427190154
2013-09-20,532048.231690671,1275477.5735855096,794732.3935016701,411110.04946233623,257860.402123048
2013-09-23,530160.4381854604,1264899.8181864484,791816.517745232,408218.58670334273,256063.53644833248
2013-09-24,533056.5287240054,1281029.4839496152,796673.0764554725,411681.4428041053,258007.62936776085
2013-09-25,533670.5679191073,1283063.0337980094,797972.4403812903,412149.71105068125,258161.87551464312
2013-09-26,533066.2088432782,1280375.330214881,797229.2070730401,411103.05733204226,257471.8695598182
2013-09-27,533335.8796670514,1281248.1412258495,797766.2101908484,411413.54217106337,257631.0919588135
2013-09-30,529944.3907235194,1263322.779709147,791963.8337776572,406840.85494722915,255058.2895572314
2013-10-01,535674.717982064,1292889.9932181507,801386.8119825061,412619.4613781987,258333.2469740043
2013-10-02,531359.5240066849,1268002.72250605,794017.0127812707,408039.35837365745,255825.8361893281
2013-10-03,529356.56895547,1256693.393048508,790471.0154298476,405635.35293869366,254515.15066766116
2013-10-04,532221.9365368893,1271402.4707402291,795134.3909889773,408578.1461191084,256193.0917321957
2013-10-07,532915.0455174751,1273501.300134485,796136.0216099512,409009.3583204057,256475.6146193148
2013-10-08,529934.9245152632,1257348.4562194084,790722.9478159861,405502.1184303215,254589.13283326675
2013-10-09,529603.9038580764,1253436.6662272536,789157.6303087559,404591.3194817922,254298.5901103072
2013-10-10,538709.480317275,1301185.3860340274,803113.5316356538,413753.28948422155,259799.63745383956
2013-10-11,539295.8380584632,1304117.818739889,804863.5400392456,414435.7806875163,259948.1011592336
2013-10-14,538829.811846656,1299249.6276000058,804477.7216903835,413513.82610685495,259244.65951389584
2013-10-15,540600.1601130328,1308980.5491384245,807764.2039693343,416236.844594608,260725.84384207972
2013-10-16,537060.0717993262,1285986.2949749692,801837.5234695692,413395.27375208965,259182.32441526814
2013-10-17,537040.9136574165,1285763.6464860332,802381.1900564692,413424.23744242336,259005.08518752689
2013-10-18,542011.620914379,1315101.831227713,809182.8544651257,418511.6277691661,261833.22765711302
2013-10-21,540194.3635751659,1304400.1444530983,806904.8149300482,416213.76761967735,260302.51754757878
2013-10-22,542486.6780381605,1316945.2270192646,811351.7103796845,418877.55086757743,261635.14998020986
2013-10-23,539818.9649202792,1302800.1073155815,807735.4765042849,416246.61545509065,259908.56939228254
2013-10-24,542339.9444476193,1313979.6553358864,812020.0865860799,418616.05273033795,261202.4870365057
2013-10-25,542039.8461852825,1314565.4993101824,812193.3442770571,418524.78390577785,260961.32308257348
2013-10-28,539224.0863576354,1301901.4885683623,808734.5588305577,415916.86703582865,259155.49614120543
2013-10-29,542435.0061040156,1316973.270146501,814524.7571005557,418843.0780810149,260584.68094445075
2013-10-30,541451.9444930551,1311469.3078235004,813636.3226107446,418771.1550344282,260416.0990891388
2013-10-31,544963.2820875373,1328238.5362890365,819484.4533534639,422182.545363842,262291.71248443605
2013-11-01,543081.8696368961,1316966.9985527494,817159.5357656862,420323.75628665666,261001.18713551835
2013-11-04,545290.0232415416,1327352.5397070071,821193.693619981,422576.5223819784,262184.28436599136
2013-11-05,540323.4410699877,1300308.9745812633,814129.3066273758,418932.19030624966,259904.2744724355
2013-11-06,543065.5540072256,1314453.7653403226,818926.7764893797,422306.9364554739,261758.5549864766
2013-11-07,541467.4438718188,1304923.6179410517,817037.8661713798,420950.8444461478,260783.79111807077
2013-11-08,539134.8199088,1291291.7001062138,813700.2556001331,418766.42982138135,259416.76323237002
2013-11-11,543694.1778002235,1314218.3052661286,820719.2204639069,422680.3584124657,261697.3494050461
2013-11-12,541036.4652803779,1300153.9483424746,816755.7682202539,419672.4665230991,259850.23084709162
2013-11-13,537311.806367863,1279691.3130502347,811317.9795851911,416364.7661068778,257780.3545820118
2013-11-14,545200.4464741104,1320984.9820652546,823200.5625580426,423088.72529599676,261852.1839836167
2013-11-15,544231.4212141668,1318051.4267508246,821557.782936114,423175.4871475557,261855.25004777857
2013-11-18,548057.8780619306,1338050.43676669,827366.9044731653,426938.88659517694,264129.8561253761
2013-11-19,542418.0304535019,1308001.6379433677,818376.33468867,420769.25135971885,260501.3855118584
2013-11-20,542510.2990891663,1309055.658494305,818526.6988637362,420779.5054645867,260501.50446432756
2013-11-21,541955.1688636155,1304063.3254990873,817316.5933303267,419871.4183158227,260007.23854028166
2013-11-22,544610.7067131858,1317777.7812036136,821476.5421118372,422401.3136063319,261475.6463817645
2013-11-25,548088.9587596537,1336099.9534950454,826918.7333057264,425321.7039133462,263197.79198810365
2013-11-26,546339.7307630627,1326303.4108010777,824106.9417062334,423187.00247266865,261928.8508809353
2013-11-27,549184.2194865972,1340886.587032571,828526.6028838773,425989.85319397465,263603.85209963575
2013-11-28,550586.5328346734,1347596.7994679958,830867.5437232943,427102.4745456043,264214.19687988615
2013-11-29,549133.2599632614,1338589.7319977821,828412.7839379432,425391.4952216812,263219.3601285239
2013-12-02,549870.997044205,1341415.024574237,829438.9848013014,425520.0029172484,263328.84184499027
2013-12-03,538424.8711347377,1279185.9594429205,810505.5812376378,414489.2710438291,257112.07312580253
2013-12-04,535404.8022847433,1262184.9808058983,805609.2242096713,411679.38080943516,255530.03834848572
2013-12-05,527913.3502258784,1221963.9385687073,793529.2752800375,405196.2364199277,251856.92900752267
2013-12-06,533387.4549137206,1249476.519305434,801696.2748365793,409786.47586790065,254652.94937470419
2013-12-09,534807.0266195029,1255759.128508587,803969.4090385411,410798.1828673628,255217.47446621134
2013-12-10,529701.9141413857,1226572.7726938112,795383.0464926824,406185.38837117766,252691.57116977562
2013-12-11,531789.3373734107,1234427.310472215,797911.5811039392,407806.0405148564,253969.7896897554
2013-12-12,530650.8613512425,1226652.3854403116,796007.1635618228,406859.2529838222,253490.12040982046
2013-12-13,531792.8157869386,1229476.516503022,797132.8779026541,407474.6953131668,254005.0992257445
2013-12-16,541842.597439766,1285354.8188925306,812106.2820159689,415430.57476274663,258882.6725572318
2013-12-17,535158.5109915609,1249528.031765057,800884.3167031751,409192.21225864417,255429.242930209
2013-12-18,540224.0777743633,1275982.6000745413,808803.9326845737,413299.4249718956,257800.95977946345
2013-12-19,549821.5839639885,1327354.592786458,823449.2237264217,421028.3508836493,262413.68687118165
2013-12-20,552347.8529616197,1339250.4118156286,827111.8925024996,423207.5590884053,263610.0864157583
2013-12-23,555163.5370225403,1353052.0170516896,831677.7435122235,425398.9150386681,264808.9616147006
2013-12-24,555475.9376882028,1354503.5615063182,832390.378289948,425332.85078391404,264688.9043996346
2013-12-25,555798.1248813471,1355921.7606858506,833150.1938285967,425332.71323295124,264593.7395219269
2013-12-26,556113.2849275784,1357280.1463432282,833973.3230582278,425332.6378934791,264474.2909960491
2013-12-27,561502.4290566235,1388057.377272596,842576.6780064066,431155.0945884145,267891.73365802446
2013-12-30,562160.061429396,1390988.5534604779,843843.463611122,430807.17078825843,267566.2998956485
2013-12-31,563977.1110742999,1401356.719628288,846990.4771845371,432567.8018747103,268516.8374545921
2014-01-01,564349.2585573021,1403110.1715096903,847770.7467953262,432567.70322605985,268439.21992187796
2014-01-02,558773.5893528073,1370727.9558685077,838717.3584639058,426390.6689103038,264874.4934561903
2014-01-03,560581.0071080697,1380914.8753142238,841948.1782732436,428057.1031813592,265744.24058414454
2014-01-06,558366.0968921885,1365548.973378439,838423.829697487,425195.67408958735,264032.158009233
2014-01-07,560690.0711323034,1373183.8189484822,842065.8964065277,427482.9642146302,265353.2107520287
2014-01-08,559149.9530043511,1361762.3414969079,839314.4249696389,426209.42079774383,264690.7254725764
2014-01-09,554640.5445479752,1335060.0820310442,831757.0799580314,421539.13396547764,262031.51545789946
2014-01-10,558670.4294152483,1359764.653022592,838236.1815767823,424784.27760585066,263880.97302191344
2014-01-13,558568.4773369512,1355450.937516033,838552.3864334291,424657.2881525843,263655.4374277883
2014-01-14,558733.6040627678,1356951.6732746968,839223.4200027294,424786.25944062404,263580.7417889322
2014-01-15,565130.1179350219,1390889.7312418863,849481.573109847,430785.5711284988,267069.88861323963
2014-01-16,565776.8592377943,1393829.7241832707,850710.7677850989,430740.9177185474,267000.6264648115
2014-01-17,565325.451287865,1392778.2464741338,850480.806445123,430734.74364002945,266840.56621402944
2014-01-20,565883.3072271448,1396491.3683565734,851534.2313912906,430639.31186371925,266689.3948260164
2014-01-21,567012.4594768202,1402830.6703088994,853524.229151131,431931.5957876956,267422.5947403337
2014-01-22,567006.0951185544,1402779.7186029588,853528.9737166223,431780.31350991374,267322.6955281793
2014-01-23,560959.8308281527,1371425.6349440583,843586.3872163161,425541.0865728603,263703.0043540797
2014-01-24,548667.9586388442,1305887.0023270822,823178.577377039,413999.78728776646,257152.0946648981
2014-01-27,547608.664870974,1297196.9622551298,821558.722949888,412707.2583094257,256376.92001157682
2014-01-28,554600.2178690776,1328587.4625403746,832176.2862117668,418812.46195645287,260098.80854141043
2014-01-29,549755.1145735295,1303011.6703764447,824454.2141519121,414293.61214776454,257426.17952986227
2014-01-30,552502.8420785293,1316484.1326599482,828718.4856261533,416494.08158616367,258709.59767536004
2014-01-31,552032.111054619,1322084.96252237,827595.2816196615,417167.9196618646,259318.2934513372
2014-02-03,544547.9037891554,1285033.8117235731,816114.6385715911,410336.6814831214,255211.41412130115
2014-02-04,546278.6437229982,1291189.721102327,818968.5340101457,411832.6187642363,256031.50000843246
2014-02-05,545434.6465732779,1288718.9229263787,817915.8169970382,411232.3061179197,255567.2589621749
2014-02-06,554065.9149250718,1332648.8130201055,831005.6817039818,419257.50543409545,260437.8551125694
2014-02-07,558788.9595600377,1359895.780172162,838922.3395431027,423492.39032199275,262805.0163945935
2014-02-10,561265.4758960987,1376188.324176797,843456.3968690106,425517.20958469046,263856.4402572816
2014-02-11,566695.5113438235,1402682.6718896886,851871.7998047218,430180.40737263457,266626.9480423999
2014-02-12,567537.9945573444,1407186.937229959,853386.7986439974,430617.0250132172,266781.1778436154
2014-02-13,566600.3632546887,1404065.225744778,852125.3732714514,429476.85961885087,265986.2927914387
2014-02-14,569545.3609538965,1420230.1133429883,857083.8523869602,432169.5876407316,267495.008987833
2014-02-17,568105.2038370214,1412289.5079474642,855044.9984924064,430561.1057611017,266448.0276699299
2014-02-18,568296.7625678307,1412184.3642059362,855628.435013745,430956.2237347474,266600.1637904841
2014-02-19,568278.3022091321,1413707.2037115316,855932.628839756,430877.315596773,266463.4935372404
2014-02-20,569750.002878515,1422894.5079103298,858429.2867632747,432167.28655490436,267163.66010329354
2014-02-21,571034.1596158096,1430233.4920264892,859765.1775528241,434197.3894615795,268315.49997856613
2014-02-24,575039.2698665705,1452310.4327856342,866135.5966270096,437833.3713612878,270425.4099057328
2014-02-25,575108.6855152029,1452607.8067722963,866460.7022335567,437889.64690321253,270403.18079595076
2014-02-26,572958.3814690904,1440378.6374172603,863218.337112742,435486.5805814423,268943.1532036134
2014-02-27,573424.1059802143,1443096.3562385926,864065.1825300495,435676.7451932399,269027.18709855946
2014-02-28,574368.1947987863,1447866.5353332723,865642.1909749046,436346.95108446665,269363.34126467066
2014-03-03,563296.7352688052,1386207.886680811,848029.7740861428,425126.0218991568,262657.61746871244
2014-03-04,574371.0208990573,1446519.5308428444,865331.979179633,436138.41349421546,269350.5309688021
2014-03-05,573339.111694148,1438843.8404961168,863706.9063142831,434610.46349380654,268394.33051074663
2014-03-06,573327.4565280869,1437133.3975271806,863761.2272260707,434303.37678570295,268180.2970844686
2014-03-07,568065.2859134236,1410874.360071816,855693.4434050984,428892.70641825616,264850.6232917263
2014-03-10,568671.151343635,1413825.283295473,856689.624884979,429144.8205541452,264947.5583982493
2014-03-11,566254.5676071522,1400686.4127245143,852900.1688073223,426934.9014304,263608.2545942354
2014-03-12,560984.9440004166,1369149.8207907067,844427.5083708839,422437.4734666292,260945.95960165522
2014-03-13,554695.8944007041,1333766.2318810206,834510.3904725293,417142.67744373385,257795.14085999783
2014-03-14,550633.4853834782,1312270.298760103,828102.2787868679,413851.4208348733,255845.42150814697
2014-03-17,558315.6259320243,1351708.0079977599,839850.0918847753,419756.97906753287,259439.1366715593
2014-03-18,562314.731309695,1373206.2667018017,845955.6234134437,423099.20775382774,261441.38983196247
2014-03-19,561605.0768784016,1368544.4335459075,844909.9270840986,422427.53902496543,261050.99166118095
2014-03-20,566739.2239901122,1392467.6739778412,852614.3407488127,426182.9529102835,263349.5785669614
2014-03-21,566886.1348420193,1396551.36341079,852519.9936217339,426789.39218903444,263718.96912238305
2014-03-24,561929.9324532185,1370382.8047465351,844860.3194554977,421333.38030920405,260400.44485340625
2014-03-25,569299.095074962,1411916.8529476668,856415.2184839111,428984.7916447807,265055.49806040426
2014-03-26,572805.5915131313,1431459.5215246526,861952.7692740721,432778.4430607147,267328.9416285491
2014-03-27,571859.953962595,1427807.521871284,860458.1550531999,431649.2801141092,266603.4002689678
2014-03-28,573886.9046968351,1439661.7128690726,863771.2811157439,433763.5076603747,267858.65154321207
2014-03-31,572236.4096490395,1429697.04856018,861171.8551572572,430808.21891837067,266063.8898657996
2014-04-01,575804.4795911626,1447347.1202092383,866703.2897560815,434017.1540739809,268004.1259787956
2014-04-02,577006.7965146143,1452913.2765249088,868519.225921833,434728.0036098323,268426.8942342586
2014-04-03,579102.3706329516,1462459.7506232983,871800.8508001986,436520.51402145904,269526.6253775224
2014-04-04,582649.8330752155,1481070.7733374499,877354.3638676457,440178.86993190023,271748.33300174004
2014-04-07,578110.2613221974,1457937.691019306,870321.8954590989,434081.56257746444,268008.9646112683
2014-04-08,577249.0698809816,1458825.4387800365,868987.4649877902,433276.80119235633,267496.3147672579
2014-04-09,577912.8455929139,1463459.3729420425,870160.4593849023,434078.2037277761,267925.8117450685
2014-04-10,574750.1543222528,1450350.5862787901,865300.3139870693,431660.38394665334,266440.56060375064
2014-04-11,570140.0388469765,1426184.2427344713,858232.9125726655,427658.09775926016,263965.01044984855
2014-04-14,572265.4026012948,1440906.5052199247,861708.0715505745,430466.5878678326,265566.1402926101
2014-04-15,567732.6611292735,1418464.1299915884,854915.9406548768,427015.0573548846,263404.60154589696
2014-04-16,576055.5509584108,1460366.3022130593,867782.4358068224,433669.41866820917,267493.6864045906
2014-04-17,579048.4074965074,1475181.4542052613,872525.178700587,435711.5116979264,268710.83507202973
2014-04-18,578872.8514436238,1474369.7781787845,871063.3374601728,435711.3831250984,268687.956002593
2014-04-21,571836.242322629,1431660.5670246154,872741.0646976528,435710.97980840463,265341.3350427916
2014-04-22,574896.6068667793,1451698.5718067319,880095.4054494101,440957.5537058857,267740.3600071331
2014-04-23,572267.3159052322,1435341.9248765267,876206.380409773,437542.4976932374,265530.63517050265
2014-04-24,574852.6194664899,1451424.8624820472,882787.2690061352,442251.1771389368,267880.2026629075
2014-04-25,573506.0724096972,1444469.7834614585,880712.6023106088,440110.36092035915,266465.95595348446
2014-04-28,575439.2708932349,1457150.220205596,885618.4087287785,442703.6322245414,267487.623357099
2014-04-29,576747.3560600297,1465719.434084016,889265.4344185027,445816.4533957493,268888.0075246921
2014-04-30,575182.867883571,1459425.3066476265,886819.7988201345,443873.624147055,267638.1141433495
2014-05-01,575262.5202565533,1459751.766583757,887583.8957475397,443873.52547579305,267429.1088052922
2014-05-02,573388.4208425605,1448892.6061226435,884183.4287778817,441569.7126214268,266160.0336604339
2014-05-05,574020.8282335219,1453089.4702526757,885851.421039431,441880.4573030097,266135.5292946182
2014-05-06,571376.2748055112,1437769.6340367035,880820.947122648,438227.87645757344,264099.0116143426
2014-05-07,572474.1214620138,1445313.8417716657,883853.1583440293,440664.52038061555,265183.9709447106
2014-05-08,575797.4601758926,1465830.009676979,891111.7088754086,446236.28704597807,268031.86595393467
2014-05-09,574679.3239289453,1459175.0092128003,888776.1447819282,444173.2290410532,266936.9005824305
2014-05-12,577718.3900504,1476242.6855019133,895260.1725546157,448111.27823209844,269016.55105428695
2014-05-13,581499.8441086902,1493503.7490423338,901022.4516114658,450075.8533801519,270286.2934595549
2014-05-14,580151.5230025877,1486323.4783787038,899629.4999176166,450087.9718647786,270233.23898525536
2014-05-15,576480.8597913159,1466978.2517252392,889968.7586896686,444539.0708034208,267492.4736854379
2014-05-16,576414.0371869768,1466984.2888983751,888441.5356529045,447192.6263390104,268971.88775487675
2014-05-19,578505.3312988492,1477924.6191078525,891648.7220013611,448901.2561450251,270033.08493802545
2014-05-20,578068.3340624488,1473950.051003929,890398.3898852544,447896.5845199619,269579.0890826093
2014-05-21,579214.288246884,1482499.1400824687,892285.1955737367,448810.56583824055,270063.64301615173
2014-05-22,580677.3286161757,1490398.576632455,894873.7300784984,450458.11290485674,270988.7561701291
2014-05-23,582200.4320726246,1498131.6633707837,897874.553550939,452376.35232559236,271987.1600162938
2014-05-26,585051.1597760991,1515374.8708055788,903471.8649048696,455431.0332122844,273462.93969156273
2014-05-27,586393.8520548062,1522003.079787574,906029.5429573862,457106.8819311155,274362.79451191775
2014-05-28,586681.1562696,1521466.0295389623,906727.2244292082,457630.1660491727,274637.67801128427
2014-05-29,586985.2187313107,1524340.9974970182,907397.390133428,457255.700769354,274331.9217045692
2014-05-30,587160.9673337253,1525083.3898532714,907647.9956854645,456865.92296372564,274074.5628603881
2014-06-02,587878.4820025449,1528040.438787261,908819.3288732244,457106.1960888132,274232.7435692056
2014-06-03,587877.0676677357,1528538.585588443,908561.0410514978,456292.2548620519,273784.34547531256
2014-06-04,588508.9684922332,1531606.9413762256,909587.8106428493,456661.7544967138,273982.85334018536
2014-06-05,591539.317505066,1550447.260528931,915068.5124873128,460735.08153061924,276234.47105500795
2014-06-06,592810.4907296031,1556958.13426155,917614.8106380766,463495.3372312863,277777.47624465264
2014-06-09,594244.8470578599,1565656.7156765142,920388.5575061972,464131.05035968736,277963.611076262
2014-06-10,595690.8965049873,1576041.6795704202,922768.8473778801,465128.30953270063,278505.26493271574
2014-06-11,594463.2132461432,1569202.0631574332,919789.3012750228,461929.6812615045,276828.89085834817
2014-06-12,594688.4217085881,1571024.7625849764,919638.7436900503,461140.8907974006,276485.04969731584
2014-06-13,594552.0049562461,1571184.8369651663,918828.4711899759,460052.6181691135,275980.9654108525
2014-06-16,592890.6155399316,1559625.8054543524,914953.2214322862,456546.07011161535,274226.8909296501
2014-06-17,596305.8037722908,1580897.2328148477,920410.1208344639,459564.7244619389,275984.61278173595
2014-06-18,595504.3831913426,1576597.8970469988,919112.5717192573,458586.50220374565,275389.17753180786
2014-06-19,600249.3994315967,1605287.1227388077,927483.599698757,463674.2020097692,278163.6834264345
2014-06-20,599145.039458028,1601739.259612474,923967.3589916638,462045.4367010467,277408.3778810141
2014-06-23,597138.8975163689,1587727.0629852484,919829.9482096507,458730.5889918022,275703.52788317896
2014-06-24,597431.5609055404,1590874.1064482501,919383.742823373,458291.4506718906,275671.6567556744
2014-06-25,594201.742658702,1568713.8020010903,912137.7039977922,453813.02147450595,273665.55355567596
2014-06-26,591264.9426444412,1548607.389445018,905851.0365520762,450138.0486706337,271981.56726999965
2014-06-27,591828.6371081499,1551134.7908031032,906268.1821088541,450257.7998972052,272226.4799374976
2014-06-30,592342.5484192701,1555141.5863539306,906469.5067368492,449963.90709932987,272184.8020151633
2014-07-01,594283.8651882859,1568369.8995444297,909569.445343447,451955.29647061805,273311.2558140691
2014-07-02,592252.8235668722,1555938.4170609617,905758.9663309553,449694.7669475306,272121.2766438112
2014-07-03,597308.652427623,1587932.990549641,914634.7799308192,454920.2000117172,274951.5353741122
2014-07-04,596129.1175484224,1580140.825405188,912498.0642685596,453477.1122372479,274182.27728467295
2014-07-07,590271.5009364589,1541590.3972708704,900530.1653284809,446637.8735024719,270909.2336382187
2014-07-08,584614.3904115114,1505889.736479054,888612.8502438675,440414.2568975661,268093.8059485416
2014-07-09,587955.1685038044,1528061.5975455644,894330.611885516,443336.8802605158,269666.1094701403
2014-07-10,583013.4652113033,1495761.3053615007,884338.6758907691,438192.92047215026,267275.37959437777
2014-07-11,585924.1055673708,1512781.6307124563,889740.1528470516,440882.65393177856,268648.04432272835
2014-07-14,588735.5693673714,1530975.532313822,895492.41871533,443695.16541663633,269896.91024906805
2014-07-15,582691.309480263,1491740.1515167595,883639.7135218543,437762.3830634446,267073.2191742204
2014-07-16,588597.8101444592,1532454.9681334305,894176.2866018991,443013.1564790998,269722.4838158871
2014-07-17,582593.3037516269,1493028.1679012422,882336.5708913407,437114.07400475524,266946.9883552166
2014-07-18,583957.3157716371,1503960.4193689118,885627.8258385464,439148.6978444591,267779.8630931916
2014-07-21,581606.9164559805,1489976.1091767738,881359.6209484125,435609.43030409823,265759.0104556438
2014-07-22,587424.6570467155,1526935.4446479282,892228.7818026652,443070.35844780103,269784.99420485814
2014-07-23,588087.8532303178,1529787.7012989258,894326.0149333115,443935.35317491565,270019.829941329
2014-07-24,591196.1387000731,1548623.7580564672,901118.843463141,448443.40099301306,272172.5688352523
2014-07-25,585758.8471127044,1512231.0706639912,886907.9461069772,438995.4652640716,268213.06712986674
2014-07-28,587183.7530415546,1522179.899257399,890373.0436945522,440156.6855603376,268501.24909381376
2014-07-29,588420.5278402427,1531456.097095792,892936.626590585,441521.0399005378,269097.1438279898
2014-07-30,585780.6473071764,1512856.4295117278,885731.1106435322,437025.00152014074,267381.8570256653
2014-07-31,579044.669629399,1469882.1615014104,871342.5045476288,429299.9274861197,263855.91278359503
2014-08-01,575047.5030736572,1442372.4671598058,861751.8949748502,424276.5506076718,261816.23352081198
2014-08-04,575880.6515287043,1445103.7566930773,864244.4939589071,425526.50256792235,262235.55290421704
2014-08-05,578070.0419510325,1463146.180608042,868745.2274773101,427714.0791320403,263137.33786329796
2014-08-06,576136.6011445303,1450838.0333215885,865482.4181694712,425546.1312755158,261919.5621706831
2014-08-07,570616.2135780419,1414298.0181515845,854604.6176795257,419747.12131909165,259107.22551533856
2014-08-08,569640.549130299,1407915.8492715165,854833.885450629,419879.3903955846,258656.11684645078
2014-08-11,575429.0165259391,1442398.9182557957,867040.7315026807,425855.8934625422,261372.56693350972
2014-08-12,571026.6296035697,1412933.783090883,860063.5156310997,422245.0212586264,259217.1600605777
2014-08-13,573863.4080534985,1430881.0341422248,867240.8892270824,425863.7442301177,260561.17843916695
2014-08-14,573853.8034666308,1429063.479654554,868802.4769342034,426606.7992406381,260576.6586211593
2014-08-15,569092.9244506446,1397037.6628553143,861765.1257357496,423370.96662313567,258531.9032560972
2014-08-18,572817.8749646993,1420085.695863369,869788.2438377142,428285.7559184942,260836.1598374957
2014-08-19,574155.0573101317,1428287.9617701424,873752.3332973236,430445.8295752876,261607.4415915383
2014-08-20,573249.9601190978,1422854.2859875446,873103.9572703524,429279.8254941413,260663.19043986616
2014-08-21,576867.1285170703,1444771.9079730802,880959.1335891297,434858.3491278506,263414.7781988686
2014-08-22,574310.6475812646,1426742.487308456,875984.6330682769,430594.7551046061,261130.13817240586
2014-08-25,580781.7241746134,1468062.0182537315,889016.9246016922,440366.1761743695,266234.8276827919
2014-08-26,583328.0097409907,1484012.0623074805,895268.8797074604,445584.6049251947,268749.08947141806
2014-08-27,583012.4195223561,1480806.2704811257,895867.4148733863,445331.4773862763,268292.91053356766
2014-08-28,581396.7831133823,1470310.5530342122,893507.8633624208,442279.27049943403,266385.33999741793
2014-08-29,582436.9374579041,1476371.3059951433,896336.4564796666,444212.2023739458,267211.71578845993
2014-09-01,583437.6773528632,1482889.3300068118,898387.3757369396,444234.30803601677,267056.91291630757
2014-09-02,583938.6232556611,1485231.9765031612,899763.5776035371,444737.4668208858,267200.44046659337
2014-09-03,586859.9203810049,1503859.73352008,905648.6210074711,450316.7518957138,270180.38226984034
2014-09-04,589691.7815266314,1521557.898545146,910812.1477976555,457147.4174894004,274166.64356421767
2014-09-05,589028.1923525309,1515940.825586717,908977.6844921614,454557.65565066796,272853.2320814403
2014-09-08,589346.0227936322,1516600.6759571126,909238.1957917347,452804.99310074,271853.00601557625
2014-09-09,588421.6800818811,1509761.6593684447,906524.2410562723,449819.557272634,270402.35393175925
2014-09-10,588632.5871369628,1510563.4273045333,906423.8909630191,449597.92605258944,270394.1557358754
2014-09-11,588479.7833572346,1508440.748652306,905258.7123367772,448278.922656305,269847.5658316451
2014-09-12,589236.5470261186,1512828.2878075799,905784.9518492984,449162.0091797642,270596.903962024
2014-09-15,589951.7707603938,1515286.721537264,905225.2189178972,448243.07138013333,270535.9283212611
2014-09-16,589232.7380805959,1510659.8305593296,903163.1487484702,446164.98071940837,269548.00324462075
2014-09-17,591110.773792796,1524050.1489085394,906219.4342422631,448128.4582948234,270719.4288732002
2014-09-18,592875.2432120622,1535888.858312152,909295.1927705045,451619.2975248397,272765.487671161
2014-09-19,592900.5458199985,1536790.9219187775,906373.3835074904,451096.37189452123,272654.1583853733
2014-09-22,592173.7885152654,1532764.466198562,905960.265088973,450079.3083880129,271859.14631570835
2014-09-23,586114.1422188664,1493330.5001404565,892184.572224307,441702.4523937007,268135.1879763592
2014-09-24,591113.8773903003,1527830.7523086101,901667.9319630276,447549.77878507966,271110.7779827307
2014-09-25,587242.2401770033,1500690.1316509575,893595.9395464202,442444.7945579645,268688.6658101435
2014-09-26,590633.4417996733,1522413.6128083144,900507.669776632,446560.80070426787,270669.8246025653
2014-09-29,586685.5408076224,1497221.045388333,892263.2183256608,441001.66656383564,267945.1647410326
2014-09-30,591999.1912913031,1531482.857095172,902298.6407379155,446972.76902267727,270993.795846212
2014-10-01,588464.9075212735,1507723.7748143564,895568.9701574992,442663.04408967734,268779.7137948377
2014-10-02,578811.7345998199,1445942.2842346446,874562.1810452599,431214.42483431665,263706.0167811454
2014-10-03,583996.024628546,1477870.86653004,884786.9853791154,436689.2411690458,266348.3044025213
2014-10-06,584323.8597191034,1480167.8931092552,886077.9287181847,436970.54333103873,266250.5121137005
2014-10-07,577308.0790810958,1434850.7665474273,871796.2421674143,429434.1328026773,262745.56044276693
2014-10-08,572642.2484161471,1405957.8160870343,862635.4263970745,424788.9861170626,260505.66837086837
2014-10-09,569571.4457484119,1390150.3016928532,857707.503388922,422330.8934526904,259044.3612879311
2014-10-10,562687.8663172969,1343223.3159658215,843862.1721463797,415445.1711939408,255842.19391761255
2014-10-13,563089.9026287929,1345807.2872484399,847339.9979063645,417144.9301596103,256046.68750625005
2014-10-14,563428.7366799699,1347159.5430392965,850458.0489919353,418672.2567089027,256231.36170319456
2014-10-15,550151.7332286912,1263128.0382376402,818421.5784909152,402845.90365665493,250123.71377330765
2014-10-16,546993.3952083808,1244840.0303152837,813434.8167258328,400371.97134895576,248713.28775145192
2014-10-17,558862.4328203658,1320050.2463869269,835973.6823857595,411911.6217153895,254434.3615864902
2014-10-20,556319.1843479862,1302796.8265395788,832118.6806820865,408062.8444850565,252071.61321643423
2014-10-21,561568.7552407392,1336463.7612658527,846046.0579984665,416829.8121010115,255708.99800513018
2014-10-22,562039.1282644068,1338619.4776223048,851007.2557163888,418974.99015420314,255758.629250544
2014-10-23,564586.5639791503,1355283.0712010001,858777.2610084917,423700.77770799614,257481.27086859962
2014-10-24,562260.3871667722,1338419.8608433034,855459.5918083661,420489.7538642433,255433.47220641296
2014-10-27,560661.1651322654,1328512.1139903709,853659.7692351736,417737.70272260514,253526.10776533472
2014-10-28,560321.9861657211,1325811.2734467129,854697.3424217206,418881.1372389102,253910.30932529143
2014-10-29,558910.9552058466,1316029.0209860133,854799.707666103,418904.872379189,253315.26727093192
2014-10-30,559521.669349069,1320450.2894377655,858781.9041679383,420842.5260773903,253581.69381036048
2014-10-31,565926.9849237062,1361099.8517174467,873417.4349863501,431853.7651979234,258919.85032352083
2014-11-03,564114.0552893506,1348102.2789840638,870871.8364821582,428211.7335261485,256641.2950095704
2014-11-04,559539.9355871488,1316481.5848048842,861987.4649567587,421335.01969952194,252997.7557484391
2014-11-05,565138.8770696444,1354364.5474123892,874600.8024794509,429954.7837330053,257068.52139297314
2014-11-06,566551.8473477043,1363667.5309459718,878742.6912701618,433016.4470798872,258356.60336711362
2014-11-07,564093.936689376,1347442.5228431928,874583.912268201,429023.1826714773,256033.55043345134
2014-11-10,566622.976095183,1364841.5094982532,881056.9810976471,432664.46871300845,257462.0065455294
2014-11-11,567131.3094181308,1367946.1382001713,883632.7543733927,434780.7020112267,258202.5477388145
2014-11-12,562464.5867407925,1337909.001856574,874998.545198203,428348.88333937374,254678.9095425341
2014-11-13,561749.4711526887,1331606.3281496188,874628.2170443345,429209.49172104505,254947.54258971283
2014-11-14,562010.5932770793,1330846.875653489,876689.290575349,430409.24097176216,255206.5327022906
2014-11-17,564514.5218003002,1347239.181448005,882006.2393169549,432421.86213714833,255965.4278822649
2014-11-18,566783.8453918176,1362860.7831442892,886511.1079534166,435402.24238471925,257461.63486945725
2014-11-19,567804.7348450561,1368645.7071552253,888277.9198699835,436471.1176436819,258061.69151870057
2014-11-20,564478.7968544784,1346913.7958512523,881965.1202749689,432648.2658587384,256105.37799160776
2014-11-21,572212.3924452314,1394800.2830979147,893001.4606620446,443930.42640643206,262472.3869643757
2014-11-24,574358.4302355914,1404944.9100918202,896678.662050684,445939.8273651998,263605.7054336416
2014-11-25,575001.5777018501,1407125.5360669338,897746.1335978169,446827.86507722083,264157.90261167695
2014-11-26,574907.5438401735,1406271.4211350384,897105.9523087785,445986.04242250504,263800.166045532
2014-11-27,575565.634924293,1409619.9924360306,897773.4550800315,446695.02394652093,264298.58796398505
2014-11-28,576291.1436662251,1414136.5609161565,897734.3654399847,446648.0531852012,264550.1834002025
2014-12-01,576672.0985047277,1417252.1170985484,897396.2119888214,445398.75794865325,264023.8128546194
2014-12-02,578087.7376760548,1428439.6831888529,899872.4979380699,446379.14977350476,264558.49054114043
2014-12-03,578931.0221273025,1433486.516787599,900949.5396256867,446826.7626801282,264886.70379106875
2014-12-04,573740.1987160576,1397417.2573722727,889561.304265625,439554.39119493985,261501.04690645696
2014-12-05,582125.8146805135,1453382.2327348534,903786.3927899576,450435.07251278043,267685.1858854794
2014-12-08,581000.5057171006,1444033.413532106,899753.8506423928,446439.7291492512,265952.0643183456
2014-12-09,574201.0684870362,1398578.951240065,883411.1307352076,436100.08489705285,261468.25281726752
2014-12-10,570992.6366648794,1382123.123823373,872594.3787431611,430567.43683859555,259806.61224899592
2014-12-11,571201.8657139746,1384233.5563024664,870216.2214148872,429179.8883599036,259764.48184462218
2014-12-12,561856.5493314429,1322497.9732506191,847469.5603596519,417110.75012746896,254977.96690392355
2014-12-15,553346.2443855348,1265535.8040928333,827967.3674897813,407249.2568485025,250952.42857786352
2014-12-16,565409.317740517,1346475.5327160743,847564.8537177531,416948.82971669093,256488.56485499375
2014-12-17,565457.0043500246,1350260.969198732,845722.6545632505,416030.02594829316,256604.43062151043
2014-12-18,581077.6015435325,1450759.6862317773,874080.2786217923,430650.0170647258,264162.12548192247
2014-12-19,578177.2257393722,1432240.1839770596,870500.9075059579,428685.756635864,262719.02989965264
2014-12-22,579566.6784149073,1440675.1983456195,874811.3186983513,429768.16370561364,262700.45069900405
2014-12-23,583459.0585352316,1465843.2284326653,884585.0556620581,435787.74251917086,265267.63923497597
2014-12-24,581611.9183382831,1452717.052330228,882332.3503172643,433269.8535156823,263577.4402756633
2014-12-25,581751.7816982622,1453288.1956124261,883483.5155609221,433269.7985688294,263304.3220740779
2014-12-26,581629.5457640247,1452097.8643962748,884797.4915654387,433269.6854182653,262861.54392563226
2014-12-29,584064.2418050547,1468480.4571992203,890555.6034054575,435590.1560952532,263664.7435920987
2014-12-30,578203.9928093248,1429979.6213246728,878935.9422858142,427834.04960757797,259669.47445665605
2014-12-31,580927.129167348,1447285.3982597603,885284.3257596046,431174.9682540469,261064.65143079803
2015-01-01,580963.0743275888,1447200.3766531697,886073.4060340762,431174.8372869162,260847.11088783844
2015-01-02,578727.5869997068,1431541.1205556227,882906.7022873623,428947.7382321264,259450.94581277456
2015-01-05,567458.3942470504,1356695.8527715497,856453.4842370285,414686.6242074009,253427.60122739393
2015-01-06,565530.2390754126,1344309.4084447266,853096.2240917564,412969.70385241706,252501.44477020178
2015-01-07,569234.3227220094,1369711.9769712859,861836.1872687152,417404.58679983235,254370.7992039917
2015-01-08,585105.2259883943,1474920.2208936235,891579.2866066276,433037.7772739273,262327.631506451
2015-01-09,575861.9367644654,1413842.944321805,874886.5070176962,423961.4104102386,257510.80431958014
2015-01-12,581299.7734013926,1452428.1636763834,887863.953328155,430179.68635498,259823.35070939505
2015-01-13,587228.4444286396,1488399.8587985514,901333.1665658971,436917.73123443563,262704.9091371449
2015-01-14,580108.0546743782,1442487.8117554884,888689.1096905915,430242.3831343832,259050.50206835702
2015-01-15,591500.5925924191,1516025.2476621103,910458.8206151567,441494.36436098453,264701.6977202239
2015-01-16,594484.4885372261,1535960.9094000114,917431.2386754157,445432.96623837936,266147.57429139706
2015-01-19,596802.9451944173,1549071.2080401708,922448.9529095958,447687.028357854,267118.37880170066
2015-01-20,600601.6156696165,1573985.3988340986,930492.2630384569,452838.8399473596,269623.2793841659
2015-01-21,603454.0523621001,1593033.721929247,936361.7957219864,456938.72568831313,271726.3669739262
2015-01-22,606625.4402093599,1612689.4678288777,943106.2406288177,461918.04401283915,274260.2163119785
2015-01-23,612313.6063378714,1652047.2767456674,954132.8433432012,470607.30560983776,278845.5400618918
2015-01-26,615665.1935598829,1673861.4883287526,961154.3094850333,475530.69414035545,281300.22119906195
2015-01-27,613181.6216122531,1656844.1893018428,954955.355317208,469752.4672151115,278430.71133971633
2015-01-28,612261.3403047916,1650102.9914076384,951976.3837465626,466834.53833029966,277073.08591090067
2015-01-29,613474.6754874494,1657317.727976833,954024.1677273053,468437.28685061965,278004.80653155374
2015-01-30,611718.9681701418,1646790.7752942648,950309.9378355282,464764.57953021565,276021.90224946465
2015-02-02,613767.2936094864,1660565.0011491189,955575.0175556329,466937.22239921056,276747.1835487528
2015-02-03,616366.2814974597,1676762.3863644185,962334.5443594144,471828.4596789159,278990.436174882
2015-02-04,618566.9038061218,1692461.1104185637,966582.1779961495,476628.69973966543,281527.1291142383
2015-02-05,620551.1038828241,1707929.0545080944,970410.354737013,477531.098130186,281848.197835099
2015-02-06,620706.3745129949,1708170.1796071404,971123.9454578006,476315.2431142169,280982.8694278546
2015-02-09,620537.5313819178,1708572.6896464813,970273.9364783214,473251.1402810484,279293.2176262538
2015-02-10,624410.4490096668,1732300.184120059,977947.8427626236,479780.16816182877,282795.39079629356
2015-02-11,624163.8805487095,1730617.9978854451,977826.170066891,478865.69141805806,282156.9320450259
2015-02-12,626408.2515223324,1744181.8099084198,983470.5164120786,483376.5924427207,284294.1037875205
2015-02-13,628403.9495368582,1756738.5943139545,988284.7594559316,485776.4957989855,285282.88091754226
2015-02-16,630299.1902617693,1768496.3426177767,991906.5011455732,485017.9774868051,284701.57870535227
2015-02-17,631179.4823596867,1773592.8629686541,994484.6765139248,485732.80779216887,284795.3575576587
2015-02-18,633652.9892009995,1788174.1257091498,1000083.662903116,490689.44688643044,287326.4037283756
2015-02-19,634458.8558011386,1791787.875199791,1001850.8043385717,494226.761411353,289321.1293253674
2015-02-20,634354.2379536354,1790907.8137163108,998453.505674212,494490.4050286516,289292.618956577
2015-02-23,637639.5204871127,1810479.8836127943,1004203.9137944258,497370.4821839808,290804.1614632055
2015-02-24,638447.1568850296,1817001.4294621751,1006069.1091898232,498254.8946605765,291156.01293071243
2015-02-25,638989.2370369943,1819983.8547791732,1006896.4170838001,498795.44627241784,291470.19034549076
2015-02-26,641006.0540778944,1831840.1736236126,1010623.0383610458,501491.3812748703,292940.5243896812
2015-02-27,645996.5739328325,1863742.26018016,1019173.4732756201,508180.433957329,296744.6474535762
2015-03-02,645618.863380865,1859608.9571050243,1018363.008002739,506311.55551584373,295674.2506929591
2015-03-03,642000.6189026878,1835649.1672043805,1011933.4944955369,500932.51422079897,292688.12439516
2015-03-04,647260.0501487252,1870539.4296442322,1021195.4875630285,507424.42341581953,296226.79718104424
2015-03-05,651309.1732214335,1896778.4185489987,1028083.617919949,513804.19354864024,299889.68256379536
2015-03-06,652087.6664653741,1901108.7650194594,1029445.6596378222,514651.25558356463,300333.9090533445
2015-03-09,651861.052731869,1898727.4408797778,1029109.905232232,512642.702272183,299118.4901718541
2015-03-10,647389.0403221364,1867127.6010282412,1020452.4217143907,506468.0309590699,295894.4026960332
2015-03-11,656078.130260704,1924448.7254944486,1035205.3018852542,519579.06735257496,303344.34485433245
2015-03-12,655445.4736627069,1919988.1356029622,1034417.9787743479,519087.8075920625,302999.73117229703
2015-03-13,656810.9773123714,1926181.7699887548,1036521.4139800679,522551.8365398631,305082.78707986645
2015-03-16,661599.3530639898,1956406.9478420354,1044871.5993878015,529147.5622419476,308723.85449031496
2015-03-17,662307.0079052267,1962607.3265082287,1045777.8896025632,525296.0178058177,306437.60668333154
2015-03-18,663337.5046649516,1971108.893559761,1048051.5621497144,525117.200321843,306188.04448502645
2015-03-19,663773.2020851902,1974448.5952249037,1049264.0924231643,524304.7840661355,305613.9676782622
2015-03-20,668152.8327255332,2005037.1188636827,1054526.6090760482,531297.5367404092,309432.32979061524
2015-03-23,664150.4844450551,1977290.8333978457,1048455.147988569,526381.7510143473,306629.68574068794
2015-03-24,667829.9384325157,2000101.3829205495,1054640.432358863,530134.1280043072,308686.92948522104
2015-03-25,660129.8788677801,1951142.1341611876,1041877.5700995215,521893.6737742862,304096.3783557905
2015-03-26,659501.1345453731,1946540.784947699,1040994.9080753769,521175.88795992197,303656.20660485415
2015-03-27,663226.0217011215,1966992.2525385146,1047295.081554199,524794.4856376908,305641.80339660554
2015-03-30,668307.1253825817,1999354.1067711846,1055731.5461500264,529447.3974384906,308173.042451056
2015-03-31,663601.6014860553,1969002.7708752605,1047673.1534559841,524185.22457689757,305245.77389824326
2015-04-01,667332.195257056,1991695.4462604974,1054276.8270307104,527792.5092076415,307236.64312666166
2015-04-02,668924.7240937303,1999243.863716039,1057173.065037884,528995.2707196627,307803.8305751161
2015-04-03,669148.5596827313,2000440.4330337741,1057716.1011211602,528995.1486381462,307745.2680138346
2015-04-06,669660.4123866552,2003095.003606476,1058873.7491149302,528994.8512017984,307635.9643142605
2015-04-07,676637.1308426368,2050178.0515615419,1070704.5240294524,535504.0334103787,311214.0199604917
2015-04-08,673990.6592613767,2035373.052994178,1066309.478305127,532918.7409969395,309675.86754730536
2015-04-09,682377.7637938218,2089465.3288057914,1079923.980576653,540563.1601960226,313952.73168338387
2015-04-10,685830.509478397,2108696.5545522,1085459.7782602082,543723.5329699469,315673.61515274894
2015-04-13,689222.4523454967,2131220.5718461466,1091288.2932430247,546160.3510684153,317018.4799278594
2015-04-14,682805.0831958825,2092286.0891899725,1081351.4018955696,539934.4643562732,313453.8877491475
2015-04-15,688474.7356587542,2128685.074704508,1090348.487032784,545096.6881964249,316352.39262127184
2015-04-16,685608.9328734523,2108390.2245455263,1085468.6276054294,541565.4978793005,314368.19423826714
2015-04-17,673749.1184279344,2040262.350499093,1066409.9175053104,531845.8733992811,308887.58079051506
2015-04-20,678485.6831949532,2069221.6799069953,1074321.6940295221,536678.8186467709,311620.8288321172
2015-04-21,680294.1200780966,2080972.6445177055,1076879.7950402072,538554.1860154454,312753.33570002875
2015-04-22,680996.4992683618,2082256.6068495538,1078181.1600292604,540242.3380560068,313808.44470878714
2015-04-23,676624.6582357398,2053655.1313753761,1071158.690986533,535228.6116890548,310926.6081799694
2015-04-24,676792.4621602567,2055136.028689049,1071450.3693589484,535430.5502378492,311006.36332488246
2015-04-27,684713.0573146946,2106913.0826836266,1084572.432037331,543535.2787472556,315592.656147794
2015-04-28,674231.6486344162,2041294.8273450437,1067921.1928785343,532565.6275754503,309342.21823891735
2015-04-29,660822.0292494235,1952635.809331745,1045352.8367430355,518935.8825548701,301794.67420180986
2015-04-30,665491.6812491574,1981316.4824324104,1052764.0277412313,522614.5020826713,303924.2143513748
2015-05-01,665725.8727291204,1982416.423550952,1053361.030983561,522614.40059220645,303858.2708765087
2015-05-04,670534.3976950437,2013985.346221813,1060868.4749786444,525957.2835753586,305697.7165879509
2015-05-05,658287.8833728994,1933423.9275378392,1040961.7752892574,515025.92921139376,299584.3026536253
2015-05-06,661491.1811502187,1951823.654661226,1046234.6341890852,517856.3779581869,301194.9689357113
2015-05-07,661798.8141268855,1950222.073076732,1045932.1560722648,517730.95260880043,301207.9371918439
2015-05-08,677499.8457314803,2055041.6375071993,1071029.662484345,531462.516033495,309060.53823300597
2015-05-11,671782.8962215235,2015677.9465443129,1061753.3391056783,525433.6970069665,305649.7615093477
2015-05-12,664981.6652709224,1970369.974969082,1050743.069713088,519585.6547628896,302356.38078108395
2015-05-13,663455.0408570742,1958276.819083174,1048774.9078338533,518527.7880190033,301718.18870379083
2015-05-14,673984.9533218088,2028234.3779467568,1065772.042362438,527035.2574789984,306505.0417572349
2015-05-15,669210.5145390988,1995172.5321076931,1057865.3010601294,523424.1733024735,304462.49533235264
2015-05-18,672669.580564329,2017524.6299927642,1063501.3354224907,526186.1617481727,305942.91343725374
2015-05-19,682892.3980324395,2083980.0900555432,1080391.6241976665,539235.5723743525,313384.54493794293
2015-05-20,685113.1831166088,2097151.3206051625,1084269.1650131992,541653.3351151948,314737.0418146207
2015-05-21,686803.8191825469,2108175.860169069,1087277.5621485286,543365.7629835103,315668.5579246924
2015-05-22,687447.0895888407,2112002.4174917364,1088395.538079964,543510.6049729565,315711.8017485295
2015-05-25,686371.2465578032,2104512.9152798615,1086506.4818078566,540192.6028082505,313769.30479415786
2015-05-26,684164.2177453749,2088643.1231017031,1082550.8781512827,536877.013392415,311923.4842075391
2015-05-27,692947.0073961874,2145522.4987657405,1097302.169277542,549007.0944016794,318855.8033026823
2015-05-28,690187.8623921121,2127223.4677663203,1092460.3207370446,544019.0489172132,316017.7783345483
2015-05-29,677495.2647402136,2045366.8670087783,1070680.261918569,528656.6960366298,307430.79934141546
2015-06-01,681185.9675947222,2068570.678428785,1076877.3297149083,531672.3988394326,309075.3415743664
2015-06-02,679359.2988220893,2057371.599676058,1074019.8114065458,529582.5207671168,307833.59540874354
2015-06-03,682922.7782589599,2080039.6963349194,1079911.6875443556,533032.5417702483,309801.41472868936
2015-06-04,678599.6901138625,2050355.8216974237,1072270.3734063737,528039.4692495078,307056.1686331771
2015-06-05,671204.9510742656,2003083.1856312726,1060400.9153026617,520623.90518402297,302819.2653813504
2015-06-08,665785.0784564754,1966913.804342368,1050985.34690409,515100.42534456373,299696.92002221476
2015-06-09,662707.6445669429,1944536.482263932,1045922.9052853452,512326.46501221193,298228.97114186804
2015-06-10,674360.7145724939,2022865.467347373,1064721.2093211862,522264.93144611956,303839.0363344119
2015-06-11,679420.713777087,2056408.7850053923,1072906.863196811,526921.7195191596,306417.4895752808
2015-06-12,670298.9201639838,1995650.6104035703,1057503.3579430652,518345.4938448166,301643.36382393277
2015-06-15,660109.8966704524,1928796.694354009,1040102.1695896718,509269.12297541887,296646.65141888306
2015-06-16,663407.6388067625,1949087.127069571,1045426.076506355,511868.4001618785,298118.7622761932
2015-06-17,657326.3790449573,1912022.4301242782,1035654.71510994,507038.3517004637,295370.2186607506
2015-06-18,659652.4214641083,1927106.0868533403,1039658.659592382,509009.8775782563,296422.83250702097
2015-06-19,659953.4931760487,1927698.1396188245,1040425.5456450771,509798.74122284894,296849.51521859865
2015-06-22,674225.5175221034,2020598.0695729242,1063486.4781755777,531007.4731353296,309081.2342354004
2015-06-23,678415.7748931854,2047640.5195853463,1070920.2316076523,537218.1533687648,312522.57532926986
2015-06-24,679190.2865106054,2053151.961418076,1072563.8313512527,537423.8952541824,312527.0741834368
2015-06-25,679677.126839406,2055792.5033973597,1073530.671120494,537280.8621798154,312404.51077965094
2015-06-26,681215.7881551518,2065163.3697874718,1076210.3992938495,539204.8043548146,313467.7949073274
2015-06-29,667262.4840704872,1974409.4982085752,1049898.4720286317,516955.2814354492,301488.599240992
2015-06-30,660588.8423851557,1927845.8049304085,1037584.479575399,508018.1651213849,296738.9825347917
2015-07-01,669038.8966616067,1981973.3558559779,1052239.8733613421,518027.4975157891,302307.0615983852
2015-07-02,665171.5976636471,1957416.8931819887,1045890.3400871813,512570.47819192207,299170.00981027284
2015-07-03,663685.2186375521,1947274.7737635898,1043823.9434454859,510313.825136521,297773.9749889546
2015-07-06,654171.2544117707,1885038.5884937686,1026732.1843476585,498766.7315959976,291459.9865491646
2015-07-07,642045.0862691692,1806122.1760985006,1005360.0423981743,487178.07804695354,285222.98670663097
2015-07-08,647261.7352106173,1838968.928671611,1014739.2478679537,491819.28116359207,287649.50186768477
2015-07-09,661271.2801551222,1930616.3479372575,1038538.6142971383,504713.76019428077,294823.448798057
2015-07-10,676888.4491676143,2031839.4439179176,1064933.0436229887,521276.6054755709,304167.4297811024
2015-07-13,687222.3475547661,2096546.252138981,1082863.872117883,531752.6398529729,309911.2703940585
2015-07-14,690960.0236441626,2120538.54985714,1089791.9355384463,535968.8433198143,312106.81475880876
2015-07-15,691602.5895962532,2123219.169315043,1091323.2573043108,536772.1586403963,312407.11562252825
2015-07-16,696644.6927603623,2155362.3381250366,1100597.4138215499,544490.360551207,316653.63625387964
2015-07-17,698733.336739497,2169918.7760062646,1100956.3769806006,545356.1322631023,316958.7097643202
2015-07-20,692213.5844091636,2121135.2444329523,1106492.6700041508,547338.9296633763,313987.312403786
2015-07-21,688838.756799458,2095873.4318429278,1101387.0714345188,543245.3432394242,311545.10935114376
2015-07-22,686282.9923300676,2076352.6472844009,1097512.4796105034,540297.167168215,309774.6635282543
2015-07-23,686692.2427850649,2078907.8480135654,1099612.8149624718,540888.061079134,309695.41640089924
2015-07-24,684295.1503070088,2060289.6060565382,1096144.5128142303,538278.0764769296,308087.01004726987
2015-07-27,672261.7668390193,1972185.4657061612,1071666.0045383729,524468.1152910833,301579.3218055763
2015-07-28,678054.4120481984,2013861.9051326874,1085183.8927239443,531511.6857973973,304435.90264740103
2015-07-29,681328.4159034359,2038431.5404592059,1093482.2368579474,535773.9840627613,305928.12012677616
2015-07-30,683291.0400514446,2052557.9519879245,1100003.3353758804,538842.8213440835,306831.3188430905
2015-07-31,689521.1330114295,2094999.5440417253,1113459.4481802685,546666.0256161087,310500.91897068464
2015-08-03,694190.4218171563,2128441.9945420134,1123691.878729631,551947.7998493718,312694.51153444574
2015-08-04,692998.5020491236,2120778.180533794,1123272.796715563,551325.84352842,311913.2558225247
2015-08-05,701211.2844109451,2180280.740816754,1139908.1057952135,560325.949737502,316092.59593958483
2015-08-06,701818.116172792,2182666.707828253,1142285.919149435,561175.8109373377,316202.0984157452
2015-08-07,697933.0619478967,2154099.210531079,1135934.8075963221,557044.5955301583,313829.8974225908
2015-08-10,702434.8019466836,2188291.3061107816,1145468.301673977,561908.8632655592,315922.0092827802
2015-08-11,691066.0463586649,2103488.4271940626,1122188.9160127102,549375.2513018643,310129.23388748115
2015-08-12,671484.8522152039,1958372.8721640692,1080256.2464880226,527918.4442156475,300809.2162904031
2015-08-13,679039.4613621081,2013184.0265373327,1094161.3137941759,534921.2363890687,304272.02448385675
2015-08-14,675342.4615883164,1984386.7908761823,1086670.4554203216,531045.112853578,302487.2963630031
2015-08-17,679236.6209229259,2010462.3397420535,1093569.4898835453,534293.4683981139,304138.6968084192
2015-08-18,677623.3267698357,1996098.8914315144,1089588.4135897853,532282.3584187613,303380.4384773241
2015-08-19,668554.5370295044,1926435.3201261852,1069712.1218514042,522420.05665543274,299278.42007155466
2015-08-20,657863.5185677309,1847845.4494154484,1046441.8445640272,510959.7719189528,294510.78633695235
2015-08-21,643250.3482265269,1742052.6565709452,1013755.0284530618,495331.2972499603,288240.5999779018
2015-08-24,629145.8655266975,1636623.4323187172,970944.5118138168,470101.68493018154,279553.0064706506
2015-08-25,643571.2181541075,1745496.0208178097,1000424.038357279,488664.4268450966,288409.61497971223
2015-08-26,639222.9198603145,1709136.919919241,989253.7189103783,481065.9517235795,285258.85132364
2015-08-27,651110.150861952,1799304.517931143,1015540.8789612286,498394.51526585454,293199.9013100882
2015-08-28,653006.80424269,1813255.1712523806,1021291.9041167531,501437.1070208152,294212.67874040356
2015-08-31,653143.7005222562,1812879.3014470534,1021274.5735996882,499059.49445268867,292905.79503019626
2015-09-01,645763.2922861706,1759434.8522325705,1003760.8989768629,487373.5735802778,287766.3533399106
2015-09-02,646515.1155490067,1766423.30003952,1008472.1281966559,489437.93286975625,287944.30356877774
2015-09-03,653719.4464719235,1817373.073466769,1025742.2620271726,499866.99268206133,292386.9585846421
2015-09-04,643933.3732486181,1744265.7331069182,1003479.2819717505,485854.56535772735,286187.073868018
2015-09-07,646502.449712697,1763825.2961028907,1010186.8937216522,488396.6945549895,286903.3228216005
2015-09-08,649558.7193390346,1783509.0680113314,1019515.919303535,493179.6111126191,288453.2102602584
2015-09-09,655791.1108880276,1827177.514588833,1033837.7718273264,501151.45941563474,291849.09197876416
2015-09-10,650058.07973113,1782469.7837585486,1023028.4531154622,494438.29484463035,288461.64611766423
2015-09-11,645538.8817895136,1749440.4283076306,1016055.5262935947,490135.1154102201,285896.6378483826
2015-09-14,641086.8183270751,1717091.9030597648,1009386.7022467222,486258.4153885596,283535.8229511162
2015-09-15,646732.4631865002,1760049.2461162754,1023276.7558267723,493051.6753603774,286072.4619714809
2015-09-16,653471.3031770396,1813081.722994474,1039329.1073544637,501065.5579263016,289161.36397726537
2015-09-17,652216.5337289126,1799142.767238473,1039848.7638385538,501108.38799982594,288499.2094874149
2015-09-18,635622.3934447933,1677178.8517123202,1006724.1663622847,485345.42551658273,281260.1564138848
2015-09-21,639918.8839618622,1707989.0061964677,1019300.619263248,492278.2924533191,283610.24466127425
2015-09-22,628509.6733602976,1623843.0350584735,993923.1664594664,476066.9527214896,276221.9121607145
2015-09-23,627582.9858993543,1616590.6039494157,996381.9005776678,476836.38119132316,275581.7999396867
2015-09-24,618943.0720506096,1552840.9335142456,980502.4009303581,467821.7637411887,270920.6418394367
2015-09-25,632697.6383817636,1653349.8236891066,1008990.2003905264,484251.7662379656,278574.2665662035
2015-09-28,624321.7997248437,1592577.684652124,988374.8046687519,472203.9113030765,273585.40255135193
2015-09-29,623025.0759154866,1583955.314031124,985017.2531862386,470303.0818939537,272866.2746418218
2015-09-30,632435.9986186768,1654801.2161950709,1005943.4271367312,482583.57019656897,278285.9096589644
2015-10-01,630463.3965898765,1637744.972801624,1001834.8368994328,479480.26439158403,276792.31480994687
2015-10-02,633169.7523672063,1656073.1444057033,1008370.2962045795,483318.2070018507,278404.00406921527
2015-10-05,647759.1913006606,1761303.755424522,1038762.2097558244,501717.8951231735,287105.72891203844
2015-10-06,648824.6931983174,1768942.374893634,1043339.5302578962,505462.93524287746,288489.6900833228
2015-10-07,647995.4885333629,1762148.394735975,1043168.3183943041,505992.70638588833,288492.61550944025
2015-10-08,647594.402447654,1758515.0020639058,1043564.5483119462,506174.06066358666,288283.48644859385
2015-10-09,649178.3267316292,1771213.5546467514,1048289.3267991727,509597.590352831,289631.2840449157
2015-10-12,648427.2504726094,1767360.7177150454,1047940.831612184,508715.2996932603,288837.37620962056
2015-10-13,647317.3439339157,1757128.3044613882,1044226.3685754688,504119.95970805304,286752.4361334757
2015-10-14,644045.2182375027,1731864.1654180994,1036791.9323650602,499281.7614390786,284558.9207457635
2015-10-15,647727.6052122969,1764513.8300349931,1046258.8215144894,505536.0859733552,287135.943493251
2015-10-16,649795.6872423869,1774307.0108159294,1048199.3012732135,507841.13646828395,288334.2806734548
2015-10-19,649971.1361877063,1775250.5577202144,1049192.3025302035,507625.526804847,287957.64946731087
2015-10-20,647744.2533803384,1758306.6081428502,1044592.1207939683,504305.88559781684,286336.58530338114
2015-10-21,650086.190553936,1773508.0124338611,1049638.6011248059,507014.3580188623,287607.401556552
2015-10-22,658298.354353493,1836509.538633646,1067822.734617902,519872.6812927123,293607.1407919458
2015-10-23,665115.3153465237,1885583.9203354395,1083350.1194960023,532656.2413993304,299724.9891633671
2015-10-26,664594.9211562157,1879370.0919153504,1083121.4985978543,530809.0416223998,298553.7790641187
2015-10-27,661780.7189805512,1857926.4276702332,1077891.011236018,525940.6678403374,295946.3212895731
2015-10-28,664200.0442447527,1875076.0820139525,1084536.8419497514,530403.7520991139,297755.8898812732
2015-10-29,664357.1914191598,1876934.0778531595,1085480.3273813403,531429.0554297306,298148.31405155157
2015-10-30,665193.6134679387,1877572.5590645347,1087036.3071559833,533211.4359684623,299279.6305188503
2015-11-02,666571.0231268785,1886634.453338222,1090220.722955655,534475.8182720907,299765.8565704414
2015-11-03,669140.1476574222,1907663.244538709,1095335.6930638656,537443.7691046743,301169.0483233806
2015-11-04,669615.6392724477,1911529.3505648808,1096588.8453498846,538981.0195660583,301913.10092168744
2015-11-05,672116.6881206769,1931063.4297564004,1101677.8976122257,543151.4577171891,303976.1121916879
2015-11-06,671922.2938110959,1925228.4602550408,1099621.8677242787,544317.2417337403,305252.92797671043
2015-11-09,669851.4530835327,1906763.1716868733,1093393.2061756405,537119.8949536742,301953.7968473753
2015-11-10,670159.8470271453,1909424.69279761,1093517.9983237605,537314.0824072894,302168.0494096341
2015-11-11,673426.7636359314,1936216.185315432,1100097.360950917,543926.8823984105,305555.28708502615
2015-11-12,668592.1397138275,1898484.9289654207,1087176.995481187,531707.9572816326,299948.9133745044
2015-11-13,666608.1895829239,1882567.3724705805,1080929.1031228302,526624.5884794628,297884.062081422
2015-11-16,666411.8873278777,1881264.8309923983,1079801.7194382183,526167.3040024117,297835.3987232291
2015-11-17,676912.6582514405,1963997.0581217178,1099695.4274536334,541849.9107799922,306006.7034223777
2015-11-18,676822.0142659871,1963632.4740018896,1096502.9489075756,535987.2189483448,303432.590405842
2015-11-19,676084.1771429253,1956109.5805670156,1096258.723987776,535986.9674844766,303190.4015764299
2015-11-20,674622.9377581512,1947768.531660651,1092234.4294349987,536107.1070321053,303114.75521099963
2015-11-23,674795.8097648415,1947092.9896500579,1092023.8902375046,534934.073852705,302584.7188640572
2015-11-24,669210.5376102503,1904345.2597858305,1079690.0057997385,527023.9624551754,299047.1845372053
2015-11-25,676786.5888374784,1961571.7288191628,1093982.052024107,535978.4172424328,303513.8099499992
2015-11-26,680868.6687188897,1990597.6459560478,1102321.8090696498,541165.8329994078,305979.6354993678
2015-11-27,680075.3048574158,1983835.7796662417,1100091.8051351053,539281.6728670623,305175.7697630772
2015-11-30,682986.1129524106,2004792.6533495225,1105016.5929038445,541547.4806206585,306394.69434207724
2015-12-01,677914.7777188927,1963296.5573841063,1093206.5028095741,534374.0940420442,303314.6366348751
2015-12-02,677555.8179966315,1959586.4194439063,1091915.9896400329,533162.6329069211,302779.378157137
2015-12-03,660787.6299794405,1834956.0890451884,1053694.816005066,512280.2097154055,294115.91368455184
2015-12-04,660373.1770405995,1827193.1851189425,1053180.3005515605,512312.2800885806,294133.22919782205
2015-12-07,667302.7542735927,1876610.0230560717,1066839.4985670554,519441.5889628268,297443.0899320463
2015-12-08,660164.0507337659,1821523.9520547225,1051645.7954255783,511339.791662329,293889.86216092727
2015-12-09,655232.6850109529,1784880.475422316,1041336.0650928112,505937.0299916802,291498.3268528038
2015-12-10,654930.2993339814,1780227.8430992346,1039958.3914182992,505180.86930522614,291299.9777632686
2015-12-11,645583.6054326429,1712278.636625637,1019791.926746992,495026.95639158983,286985.7814831021
2015-12-14,637465.6000149866,1649993.498484199,1002248.3541596689,486347.6990957901,283329.76975061273
2015-12-15,653905.2972525998,1776810.6925215572,1034053.4103009691,501931.0747831212,290621.4721753304
2015-12-16,654122.2054107245,1773784.5292186744,1035791.0976409204,502766.0200898029,290697.8950886769
2015-12-17,659664.041144815,1812847.111998096,1047711.5808820071,508578.6727700553,293156.3920603301
2015-12-18,651725.8486768996,1753699.9241546574,1032736.1747501146,501660.84300382325,289904.47113442485
2015-12-21,646571.4270448386,1715818.057505566,1023519.3364688227,494667.5933341361,286276.33500784147
2015-12-22,646481.8366727852,1714473.8487975164,1025016.134965769,494953.9521192554,286013.04549996415
2015-12-23,653483.1064936636,1770161.42667908,1042692.5427147504,505762.8920047598,290411.6686383398
2015-12-24,652112.6205293089,1758876.9774740797,1041326.6346256334,503995.0854349688,289177.6161969503
2015-12-25,652182.724857391,1758927.8869339535,1042245.1585243957,503995.0007455147,288958.69701399625
2015-12-28,648450.6491006927,1729582.0003965688,1035019.9364524002,498665.4404270685,286254.6359145218
2015-12-29,655735.3977087798,1785363.054168402,1051882.601822908,508732.44941276754,290594.06118383206
2015-12-30,653063.5659876651,1764137.2711547746,1047145.1946520631,505173.580688574,288679.6713869648
2015-12-31,649151.9344321575,1734128.636617084,1049627.7305713876,504668.3987065013,286882.1459838343
