ticker,strategy,Final [EUR],Total Return [%],CAGR [%],Vol (ann.) [%],Sharpe,Sortino,Max Drawdown [%],Calmar,Worst Year [%],Best Year [%],Years,dividends,interest,short_premium_received,short_buyback_paid,short_settle_paid,commissions,spread_cost,stock_fees,ftt,n_assignments,n_short_cycles,n_leaps_rolls,n_trades,min_cash,prem,skew,spread,p_short_target_delta,sweep,p_leaps_open_min_dte,p_defend_delta,div_yield
FP.PA,PMCC,391376.0,293.6,9.28,17.2,0.33,0.47,-28.1,0.33,-16.5,37.2,15.4,0.0,108820.0,374293.0,22110.0,224859.0,22964.0,52035.0,0.0,0.0,32,198,12,237,62804.0,vix,0.0,0.01,0.2,grid,,,
FP.PA,CoveredCall,540265.0,441.7,11.57,23.1,0.38,0.5,-41.7,0.28,-24.3,40.5,15.4,230983.0,1520.0,462737.0,0.0,273839.0,23037.0,39492.0,19295.0,12327.0,31,186,0,390,9.0,vix,0.0,0.01,0.2,grid,,,
FP.PA,PMCC,464982.0,367.6,10.51,15.8,0.41,0.58,-26.5,0.4,-14.5,33.9,15.4,0.0,124335.0,552432.0,29062.0,351568.0,25972.0,59012.0,0.0,0.0,40,198,12,237,59767.0,vix,0.0,0.01,0.25,grid,,,
FP.PA,CoveredCall,577972.0,479.5,12.06,21.9,0.41,0.53,-40.9,0.29,-23.0,36.5,15.4,245598.0,1563.0,636844.0,2546.0,421887.0,24663.0,42279.0,25562.0,16628.0,40,186,0,435,11.0,vix,0.0,0.01,0.25,grid,,,
FP.PA,PMCC,699004.0,603.0,13.47,13.9,0.63,0.84,-22.9,0.59,-8.0,32.3,15.4,0.0,153948.0,1064856.0,58496.0,642825.0,30933.0,70647.0,0.0,0.0,57,198,12,237,59767.0,vix,0.0,0.01,0.35,grid,,,
FP.PA,CoveredCall,945472.0,848.0,15.69,20.2,0.58,0.71,-37.8,0.41,-16.1,44.6,15.4,320270.0,1839.0,1342502.0,2331.0,815603.0,31551.0,54087.0,49945.0,40429.0,57,186,0,499,9.0,vix,0.0,0.01,0.35,grid,,,
FP.PA,PMCC,365700.0,269.0,8.83,17.4,0.3,0.44,-28.7,0.31,-17.1,36.6,15.4,0.0,104230.0,363122.0,21407.0,219246.0,22320.0,67004.0,0.0,0.0,32,198,12,237,61237.0,vix,0.0,0.02,0.2,grid,,,
FP.PA,CoveredCall,540265.0,441.7,11.57,23.1,0.38,0.5,-41.7,0.28,-24.3,40.5,15.4,230983.0,1520.0,462737.0,0.0,273839.0,23037.0,39492.0,19295.0,12327.0,31,186,0,390,9.0,vix,0.0,0.02,0.2,grid,,,
FP.PA,PMCC,429399.0,333.3,9.97,15.9,0.38,0.54,-27.4,0.36,-15.2,32.8,15.4,0.0,117979.0,529438.0,27788.0,337712.0,24882.0,74976.0,0.0,0.0,40,198,12,237,59434.0,vix,0.0,0.02,0.25,grid,,,
FP.PA,CoveredCall,577972.0,479.5,12.06,21.9,0.41,0.53,-40.9,0.29,-23.0,36.5,15.4,245598.0,1563.0,636844.0,2546.0,421887.0,24663.0,42279.0,25562.0,16628.0,40,186,0,435,11.0,vix,0.0,0.02,0.25,grid,,,
FP.PA,PMCC,657261.0,563.2,13.04,14.0,0.6,0.79,-23.2,0.56,-8.5,32.3,15.4,0.0,147486.0,1030244.0,56518.0,625060.0,29993.0,91311.0,0.0,0.0,57,198,12,237,59434.0,vix,0.0,0.02,0.35,grid,,,
FP.PA,CoveredCall,945438.0,848.0,15.69,20.2,0.58,0.71,-37.8,0.41,-16.1,44.6,15.4,320271.0,1839.0,1342440.0,2451.0,815603.0,31554.0,54155.0,49945.0,40429.0,57,186,0,500,7.0,vix,0.0,0.02,0.35,grid,,,
FP.PA,PMCC,338531.0,242.7,8.31,17.5,0.28,0.4,-28.9,0.29,-17.4,35.5,15.4,0.0,99161.0,347139.0,20446.0,210747.0,21394.0,79913.0,0.0,0.0,32,198,12,237,60427.0,vix,0.0,0.03,0.2,grid,,,
FP.PA,CoveredCall,540265.0,441.7,11.57,23.1,0.38,0.5,-41.7,0.28,-24.3,40.5,15.4,230983.0,1520.0,462737.0,0.0,273839.0,23037.0,39492.0,19295.0,12327.0,31,186,0,390,9.0,vix,0.0,0.03,0.2,grid,,,
FP.PA,PMCC,400341.0,305.3,9.49,16.1,0.35,0.49,-27.8,0.34,-15.7,31.6,15.4,0.0,112685.0,510666.0,26804.0,326651.0,24022.0,90169.0,0.0,0.0,40,198,12,237,59102.0,vix,0.0,0.03,0.25,grid,,,
FP.PA,CoveredCall,577970.0,479.5,12.06,21.9,0.41,0.53,-40.9,0.29,-23.0,36.5,15.4,245598.0,1562.0,636842.0,2546.0,421887.0,24663.0,42281.0,25562.0,16628.0,40,186,0,435,11.0,vix,0.0,0.03,0.25,grid,,,
FP.PA,PMCC,609912.0,517.5,12.52,14.1,0.57,0.74,-23.7,0.53,-8.9,32.0,15.4,0.0,140045.0,984734.0,54014.0,600720.0,28772.0,110916.0,0.0,0.0,57,198,12,237,59102.0,vix,0.0,0.03,0.35,grid,,,
FP.PA,CoveredCall,941412.0,843.9,15.66,20.2,0.58,0.71,-37.8,0.41,-16.1,44.5,15.4,319396.0,1864.0,1335937.0,418.0,813727.0,31404.0,56295.0,49790.0,40239.0,57,186,0,492,11.0,vix,0.0,0.03,0.35,grid,,,
FP.PA,PMCC,274531.0,176.2,6.8,17.4,0.2,0.28,-33.0,0.21,-19.9,35.0,15.4,0.0,83626.0,269516.0,14570.0,204019.0,18548.0,42483.0,0.0,0.0,36,198,12,237,54494.0,vix,0.1,0.01,0.2,grid,,,
FP.PA,CoveredCall,387280.0,288.3,9.19,22.6,0.29,0.38,-43.0,0.21,-25.3,38.1,15.4,185400.0,1328.0,331555.0,1187.0,260069.0,18790.0,32211.0,17803.0,10237.0,36,186,0,359,14.0,vix,0.1,0.01,0.2,grid,,,
FP.PA,PMCC,330425.0,232.4,8.09,16.2,0.27,0.38,-30.7,0.26,-17.8,29.7,15.4,0.0,98118.0,432518.0,24756.0,327061.0,21560.0,49509.0,0.0,0.0,42,198,12,237,56097.0,vix,0.1,0.01,0.25,grid,,,
FP.PA,CoveredCall,462510.0,363.8,10.45,21.5,0.35,0.44,-41.8,0.25,-24.5,34.4,15.4,216731.0,1474.0,533016.0,139.0,419976.0,21707.0,37212.0,23435.0,13768.0,42,186,0,416,8.0,vix,0.1,0.01,0.25,grid,,,
FP.PA,PMCC,524359.0,427.5,11.38,14.2,0.49,0.64,-26.9,0.42,-10.4,30.1,15.4,0.0,124235.0,847816.0,45215.0,564997.0,26129.0,60303.0,0.0,0.0,58,198,12,237,56097.0,vix,0.1,0.01,0.35,grid,,,
FP.PA,CoveredCall,724397.0,626.3,13.71,19.8,0.5,0.61,-38.9,0.35,-17.2,42.7,15.4,267295.0,1739.0,1062928.0,0.0,716052.0,26439.0,45324.0,41720.0,31491.0,58,186,0,469,11.0,vix,0.1,0.01,0.35,grid,,,
FP.PA,PMCC,256440.0,158.9,6.36,17.6,0.18,0.25,-33.1,0.19,-20.1,34.2,15.4,0.0,80201.0,260656.0,14062.0,198826.0,17986.0,54869.0,0.0,0.0,36,198,12,237,54128.0,vix,0.1,0.02,0.2,grid,,,
FP.PA,CoveredCall,387280.0,288.3,9.19,22.6,0.29,0.38,-43.0,0.21,-25.3,38.1,15.4,185400.0,1328.0,331555.0,1187.0,260069.0,18790.0,32211.0,17803.0,10237.0,36,186,0,359,14.0,vix,0.1,0.02,0.2,grid,,,
FP.PA,PMCC,308918.0,211.9,7.65,16.3,0.25,0.34,-30.9,0.25,-18.1,28.8,15.4,0.0,93953.0,419971.0,24149.0,318921.0,20965.0,64247.0,0.0,0.0,42,198,12,237,55730.0,vix,0.1,0.02,0.25,grid,,,
FP.PA,CoveredCall,462510.0,363.8,10.45,21.5,0.35,0.44,-41.8,0.25,-24.5,34.4,15.4,216731.0,1474.0,533016.0,139.0,419976.0,21707.0,37212.0,23435.0,13768.0,42,186,0,416,8.0,vix,0.1,0.02,0.25,grid,,,
FP.PA,PMCC,484231.0,388.9,10.83,14.3,0.46,0.59,-27.2,0.4,-10.8,29.8,15.4,0.0,117945.0,807072.0,42988.0,540367.0,24939.0,77087.0,0.0,0.0,58,198,12,237,55730.0,vix,0.1,0.02,0.35,grid,,,
FP.PA,CoveredCall,724391.0,626.3,13.71,19.8,0.5,0.61,-38.9,0.35,-17.2,42.7,15.4,267256.0,1734.0,1062667.0,0.0,716052.0,26432.0,45355.0,41720.0,31491.0,58,186,0,468,5.0,vix,0.1,0.02,0.35,grid,,,
FP.PA,PMCC,234310.0,137.5,5.76,17.8,0.15,0.21,-34.1,0.17,-20.9,33.1,15.4,0.0,75578.0,249695.0,13438.0,191713.0,17258.0,65734.0,0.0,0.0,36,198,12,237,53761.0,vix,0.1,0.03,0.2,grid,,,
FP.PA,CoveredCall,387280.0,288.3,9.19,22.6,0.29,0.38,-43.0,0.21,-25.3,38.1,15.4,185400.0,1328.0,331555.0,1187.0,260069.0,18790.0,32211.0,17803.0,10237.0,36,186,0,359,14.0,vix,0.1,0.03,0.2,grid,,,
FP.PA,PMCC,284901.0,188.7,7.11,16.4,0.22,0.3,-31.1,0.23,-18.4,27.7,15.4,0.0,89247.0,401345.0,23164.0,305496.0,20039.0,76763.0,0.0,0.0,42,198,12,237,55364.0,vix,0.1,0.03,0.25,grid,,,
FP.PA,CoveredCall,462520.0,363.8,10.45,21.5,0.35,0.44,-41.8,0.25,-24.5,34.4,15.4,216732.0,1478.0,533008.0,88.0,419976.0,21700.0,37207.0,23435.0,13768.0,42,186,0,415,8.0,vix,0.1,0.03,0.25,grid,,,
FP.PA,PMCC,447909.0,353.9,10.3,14.5,0.42,0.54,-28.1,0.37,-11.6,29.2,15.4,0.0,111818.0,774718.0,41179.0,521007.0,24015.0,93970.0,0.0,0.0,58,198,12,237,55364.0,vix,0.1,0.03,0.35,grid,,,
FP.PA,CoveredCall,720346.0,622.3,13.67,19.8,0.5,0.6,-38.9,0.35,-17.2,42.7,15.4,267107.0,1733.0,1060447.0,2404.0,715775.0,26497.0,47100.0,41702.0,31465.0,58,186,0,467,7.0,vix,0.1,0.03,0.35,grid,,,
FP.PA,PMCC,215448.0,116.6,5.14,17.2,0.11,0.16,-28.5,0.18,-12.9,26.2,15.4,0.0,77190.0,219590.0,12789.0,235876.0,16632.0,36282.0,0.0,0.0,47,198,12,237,52022.0,1.0,0.0,0.01,0.2,grid,,,
FP.PA,CoveredCall,253743.0,154.4,6.24,22.5,0.18,0.23,-41.9,0.15,-23.4,29.6,15.4,147444.0,1401.0,240787.0,302.0,262334.0,15104.0,25893.0,17864.0,10304.0,46,186,0,337,10.0,1.0,0.0,0.01,0.2,grid,,,
FP.PA,PMCC,248489.0,149.8,6.11,16.2,0.16,0.22,-27.9,0.22,-13.9,28.7,15.4,0.0,83751.0,308729.0,17995.0,300593.0,17838.0,38977.0,0.0,0.0,50,198,12,237,50779.0,1.0,0.0,0.01,0.25,grid,,,
FP.PA,CoveredCall,275531.0,176.3,6.81,21.6,0.2,0.25,-42.5,0.16,-24.2,29.4,15.4,152538.0,1487.0,326803.0,832.0,334289.0,15668.0,26859.0,19965.0,11223.0,50,186,0,364,9.0,1.0,0.0,0.01,0.25,grid,,,
FP.PA,PMCC,247792.0,149.1,6.09,14.4,0.16,0.21,-24.8,0.25,-6.4,24.5,15.4,0.0,83106.0,480195.0,26146.0,468466.0,17740.0,38768.0,0.0,0.0,71,198,12,237,51929.0,1.0,0.0,0.01,0.35,grid,,,
FP.PA,CoveredCall,274202.0,174.9,6.77,19.8,0.2,0.24,-39.5,0.17,-16.0,37.5,15.4,150048.0,1494.0,502707.0,1810.0,507210.0,15368.0,26346.0,27007.0,14095.0,71,186,0,430,9.0,1.0,0.0,0.01,0.35,grid,,,
FP.PA,PMCC,200988.0,102.7,4.68,17.3,0.09,0.12,-29.3,0.16,-13.2,25.0,15.4,0.0,73794.0,211393.0,12385.0,228046.0,16053.0,45446.0,0.0,0.0,47,198,12,237,50778.0,1.0,0.0,0.02,0.2,grid,,,
FP.PA,CoveredCall,253743.0,154.4,6.24,22.5,0.18,0.23,-41.9,0.15,-23.4,29.6,15.4,147444.0,1401.0,240787.0,302.0,262334.0,15104.0,25893.0,17864.0,10304.0,46,186,0,337,10.0,1.0,0.0,0.02,0.2,grid,,,
FP.PA,PMCC,231502.0,133.4,5.65,16.3,0.14,0.19,-28.4,0.2,-14.4,27.4,15.4,0.0,80175.0,298500.0,17367.0,290981.0,17258.0,48983.0,0.0,0.0,50,198,12,237,50322.0,1.0,0.0,0.02,0.25,grid,,,
FP.PA,CoveredCall,275531.0,176.3,6.81,21.6,0.2,0.25,-42.5,0.16,-24.2,29.4,15.4,152538.0,1487.0,326803.0,832.0,334289.0,15668.0,26859.0,19965.0,11223.0,50,186,0,364,9.0,1.0,0.0,0.02,0.25,grid,,,
FP.PA,PMCC,230855.0,132.8,5.63,14.6,0.13,0.17,-25.2,0.22,-6.9,24.0,15.4,0.0,79584.0,463734.0,25124.0,453113.0,17160.0,48756.0,0.0,0.0,71,198,12,237,51384.0,1.0,0.0,0.02,0.35,grid,,,
FP.PA,CoveredCall,274168.0,174.9,6.77,19.8,0.2,0.24,-39.5,0.17,-16.0,37.5,15.4,150077.0,1504.0,503107.0,2104.0,507445.0,15390.0,26420.0,27014.0,14106.0,71,186,0,431,10.0,1.0,0.0,0.02,0.35,grid,,,
FP.PA,PMCC,186802.0,88.9,4.21,17.4,0.06,0.09,-30.2,0.14,-13.6,23.9,15.4,0.0,70626.0,204514.0,12011.0,220486.0,15540.0,54046.0,0.0,0.0,47,198,12,237,50305.0,1.0,0.0,0.03,0.2,grid,,,
FP.PA,CoveredCall,253743.0,154.4,6.24,22.5,0.18,0.23,-41.9,0.15,-23.4,29.6,15.4,147444.0,1401.0,240787.0,302.0,262334.0,15104.0,25893.0,17864.0,10304.0,46,186,0,337,10.0,1.0,0.0,0.03,0.2,grid,,,
FP.PA,PMCC,215994.0,118.5,5.19,16.5,0.11,0.15,-28.9,0.18,-14.8,26.7,15.4,0.0,76673.0,288659.0,16823.0,282576.0,16697.0,58332.0,0.0,0.0,50,198,12,237,47240.0,1.0,0.0,0.03,0.25,grid,,,
FP.PA,CoveredCall,275534.0,176.3,6.81,21.6,0.2,0.25,-42.5,0.16,-24.2,29.4,15.4,152537.0,1488.0,326769.0,832.0,334289.0,15668.0,26893.0,19965.0,11223.0,50,186,0,364,13.0,1.0,0.0,0.03,0.25,grid,,,
FP.PA,PMCC,214697.0,117.1,5.15,14.6,0.1,0.13,-25.2,0.2,-7.4,23.7,15.4,0.0,76167.0,444831.0,24141.0,437740.0,16532.0,58206.0,0.0,0.0,71,198,12,237,48288.0,1.0,0.0,0.03,0.35,grid,,,
FP.PA,CoveredCall,274197.0,174.9,6.77,19.8,0.2,0.24,-39.5,0.17,-16.1,37.4,15.4,149984.0,1511.0,502238.0,2055.0,506652.0,15377.0,26923.0,26983.0,14094.0,71,186,0,431,7.0,1.0,0.0,0.03,0.35,grid,,,
FP.PA,PMCC,137857.0,38.6,2.14,17.3,-0.05,-0.07,-33.3,0.06,-17.9,26.7,15.4,0.0,57292.0,161659.0,8696.0,224444.0,13155.0,28945.0,0.0,0.0,49,198,12,237,35567.0,1.0,0.1,0.01,0.2,grid,,,
FP.PA,CoveredCall,171852.0,72.3,3.59,22.0,0.07,0.08,-44.3,0.08,-27.0,27.7,15.4,115009.0,1360.0,178744.0,338.0,252332.0,11998.0,20568.0,14402.0,7328.0,48,186,0,318,8.0,1.0,0.1,0.01,0.2,grid,,,
FP.PA,PMCC,195439.0,96.5,4.48,16.2,0.07,0.09,-29.5,0.15,-14.4,26.5,15.4,0.0,70724.0,260890.0,15669.0,281631.0,15620.0,34464.0,0.0,0.0,53,198,12,237,43045.0,1.0,0.1,0.01,0.25,grid,,,
FP.PA,CoveredCall,226538.0,127.1,5.46,21.1,0.14,0.18,-42.6,0.13,-24.1,30.8,15.4,135113.0,1442.0,283134.0,453.0,320013.0,13948.0,23910.0,18721.0,10255.0,53,186,0,356,10.0,1.0,0.1,0.01,0.25,grid,,,
FP.PA,PMCC,190645.0,91.7,4.31,14.6,0.05,0.06,-29.2,0.15,-10.5,21.7,15.4,0.0,69908.0,393255.0,20149.0,418704.0,15423.0,34047.0,0.0,0.0,72,198,12,237,43406.0,1.0,0.1,0.01,0.35,grid,,,
FP.PA,CoveredCall,217206.0,117.8,5.17,19.6,0.12,0.14,-42.2,0.12,-19.6,34.7,15.4,130722.0,1492.0,416534.0,2349.0,458602.0,13548.0,23226.0,23944.0,11406.0,72,186,0,395,13.0,1.0,0.1,0.01,0.35,grid,,,
FP.PA,PMCC,127728.0,28.9,1.66,17.5,-0.07,-0.1,-34.3,0.05,-18.3,25.3,15.4,0.0,54782.0,156170.0,8452.0,216888.0,12724.0,36462.0,0.0,0.0,49,198,12,237,35336.0,1.0,0.1,0.02,0.2,grid,,,
FP.PA,CoveredCall,171852.0,72.3,3.59,22.0,0.07,0.08,-44.3,0.08,-27.0,27.7,15.4,115009.0,1360.0,178744.0,338.0,252332.0,11998.0,20568.0,14402.0,7328.0,48,186,0,318,8.0,1.0,0.1,0.02,0.2,grid,,,
FP.PA,PMCC,182211.0,83.9,4.02,16.2,0.04,0.06,-29.8,0.13,-14.8,25.7,15.4,0.0,67894.0,251354.0,15102.0,272751.0,15074.0,43427.0,0.0,0.0,53,198,12,237,40609.0,1.0,0.1,0.02,0.25,grid,,,
FP.PA,CoveredCall,226538.0,127.1,5.46,21.1,0.14,0.18,-42.6,0.13,-24.1,30.8,15.4,135113.0,1442.0,283134.0,453.0,320013.0,13948.0,23910.0,18721.0,10255.0,53,186,0,356,10.0,1.0,0.1,0.02,0.25,grid,,,
FP.PA,PMCC,178257.0,79.9,3.88,14.7,0.02,0.03,-29.8,0.13,-10.9,21.6,15.4,0.0,67064.0,381671.0,19526.0,407771.0,15010.0,43293.0,0.0,0.0,72,198,12,237,40866.0,1.0,0.1,0.02,0.35,grid,,,
FP.PA,CoveredCall,217247.0,117.8,5.17,19.6,0.12,0.15,-42.2,0.12,-19.6,34.6,15.4,130707.0,1502.0,416402.0,2349.0,458602.0,13545.0,23231.0,23943.0,11406.0,72,186,0,397,12.0,1.0,0.1,0.02,0.35,grid,,,
FP.PA,PMCC,117905.0,19.4,1.15,17.5,-0.1,-0.14,-35.2,0.03,-18.7,23.9,15.4,0.0,52265.0,149476.0,8153.0,207966.0,12178.0,42938.0,0.0,0.0,49,198,12,237,34623.0,1.0,0.1,0.03,0.2,grid,,,
FP.PA,CoveredCall,171852.0,72.3,3.59,22.0,0.07,0.08,-44.3,0.08,-27.0,27.7,15.4,115009.0,1360.0,178744.0,338.0,252332.0,11998.0,20568.0,14402.0,7328.0,48,186,0,318,8.0,1.0,0.1,0.03,0.2,grid,,,
FP.PA,PMCC,169301.0,71.4,3.55,16.4,0.02,0.03,-30.3,0.12,-15.2,24.4,15.4,0.0,64754.0,243696.0,14626.0,264811.0,14628.0,51977.0,0.0,0.0,53,198,12,237,40222.0,1.0,0.1,0.03,0.25,grid,,,
FP.PA,CoveredCall,227274.0,127.9,5.48,21.1,0.14,0.18,-42.6,0.13,-24.1,30.8,15.4,135152.0,1461.0,283204.0,453.0,319773.0,13951.0,23923.0,18723.0,10256.0,53,186,0,358,6.0,1.0,0.1,0.03,0.25,grid,,,
FP.PA,PMCC,163523.0,65.6,3.32,14.9,-0.01,-0.01,-30.9,0.11,-11.5,21.1,15.4,0.0,63634.0,366958.0,18710.0,392874.0,14464.0,51750.0,0.0,0.0,72,198,12,237,39866.0,1.0,0.1,0.03,0.35,grid,,,
FP.PA,CoveredCall,217175.0,117.8,5.17,19.6,0.12,0.14,-42.2,0.12,-19.7,34.7,15.4,130683.0,1500.0,415966.0,2349.0,458602.0,13543.0,23621.0,23943.0,11406.0,72,186,0,396,15.0,1.0,0.1,0.03,0.35,grid,,,
FP.PA,PMCC,411672.0,314.0,9.64,17.4,0.34,0.5,-24.4,0.39,-8.7,37.1,15.4,0.0,111988.0,368661.0,22621.0,214357.0,23891.0,54231.0,0.0,0.0,34,198,12,237,62552.0,1.2,0.0,0.01,0.2,grid,,,
FP.PA,CoveredCall,560762.0,462.3,11.84,23.0,0.39,0.52,-39.6,0.3,-19.6,40.0,15.4,237767.0,1462.0,448914.0,191.0,251728.0,23765.0,40740.0,20576.0,13386.0,33,186,0,390,5.0,1.2,0.0,0.01,0.2,grid,,,
FP.PA,PMCC,404741.0,307.1,9.52,16.3,0.35,0.49,-22.9,0.42,-6.0,30.4,15.4,0.0,108783.0,490436.0,26303.0,339929.0,23196.0,52676.0,0.0,0.0,47,198,12,237,59318.0,1.2,0.0,0.01,0.25,grid,,,
FP.PA,CoveredCall,519768.0,421.2,11.29,21.9,0.38,0.49,-39.3,0.29,-18.0,38.6,15.4,225163.0,1458.0,581592.0,745.0,404639.0,22591.0,38727.0,27581.0,19321.0,46,186,0,423,5.0,1.2,0.0,0.01,0.25,grid,,,
FP.PA,PMCC,538326.0,441.4,11.57,14.5,0.5,0.66,-21.7,0.53,-2.3,29.9,15.4,0.0,132800.0,876848.0,52233.0,607455.0,27641.0,62963.0,0.0,0.0,58,198,12,237,59318.0,1.2,0.0,0.01,0.35,grid,,,
FP.PA,CoveredCall,703931.0,605.8,13.5,20.3,0.49,0.6,-37.6,0.36,-13.2,48.5,15.4,274117.0,1734.0,1059791.0,3517.0,744127.0,27314.0,46824.0,42094.0,31391.0,58,186,0,473,11.0,1.2,0.0,0.01,0.35,grid,,,
FP.PA,PMCC,381719.0,285.2,9.13,17.5,0.32,0.46,-25.0,0.37,-9.3,35.9,15.4,0.0,106551.0,353372.0,21621.0,206557.0,22916.0,69059.0,0.0,0.0,34,198,12,237,62492.0,1.2,0.0,0.02,0.2,grid,,,
FP.PA,CoveredCall,560762.0,462.3,11.84,23.0,0.39,0.52,-39.6,0.3,-19.6,40.0,15.4,237767.0,1462.0,448914.0,191.0,251728.0,23765.0,40740.0,20576.0,13386.0,33,186,0,390,5.0,1.2,0.0,0.02,0.2,grid,,,
FP.PA,PMCC,374088.0,277.5,8.99,16.4,0.32,0.44,-23.3,0.39,-6.5,29.3,15.4,0.0,103310.0,469011.0,25214.0,326349.0,22204.0,66948.0,0.0,0.0,47,198,12,237,58979.0,1.2,0.0,0.02,0.25,grid,,,
FP.PA,CoveredCall,519768.0,421.2,11.29,21.9,0.38,0.49,-39.3,0.29,-18.0,38.6,15.4,225163.0,1458.0,581592.0,745.0,404639.0,22591.0,38727.0,27581.0,19321.0,46,186,0,423,5.0,1.2,0.0,0.02,0.25,grid,,,
FP.PA,PMCC,502699.0,407.3,11.1,14.6,0.47,0.61,-22.3,0.5,-2.8,29.3,15.4,0.0,126839.0,848396.0,50347.0,590335.0,26766.0,81288.0,0.0,0.0,58,198,12,237,58979.0,1.2,0.0,0.02,0.35,grid,,,
FP.PA,CoveredCall,707819.0,609.7,13.54,20.3,0.49,0.6,-37.6,0.36,-13.3,48.6,15.4,274160.0,1731.0,1059907.0,0.0,744435.0,27228.0,46879.0,42109.0,31414.0,58,186,0,474,6.0,1.2,0.0,0.02,0.35,grid,,,
FP.PA,PMCC,354273.0,258.8,8.63,17.6,0.29,0.42,-25.3,0.34,-9.8,34.7,15.4,0.0,101620.0,339247.0,20722.0,199597.0,22040.0,82777.0,0.0,0.0,34,198,12,237,61289.0,1.2,0.0,0.03,0.2,grid,,,
FP.PA,CoveredCall,560762.0,462.3,11.84,23.0,0.39,0.52,-39.6,0.3,-19.6,40.0,15.4,237767.0,1462.0,448914.0,191.0,251728.0,23765.0,40740.0,20576.0,13386.0,33,186,0,390,5.0,1.2,0.0,0.03,0.2,grid,,,
FP.PA,PMCC,347410.0,251.8,8.49,16.5,0.29,0.4,-23.9,0.35,-7.1,28.0,15.4,0.0,98450.0,451353.0,24319.0,315033.0,21378.0,80408.0,0.0,0.0,47,198,12,237,58639.0,1.2,0.0,0.03,0.25,grid,,,
FP.PA,CoveredCall,519767.0,421.2,11.29,21.9,0.38,0.49,-39.3,0.29,-18.1,38.7,15.4,225137.0,1458.0,581447.0,745.0,404639.0,22591.0,38872.0,27581.0,19321.0,46,186,0,425,6.0,1.2,0.0,0.03,0.25,grid,,,
FP.PA,PMCC,464734.0,370.6,10.56,14.8,0.43,0.57,-22.7,0.47,-3.3,28.9,15.4,0.0,120431.0,810607.0,48103.0,566240.0,25643.0,98182.0,0.0,0.0,58,198,12,237,58639.0,1.2,0.0,0.03,0.35,grid,,,
FP.PA,CoveredCall,699853.0,601.7,13.46,20.3,0.49,0.6,-37.6,0.36,-13.4,48.4,15.4,273532.0,1748.0,1055994.0,3387.0,743296.0,27260.0,48424.0,42019.0,31316.0,58,186,0,476,5.0,1.2,0.0,0.03,0.35,grid,,,
FP.PA,PMCC,290326.0,192.1,7.19,17.5,0.22,0.31,-27.0,0.27,-11.8,27.6,15.4,0.0,86282.0,289137.0,16371.0,225759.0,19460.0,44893.0,0.0,0.0,41,198,12,237,55109.0,1.2,0.1,0.01,0.2,grid,,,
FP.PA,CoveredCall,401013.0,302.1,9.44,22.6,0.3,0.39,-40.6,0.23,-21.8,36.2,15.4,191227.0,1441.0,355201.0,1034.0,272114.0,19420.0,33291.0,20123.0,11912.0,40,186,0,365,12.0,1.2,0.1,0.01,0.2,grid,,,
FP.PA,PMCC,289437.0,191.2,7.17,16.5,0.22,0.3,-26.7,0.27,-11.0,29.5,15.4,0.0,85784.0,387981.0,19066.0,324551.0,19425.0,44853.0,0.0,0.0,49,198,12,237,45684.0,1.2,0.1,0.01,0.25,grid,,,
FP.PA,CoveredCall,384659.0,285.7,9.14,21.4,0.3,0.37,-40.3,0.23,-21.4,35.7,15.4,187319.0,1483.0,462570.0,852.0,389345.0,18991.0,32556.0,23505.0,15003.0,48,186,0,403,21.0,1.2,0.1,0.01,0.25,grid,,,
FP.PA,PMCC,431696.0,334.3,9.98,14.4,0.4,0.52,-21.8,0.46,-2.4,26.6,15.4,0.0,113791.0,759828.0,42040.0,581097.0,24852.0,57616.0,0.0,0.0,62,198,12,237,55690.0,1.2,0.1,0.01,0.35,grid,,,
FP.PA,CoveredCall,552499.0,454.0,11.73,19.8,0.42,0.5,-36.7,0.32,-12.3,44.3,15.4,237754.0,1641.0,886568.0,2572.0,691034.0,23854.0,40893.0,38687.0,26527.0,62,186,0,465,6.0,1.2,0.1,0.01,0.35,grid,,,
FP.PA,PMCC,266811.0,169.4,6.63,17.6,0.19,0.27,-27.8,0.24,-12.4,26.8,15.4,0.0,81887.0,276698.0,15716.0,217643.0,18650.0,57530.0,0.0,0.0,41,198,12,237,51331.0,1.2,0.1,0.02,0.2,grid,,,
FP.PA,CoveredCall,401013.0,302.1,9.44,22.6,0.3,0.39,-40.6,0.23,-21.8,36.2,15.4,191227.0,1441.0,355201.0,1034.0,272114.0,19420.0,33291.0,20123.0,11912.0,40,186,0,365,12.0,1.2,0.1,0.02,0.2,grid,,,
FP.PA,PMCC,266487.0,169.1,6.62,16.5,0.19,0.26,-27.0,0.25,-11.5,28.3,15.4,0.0,81320.0,370600.0,18335.0,311801.0,18582.0,57434.0,0.0,0.0,49,198,12,237,44203.0,1.2,0.1,0.02,0.25,grid,,,
FP.PA,CoveredCall,384659.0,285.7,9.14,21.4,0.3,0.37,-40.3,0.23,-21.4,35.7,15.4,187319.0,1483.0,462570.0,852.0,389345.0,18991.0,32556.0,23505.0,15003.0,48,186,0,403,21.0,1.2,0.1,0.02,0.25,grid,,,
FP.PA,PMCC,398725.0,302.7,9.45,14.5,0.37,0.48,-22.1,0.43,-2.8,26.2,15.4,0.0,108009.0,726810.0,40179.0,556999.0,23810.0,74172.0,0.0,0.0,62,198,12,237,55318.0,1.2,0.1,0.02,0.35,grid,,,
FP.PA,CoveredCall,552506.0,454.0,11.73,19.8,0.42,0.5,-36.7,0.32,-12.4,44.4,15.4,237743.0,1642.0,886313.0,2572.0,691034.0,23852.0,41058.0,38687.0,26527.0,62,186,0,465,6.0,1.2,0.1,0.02,0.35,grid,,,
FP.PA,PMCC,246619.0,150.0,6.12,17.8,0.16,0.23,-28.1,0.22,-12.9,25.5,15.4,0.0,77906.0,266083.0,15131.0,210586.0,17988.0,69458.0,0.0,0.0,41,198,12,237,50322.0,1.2,0.1,0.03,0.2,grid,,,
FP.PA,CoveredCall,401011.0,302.1,9.44,22.6,0.3,0.39,-40.6,0.23,-21.8,36.2,15.4,191192.0,1445.0,355134.0,1034.0,271924.0,19416.0,33287.0,20115.0,11898.0,40,186,0,366,6.0,1.2,0.1,0.03,0.2,grid,,,
FP.PA,PMCC,245276.0,148.6,6.08,16.7,0.16,0.22,-27.7,0.22,-12.1,26.9,15.4,0.0,77093.0,357014.0,17712.0,300386.0,17904.0,69244.0,0.0,0.0,49,198,12,237,43411.0,1.2,0.1,0.03,0.25,grid,,,
FP.PA,CoveredCall,384679.0,285.7,9.14,21.4,0.3,0.37,-40.3,0.23,-21.4,35.7,15.4,187316.0,1484.0,462474.0,745.0,389345.0,18977.0,32567.0,23505.0,15003.0,48,186,0,403,4.0,1.2,0.1,0.03,0.25,grid,,,
FP.PA,PMCC,367131.0,272.2,8.89,14.7,0.33,0.43,-22.9,0.39,-3.5,25.6,15.4,0.0,102342.0,697967.0,38372.0,536865.0,22902.0,90318.0,0.0,0.0,62,198,12,237,54945.0,1.2,0.1,0.03,0.35,grid,,,
FP.PA,CoveredCall,552585.0,454.1,11.73,19.8,0.42,0.5,-36.7,0.32,-12.5,44.5,15.4,237524.0,1654.0,884148.0,1041.0,690207.0,23781.0,42221.0,38646.0,26477.0,62,186,0,463,9.0,1.2,0.1,0.03,0.35,grid,,,
MC.PA,PMCC,663663.0,566.1,13.07,20.1,0.47,0.71,-38.7,0.34,-15.4,64.8,15.4,0.0,144977.0,590447.0,43021.0,281851.0,12680.0,44647.0,0.0,0.0,22,197,12,236,44845.0,vix,0.0,0.01,0.2,grid,,,
MC.PA,CoveredCall,648797.0,549.7,12.89,26.8,0.41,0.55,-65.0,0.2,-34.0,86.2,15.4,75878.0,3080.0,487789.0,2333.0,259648.0,8508.0,14586.0,15748.0,14017.0,23,186,0,271,15.0,vix,0.0,0.01,0.2,grid,,,
MC.PA,PMCC,713384.0,616.0,13.6,19.1,0.51,0.75,-36.5,0.37,-12.8,66.5,15.4,0.0,156654.0,821504.0,57039.0,486960.0,13776.0,48609.0,0.0,0.0,29,197,12,236,48717.0,vix,0.0,0.01,0.25,grid,,,
MC.PA,CoveredCall,653173.0,554.1,12.94,25.6,0.42,0.54,-62.7,0.21,-34.9,92.3,15.4,78375.0,3041.0,648589.0,5561.0,430991.0,8843.0,15171.0,20393.0,14121.0,33,186,0,299,16.0,vix,0.0,0.01,0.25,grid,,,
MC.PA,PMCC,877031.0,780.2,15.13,16.6,0.64,0.87,-31.4,0.48,-14.8,65.3,15.4,0.0,184755.0,1558866.0,110935.0,1064023.0,15997.0,57255.0,0.0,0.0,60,197,12,236,53895.0,vix,0.0,0.01,0.35,grid,,,
MC.PA,CoveredCall,750015.0,651.1,13.96,23.4,0.47,0.57,-59.7,0.23,-36.9,86.2,15.4,87060.0,3277.0,1167377.0,7685.0,881302.0,9758.0,17291.0,38507.0,22938.0,66,186,0,387,29.0,vix,0.0,0.01,0.35,grid,,,
MC.PA,PMCC,624368.0,528.5,12.65,20.4,0.45,0.67,-39.0,0.32,-15.6,64.0,15.4,0.0,139109.0,573121.0,41887.0,271789.0,12383.0,68689.0,0.0,0.0,22,197,12,236,44142.0,vix,0.0,0.02,0.2,grid,,,
MC.PA,CoveredCall,648638.0,549.5,12.89,26.8,0.41,0.55,-65.0,0.2,-34.0,86.2,15.4,75877.0,3097.0,487311.0,2333.0,259648.0,8508.0,15064.0,15748.0,14017.0,23,186,0,271,30.0,vix,0.0,0.02,0.2,grid,,,
MC.PA,PMCC,658539.0,562.9,13.04,19.0,0.49,0.72,-35.5,0.37,-12.7,65.5,15.4,0.0,148557.0,779005.0,54432.0,461955.0,13164.0,74955.0,0.0,0.0,29,197,12,236,49732.0,vix,0.0,0.02,0.25,grid,,,
MC.PA,CoveredCall,652581.0,553.5,12.93,25.6,0.42,0.54,-62.6,0.21,-34.7,92.3,15.4,78340.0,3053.0,646387.0,5561.0,430814.0,8836.0,17007.0,20379.0,14119.0,33,186,0,300,28.0,vix,0.0,0.02,0.25,grid,,,
MC.PA,PMCC,814139.0,719.5,14.6,16.7,0.61,0.83,-31.6,0.46,-14.9,64.7,15.4,0.0,176297.0,1492299.0,107562.0,1023210.0,15484.0,96531.0,0.0,0.0,60,197,12,236,52956.0,vix,0.0,0.02,0.35,grid,,,
MC.PA,CoveredCall,735238.0,636.3,13.81,23.4,0.46,0.56,-59.7,0.23,-36.9,86.1,15.4,86693.0,3189.0,1156440.0,13567.0,879254.0,9776.0,25074.0,38398.0,22809.0,66,186,0,387,21.0,vix,0.0,0.02,0.35,grid,,,
MC.PA,PMCC,572659.0,478.1,12.04,20.1,0.43,0.64,-37.8,0.32,-15.7,62.8,15.4,0.0,131038.0,536994.0,39672.0,254723.0,11722.0,90586.0,0.0,0.0,22,197,12,236,45326.0,vix,0.0,0.03,0.2,grid,,,
MC.PA,CoveredCall,643173.0,544.1,12.83,26.8,0.41,0.55,-64.9,0.2,-33.9,86.2,15.4,75765.0,3106.0,483741.0,2333.0,259648.0,8496.0,17530.0,15720.0,13979.0,23,186,0,271,13.0,vix,0.0,0.03,0.2,grid,,,
MC.PA,PMCC,603797.0,509.6,12.43,19.1,0.46,0.67,-35.7,0.35,-13.3,63.9,15.4,0.0,140417.0,739345.0,52028.0,439021.0,12684.0,101830.0,0.0,0.0,29,197,12,236,48970.0,vix,0.0,0.03,0.25,grid,,,
MC.PA,CoveredCall,646949.0,547.9,12.87,25.6,0.41,0.54,-62.6,0.21,-34.7,92.1,15.4,77925.0,3194.0,638094.0,4034.0,426711.0,8778.0,21294.0,20246.0,13956.0,33,186,0,300,20.0,vix,0.0,0.03,0.25,grid,,,
MC.PA,PMCC,720683.0,627.7,13.72,16.8,0.56,0.76,-32.0,0.43,-15.6,62.5,15.4,0.0,162635.0,1366682.0,100044.0,941495.0,14474.0,131188.0,0.0,0.0,60,197,12,236,51791.0,vix,0.0,0.03,0.35,grid,,,
MC.PA,CoveredCall,705677.0,606.8,13.51,23.4,0.45,0.55,-59.7,0.23,-37.8,85.7,15.4,83813.0,3141.0,1106210.0,8108.0,846123.0,9457.0,34771.0,37115.0,21751.0,66,186,0,379,42.0,vix,0.0,0.03,0.35,grid,,,
MC.PA,PMCC,439189.0,340.9,10.09,20.4,0.34,0.51,-38.9,0.26,-19.0,63.6,15.4,0.0,105729.0,409407.0,26857.0,257434.0,10064.0,35571.0,0.0,0.0,23,196,12,234,41783.0,vix,0.1,0.01,0.2,grid,,,
MC.PA,CoveredCall,449228.0,349.9,10.23,26.2,0.32,0.43,-64.7,0.16,-35.2,81.0,15.4,59350.0,3123.0,345570.0,1005.0,239160.0,6912.0,11850.0,12720.0,9977.0,24,186,0,254,35.0,vix,0.1,0.01,0.2,grid,,,
MC.PA,PMCC,496703.0,398.6,10.97,19.4,0.39,0.57,-37.7,0.29,-16.8,61.1,15.4,0.0,116491.0,575487.0,37727.0,385169.0,10894.0,38642.0,0.0,0.0,32,196,12,234,44920.0,vix,0.1,0.01,0.25,grid,,,
MC.PA,CoveredCall,488700.0,389.4,10.84,25.1,0.35,0.45,-63.0,0.17,-36.5,88.6,15.4,63335.0,2837.0,482352.0,3427.0,357388.0,7360.0,12618.0,18185.0,11989.0,37,186,0,290,28.0,vix,0.1,0.01,0.25,grid,,,
MC.PA,PMCC,657430.0,560.0,13.01,16.8,0.53,0.71,-31.3,0.41,-17.4,59.9,15.4,0.0,145121.0,1236704.0,90030.0,892231.0,13263.0,47932.0,0.0,0.0,62,196,12,234,49889.0,vix,0.1,0.01,0.35,grid,,,
MC.PA,CoveredCall,602987.0,503.8,12.36,22.9,0.41,0.5,-60.0,0.21,-37.7,82.1,15.4,73762.0,3278.0,967469.0,2377.0,771316.0,8438.0,14910.0,33981.0,20428.0,67,186,0,372,34.0,vix,0.1,0.01,0.35,grid,,,
MC.PA,PMCC,406535.0,309.4,9.56,20.5,0.32,0.48,-39.2,0.24,-19.1,62.9,15.4,0.0,100748.0,391630.0,25755.0,245306.0,9667.0,53598.0,0.0,0.0,23,196,12,234,41064.0,vix,0.1,0.02,0.2,grid,,,
MC.PA,CoveredCall,449547.0,350.2,10.24,26.2,0.32,0.43,-64.7,0.16,-35.2,81.0,15.4,59417.0,3047.0,345557.0,1005.0,239160.0,6914.0,12059.0,12719.0,9976.0,24,186,0,255,35.0,vix,0.1,0.02,0.2,grid,,,
MC.PA,PMCC,452999.0,356.2,10.33,19.3,0.36,0.53,-36.6,0.28,-17.5,59.4,15.4,0.0,109852.0,543892.0,35779.0,362933.0,10397.0,58887.0,0.0,0.0,32,196,12,234,46043.0,vix,0.1,0.02,0.25,grid,,,
MC.PA,CoveredCall,488572.0,389.3,10.84,25.1,0.35,0.45,-63.0,0.17,-36.5,88.4,15.4,63312.0,2868.0,481252.0,3427.0,356616.0,7360.0,13732.0,18181.0,11984.0,37,186,0,290,28.0,vix,0.1,0.02,0.25,grid,,,
MC.PA,PMCC,600965.0,505.2,12.37,16.9,0.49,0.66,-31.6,0.39,-17.6,58.9,15.4,0.0,137224.0,1177408.0,86544.0,854056.0,12784.0,79667.0,0.0,0.0,62,196,12,234,48992.0,vix,0.1,0.02,0.35,grid,,,
MC.PA,CoveredCall,588231.0,489.1,12.18,22.9,0.41,0.49,-60.1,0.2,-37.8,80.7,15.4,73169.0,3256.0,952961.0,3729.0,763226.0,8388.0,20815.0,33614.0,20047.0,67,186,0,376,31.0,vix,0.1,0.02,0.35,grid,,,
MC.PA,PMCC,376928.0,280.8,9.05,20.7,0.29,0.44,-39.4,0.23,-19.7,62.0,15.4,0.0,95916.0,375404.0,24848.0,234131.0,9370.0,71629.0,0.0,0.0,23,196,12,234,40311.0,vix,0.1,0.03,0.2,grid,,,
MC.PA,CoveredCall,450138.0,350.8,10.25,26.2,0.32,0.43,-64.7,0.16,-35.1,81.6,15.4,59712.0,2908.0,345727.0,1005.0,241765.0,6940.0,13558.0,12827.0,10102.0,24,186,0,258,21.0,vix,0.1,0.03,0.2,grid,,,
MC.PA,PMCC,423469.0,327.8,9.88,19.5,0.34,0.49,-36.8,0.27,-17.7,59.2,15.4,0.0,105398.0,524791.0,34753.0,350699.0,10166.0,80622.0,0.0,0.0,32,196,12,234,45234.0,vix,0.1,0.03,0.25,grid,,,
MC.PA,CoveredCall,473089.0,373.8,10.6,25.1,0.34,0.44,-64.1,0.17,-36.1,89.3,15.4,61849.0,2923.0,466985.0,3324.0,349578.0,7184.0,16284.0,17805.0,11741.0,37,186,0,286,26.0,vix,0.1,0.03,0.25,grid,,,
MC.PA,PMCC,535335.0,440.9,11.56,17.1,0.45,0.6,-32.0,0.36,-18.2,57.0,15.4,0.0,126890.0,1091428.0,81620.0,795189.0,12072.0,109451.0,0.0,0.0,62,196,12,234,47827.0,vix,0.1,0.03,0.35,grid,,,
MC.PA,CoveredCall,558717.0,459.6,11.8,22.9,0.39,0.47,-60.2,0.2,-37.8,80.7,15.4,69752.0,3374.0,901355.0,1076.0,729304.0,8022.0,28274.0,32132.0,18964.0,67,186,0,366,40.0,vix,0.1,0.03,0.35,grid,,,
MC.PA,PMCC,341482.0,242.7,8.31,20.6,0.26,0.38,-40.0,0.21,-14.1,52.0,15.4,0.0,98723.0,301816.0,19997.0,288787.0,9138.0,29228.0,0.0,0.0,29,195,12,233,46546.0,1.0,0.0,0.01,0.2,grid,,,
MC.PA,CoveredCall,248570.0,148.9,6.09,26.1,0.18,0.24,-65.3,0.09,-33.9,82.6,15.4,39984.0,3075.0,197224.0,551.0,203406.0,4912.0,8421.0,10314.0,5936.0,32,186,0,250,33.0,1.0,0.0,0.01,0.2,grid,,,
MC.PA,PMCC,302202.0,203.3,7.45,19.6,0.23,0.32,-39.2,0.19,-16.3,55.0,15.4,0.0,90029.0,381210.0,22774.0,382806.0,8592.0,27166.0,0.0,0.0,46,195,12,233,45635.0,1.0,0.0,0.01,0.25,grid,,,
MC.PA,CoveredCall,207431.0,107.7,4.85,24.8,0.13,0.17,-64.0,0.08,-34.6,77.9,15.4,35291.0,2878.0,239699.0,1339.0,261515.0,4424.0,7584.0,12712.0,6186.0,50,186,0,273,21.0,1.0,0.0,0.01,0.25,grid,,,
MC.PA,PMCC,337205.0,238.4,8.22,17.4,0.27,0.36,-34.9,0.24,-12.0,49.3,15.4,0.0,100642.0,692189.0,51247.0,666063.0,9572.0,30409.0,0.0,0.0,68,195,12,233,47557.0,1.0,0.0,0.01,0.35,grid,,,
MC.PA,CoveredCall,220566.0,120.9,5.27,22.8,0.14,0.17,-63.4,0.08,-38.3,84.1,15.4,37263.0,2868.0,409439.0,1610.0,428591.0,4636.0,8036.0,18861.0,9595.0,72,186,0,322,28.0,1.0,0.0,0.01,0.35,grid,,,
MC.PA,PMCC,319314.0,221.3,7.86,20.8,0.24,0.35,-40.3,0.2,-14.2,51.2,15.4,0.0,94380.0,290941.0,19303.0,276175.0,8857.0,42990.0,0.0,0.0,29,195,12,233,45916.0,1.0,0.0,0.02,0.2,grid,,,
MC.PA,CoveredCall,248543.0,148.9,6.09,26.1,0.18,0.24,-65.3,0.09,-33.9,82.6,15.4,39984.0,3074.0,197198.0,551.0,203406.0,4912.0,8447.0,10314.0,5936.0,32,186,0,250,33.0,1.0,0.0,0.02,0.2,grid,,,
MC.PA,PMCC,282293.0,184.1,7.0,19.7,0.21,0.29,-39.4,0.18,-16.4,53.5,15.4,0.0,86690.0,367046.0,21914.0,368510.0,8311.0,40246.0,0.0,0.0,46,195,12,233,45005.0,1.0,0.0,0.02,0.25,grid,,,
MC.PA,CoveredCall,207512.0,107.8,4.85,24.8,0.13,0.17,-64.0,0.08,-34.6,77.9,15.4,35285.0,2877.0,239400.0,1339.0,261515.0,4424.0,7883.0,12711.0,6184.0,50,186,0,273,26.0,1.0,0.0,0.02,0.25,grid,,,
MC.PA,PMCC,308647.0,210.6,7.62,17.6,0.24,0.32,-35.1,0.22,-12.7,47.0,15.4,0.0,95159.0,656887.0,48853.0,631199.0,9191.0,46798.0,0.0,0.0,68,195,12,233,46866.0,1.0,0.0,0.02,0.35,grid,,,
MC.PA,CoveredCall,215233.0,115.5,5.1,22.7,0.13,0.16,-63.5,0.08,-38.2,84.1,15.4,36928.0,3079.0,405210.0,3241.0,426067.0,4627.0,9698.0,18726.0,9509.0,72,186,0,319,38.0,1.0,0.0,0.02,0.35,grid,,,
MC.PA,PMCC,293523.0,196.2,7.29,20.9,0.22,0.32,-40.5,0.18,-14.3,50.6,15.4,0.0,89349.0,277012.0,18390.0,261796.0,8526.0,55789.0,0.0,0.0,29,195,12,233,45285.0,1.0,0.0,0.03,0.2,grid,,,
MC.PA,CoveredCall,248449.0,148.8,6.08,26.1,0.18,0.24,-65.3,0.09,-33.9,82.6,15.4,40023.0,3052.0,196858.0,551.0,203406.0,4914.0,8939.0,10314.0,5936.0,32,186,0,251,32.0,1.0,0.0,0.03,0.2,grid,,,
MC.PA,PMCC,259266.0,161.7,6.43,19.9,0.18,0.25,-39.7,0.16,-16.6,52.6,15.4,0.0,82351.0,350308.0,20826.0,352286.0,8046.0,53097.0,0.0,0.0,46,195,12,233,44322.0,1.0,0.0,0.03,0.25,grid,,,
MC.PA,CoveredCall,207383.0,107.7,4.85,24.8,0.13,0.17,-64.0,0.08,-34.7,79.4,15.4,35101.0,2809.0,237013.0,1339.0,260345.0,4392.0,8899.0,12615.0,6182.0,50,186,0,277,22.0,1.0,0.0,0.03,0.25,grid,,,
MC.PA,PMCC,284473.0,187.1,7.07,17.7,0.21,0.28,-35.5,0.2,-12.8,46.9,15.4,0.0,90583.0,626507.0,47337.0,604071.0,8876.0,64517.0,0.0,0.0,68,195,12,233,45973.0,1.0,0.0,0.03,0.35,grid,,,
MC.PA,CoveredCall,208397.0,108.7,4.88,22.7,0.12,0.15,-63.4,0.08,-38.0,82.7,15.4,36557.0,3034.0,397330.0,3273.0,421809.0,4588.0,12809.0,18497.0,9301.0,72,186,0,322,27.0,1.0,0.0,0.03,0.35,grid,,,
MC.PA,PMCC,206718.0,107.5,4.84,21.0,0.11,0.16,-43.1,0.11,-22.9,50.9,15.4,0.0,68054.0,190431.0,13316.0,228275.0,6734.0,21480.0,0.0,0.0,38,194,12,232,39905.0,1.0,0.1,0.01,0.2,grid,,,
MC.PA,CoveredCall,159147.0,59.4,3.07,25.5,0.07,0.09,-66.7,0.05,-36.0,79.8,15.4,28945.0,3007.0,129813.0,754.0,165720.0,3705.0,6351.0,8678.0,4330.0,40,186,0,250,71.0,1.0,0.1,0.01,0.2,grid,,,
MC.PA,PMCC,209300.0,110.0,4.93,19.7,0.11,0.15,-39.5,0.12,-19.2,53.5,15.4,0.0,71309.0,298918.0,21110.0,337749.0,7184.0,22677.0,0.0,0.0,51,194,12,232,43155.0,1.0,0.1,0.01,0.25,grid,,,
MC.PA,CoveredCall,148661.0,48.9,2.61,24.4,0.04,0.06,-66.2,0.04,-38.6,73.1,15.4,28816.0,2824.0,189810.0,754.0,235236.0,3736.0,6405.0,11415.0,5015.0,56,186,0,277,32.0,1.0,0.1,0.01,0.25,grid,,,
MC.PA,PMCC,257278.0,158.2,6.34,18.0,0.18,0.23,-38.5,0.16,-15.5,46.2,15.4,0.0,80881.0,549998.0,39776.0,551180.0,8096.0,25884.0,0.0,0.0,69,194,12,232,39422.0,1.0,0.1,0.01,0.35,grid,,,
MC.PA,CoveredCall,176881.0,77.1,3.77,22.2,0.07,0.09,-65.3,0.06,-39.8,79.5,15.4,31239.0,3134.0,332639.0,2417.0,362285.0,4006.0,6929.0,16002.0,7648.0,73,186,0,305,17.0,1.0,0.1,0.01,0.35,grid,,,
MC.PA,PMCC,190028.0,91.3,4.29,21.2,0.09,0.13,-43.4,0.1,-23.1,49.6,15.4,0.0,64646.0,183387.0,12750.0,218442.0,6552.0,31488.0,0.0,0.0,38,194,12,232,39275.0,1.0,0.1,0.02,0.2,grid,,,
MC.PA,CoveredCall,159118.0,59.3,3.06,25.5,0.07,0.09,-66.7,0.05,-36.0,79.8,15.4,28945.0,3005.0,129785.0,754.0,165720.0,3705.0,6379.0,8678.0,4330.0,40,186,0,250,63.0,1.0,0.1,0.02,0.2,grid,,,
MC.PA,PMCC,194322.0,95.6,4.44,19.7,0.09,0.12,-39.7,0.11,-18.6,51.4,15.4,0.0,68772.0,287258.0,20401.0,322523.0,6951.0,33539.0,0.0,0.0,51,194,12,232,42525.0,1.0,0.1,0.02,0.25,grid,,,
MC.PA,CoveredCall,148581.0,48.8,2.61,24.4,0.04,0.06,-66.2,0.04,-38.6,73.1,15.4,28812.0,2836.0,189582.0,754.0,235236.0,3736.0,6633.0,11415.0,5015.0,56,186,0,277,32.0,1.0,0.1,0.02,0.25,grid,,,
MC.PA,PMCC,237138.0,138.7,5.8,18.2,0.15,0.19,-38.8,0.15,-15.7,46.0,15.4,0.0,76987.0,526529.0,38299.0,526237.0,7847.0,39874.0,0.0,0.0,69,194,12,232,38715.0,1.0,0.1,0.02,0.35,grid,,,
MC.PA,CoveredCall,169070.0,69.3,3.47,22.3,0.06,0.07,-65.3,0.05,-39.9,77.3,15.4,30851.0,2810.0,324850.0,2432.0,355391.0,3950.0,8028.0,15613.0,7342.0,73,186,0,315,30.0,1.0,0.1,0.02,0.35,grid,,,
MC.PA,PMCC,174545.0,76.2,3.74,21.2,0.07,0.09,-43.9,0.09,-23.3,48.2,15.4,0.0,61717.0,174365.0,12068.0,207125.0,6270.0,40452.0,0.0,0.0,38,194,12,232,38644.0,1.0,0.1,0.03,0.2,grid,,,
MC.PA,CoveredCall,159031.0,59.3,3.06,25.5,0.07,0.09,-66.7,0.05,-36.0,79.8,15.4,28945.0,2987.0,129560.0,754.0,165720.0,3705.0,6604.0,8678.0,4329.0,40,186,0,250,59.0,1.0,0.1,0.03,0.2,grid,,,
MC.PA,PMCC,177053.0,78.7,3.83,20.0,0.06,0.08,-40.0,0.1,-19.6,50.2,15.4,0.0,65171.0,275521.0,19708.0,308879.0,6769.0,44300.0,0.0,0.0,51,194,12,232,41867.0,1.0,0.1,0.03,0.25,grid,,,
MC.PA,CoveredCall,149052.0,49.3,2.63,24.4,0.04,0.06,-66.2,0.04,-38.6,73.1,15.4,28796.0,2826.0,188611.0,754.0,233202.0,3734.0,7388.0,11385.0,4969.0,56,186,0,277,36.0,1.0,0.1,0.03,0.25,grid,,,
MC.PA,PMCC,217785.0,119.9,5.24,18.0,0.12,0.16,-37.6,0.14,-15.1,45.9,15.4,0.0,73950.0,499484.0,36786.0,502412.0,7532.0,54370.0,0.0,0.0,69,194,12,232,40101.0,1.0,0.1,0.03,0.35,grid,,,
MC.PA,CoveredCall,165265.0,65.5,3.32,22.3,0.06,0.07,-65.3,0.05,-40.7,77.5,15.4,30692.0,2798.0,320613.0,2456.0,352997.0,3936.0,10445.0,15569.0,7304.0,73,186,0,314,31.0,1.0,0.1,0.03,0.35,grid,,,
MC.PA,PMCC,539454.0,441.5,11.57,20.2,0.41,0.61,-37.3,0.31,-12.0,62.3,15.4,0.0,127103.0,489663.0,34516.0,301082.0,11375.0,39260.0,0.0,0.0,22,197,12,236,45582.0,1.2,0.0,0.01,0.2,grid,,,
MC.PA,CoveredCall,485486.0,386.2,10.79,26.6,0.34,0.46,-63.9,0.17,-30.0,89.7,15.4,62573.0,2842.0,379766.0,2092.0,258794.0,7175.0,12300.0,13346.0,10939.0,23,186,0,262,29.0,1.2,0.0,0.01,0.2,grid,,,
MC.PA,PMCC,632206.0,534.6,12.72,19.2,0.47,0.69,-35.1,0.36,-10.4,60.1,15.4,0.0,144497.0,730063.0,50452.0,481450.0,12884.0,44699.0,0.0,0.0,32,197,12,236,48025.0,1.2,0.0,0.01,0.25,grid,,,
MC.PA,CoveredCall,588039.0,488.9,12.17,25.7,0.39,0.51,-62.4,0.2,-29.1,94.0,15.4,73568.0,3051.0,582051.0,3520.0,419363.0,8344.0,14306.0,21027.0,14672.0,34,186,0,297,27.0,1.2,0.0,0.01,0.25,grid,,,
MC.PA,PMCC,771662.0,674.6,14.18,16.9,0.58,0.8,-30.6,0.46,-6.8,58.5,15.4,0.0,170354.0,1400054.0,109664.0,1017306.0,15022.0,52872.0,0.0,0.0,61,197,12,236,50979.0,1.2,0.0,0.01,0.35,grid,,,
MC.PA,CoveredCall,651795.0,552.7,12.92,23.3,0.43,0.53,-59.7,0.22,-31.4,104.7,15.4,79201.0,3260.0,1024054.0,6307.0,820673.0,8958.0,15762.0,34898.0,20840.0,65,186,0,377,22.0,1.2,0.0,0.01,0.35,grid,,,
MC.PA,PMCC,505710.0,409.3,11.12,20.4,0.39,0.58,-37.6,0.3,-12.0,61.6,15.4,0.0,121557.0,473469.0,33356.0,289528.0,11078.0,59676.0,0.0,0.0,22,197,12,236,44882.0,1.2,0.0,0.02,0.2,grid,,,
MC.PA,CoveredCall,486235.0,386.9,10.8,26.6,0.34,0.46,-63.9,0.17,-30.0,89.7,15.4,62605.0,2897.0,379919.0,2092.0,258794.0,7180.0,12625.0,13346.0,10938.0,23,186,0,260,29.0,1.2,0.0,0.02,0.2,grid,,,
MC.PA,PMCC,588153.0,492.3,12.22,19.4,0.44,0.65,-35.3,0.35,-10.5,59.7,15.4,0.0,137816.0,701496.0,48660.0,460713.0,12486.0,69117.0,0.0,0.0,32,197,12,236,47302.0,1.2,0.0,0.02,0.25,grid,,,
MC.PA,CoveredCall,588089.0,488.9,12.17,25.7,0.39,0.51,-62.4,0.2,-29.1,94.0,15.4,73541.0,3061.0,580249.0,3227.0,418671.0,8335.0,15745.0,20999.0,14628.0,34,186,0,298,24.0,1.2,0.0,0.02,0.25,grid,,,
MC.PA,PMCC,699745.0,604.7,13.49,17.0,0.54,0.74,-30.9,0.44,-6.8,57.9,15.4,0.0,159274.0,1319368.0,104410.0,963381.0,14327.0,86417.0,0.0,0.0,61,197,12,236,50063.0,1.2,0.0,0.02,0.35,grid,,,
MC.PA,CoveredCall,646925.0,547.9,12.87,23.3,0.43,0.53,-59.7,0.22,-31.4,103.9,15.4,78621.0,3119.0,1011068.0,4400.0,812723.0,8888.0,21962.0,34644.0,20575.0,65,186,0,371,26.0,1.2,0.0,0.02,0.35,grid,,,
MC.PA,PMCC,463805.0,368.6,10.53,20.5,0.36,0.54,-37.8,0.28,-12.1,60.3,15.4,0.0,114411.0,449604.0,31890.0,274708.0,10614.0,79059.0,0.0,0.0,22,197,12,236,44157.0,1.2,0.0,0.03,0.2,grid,,,
MC.PA,CoveredCall,485321.0,386.0,10.79,26.6,0.34,0.46,-63.9,0.17,-30.0,89.6,15.4,62557.0,2867.0,377825.0,2092.0,258576.0,7173.0,14222.0,13320.0,10936.0,23,186,0,262,32.0,1.2,0.0,0.03,0.2,grid,,,
MC.PA,PMCC,544422.0,450.0,11.68,19.5,0.42,0.61,-35.6,0.33,-10.5,58.0,15.4,0.0,131260.0,668037.0,46720.0,440778.0,12040.0,93873.0,0.0,0.0,32,197,12,236,46484.0,1.2,0.0,0.03,0.25,grid,,,
MC.PA,CoveredCall,566862.0,467.7,11.91,25.7,0.38,0.5,-62.5,0.19,-29.2,93.0,15.4,72348.0,3062.0,567177.0,5623.0,412306.0,8258.0,19378.0,20669.0,14255.0,34,186,0,295,19.0,1.2,0.0,0.03,0.25,grid,,,
MC.PA,PMCC,634587.0,541.3,12.8,17.2,0.51,0.69,-31.3,0.41,-7.4,57.2,15.4,0.0,149673.0,1232599.0,99173.0,905343.0,13632.0,119665.0,0.0,0.0,61,197,12,236,48923.0,1.2,0.0,0.03,0.35,grid,,,
MC.PA,CoveredCall,621230.0,522.2,12.58,23.3,0.42,0.51,-59.7,0.21,-31.4,103.6,15.4,77095.0,3389.0,982681.0,6067.0,797133.0,8776.0,30851.0,34032.0,19945.0,65,186,0,370,23.0,1.2,0.0,0.03,0.35,grid,,,
MC.PA,PMCC,370591.0,272.0,8.89,20.6,0.29,0.43,-39.7,0.22,-13.8,56.3,15.4,0.0,94834.0,349884.0,25706.0,254528.0,9088.0,31502.0,0.0,0.0,25,195,12,233,40400.0,1.2,0.1,0.01,0.2,grid,,,
MC.PA,CoveredCall,368616.0,269.1,8.83,26.1,0.28,0.37,-64.4,0.14,-31.3,86.8,15.4,51347.0,2968.0,290073.0,1019.0,232004.0,6034.0,10344.0,11809.0,8465.0,26,186,0,256,21.0,1.2,0.1,0.01,0.2,grid,,,
MC.PA,PMCC,390712.0,292.2,9.26,19.9,0.31,0.44,-39.4,0.23,-14.4,56.9,15.4,0.0,98996.0,471091.0,32704.0,361960.0,9485.0,33054.0,0.0,0.0,40,195,12,233,39126.0,1.2,0.1,0.01,0.25,grid,,,
MC.PA,CoveredCall,382344.0,282.9,9.09,25.0,0.29,0.37,-62.8,0.14,-30.8,95.5,15.4,53273.0,3145.0,385386.0,1113.0,324739.0,6209.0,10648.0,17279.0,10970.0,42,186,0,290,23.0,1.2,0.1,0.01,0.25,grid,,,
MC.PA,PMCC,564483.0,466.7,11.9,17.0,0.46,0.63,-32.1,0.37,-9.4,56.8,15.4,0.0,133476.0,1079043.0,88698.0,826430.0,12420.0,44069.0,0.0,0.0,62,195,12,233,46349.0,1.2,0.1,0.01,0.35,grid,,,
MC.PA,CoveredCall,514677.0,415.4,11.21,22.7,0.37,0.45,-59.5,0.19,-30.9,102.5,15.4,66437.0,3199.0,823306.0,9434.0,694020.0,7649.0,13366.0,29714.0,16748.0,66,186,0,361,19.0,1.2,0.1,0.01,0.35,grid,,,
MC.PA,PMCC,342235.0,244.7,8.35,20.9,0.26,0.39,-40.0,0.21,-14.8,55.7,15.4,0.0,89928.0,336291.0,24695.0,241121.0,8806.0,47582.0,0.0,0.0,25,195,12,233,39683.0,1.2,0.1,0.02,0.2,grid,,,
MC.PA,CoveredCall,368402.0,268.9,8.83,26.1,0.28,0.37,-64.4,0.14,-31.3,86.8,15.4,51345.0,2962.0,289841.0,1019.0,232004.0,6034.0,10577.0,11809.0,8465.0,26,186,0,256,21.0,1.2,0.1,0.02,0.2,grid,,,
MC.PA,PMCC,362462.0,265.1,8.75,19.7,0.29,0.41,-38.2,0.23,-13.8,55.8,15.4,0.0,94722.0,450277.0,31226.0,346650.0,9121.0,50355.0,0.0,0.0,40,195,12,233,40533.0,1.2,0.1,0.02,0.25,grid,,,
MC.PA,CoveredCall,377947.0,278.5,9.01,25.0,0.28,0.37,-62.8,0.14,-30.8,95.5,15.4,53246.0,2919.0,384701.0,3091.0,324739.0,6237.0,11381.0,17251.0,10965.0,42,186,0,288,22.0,1.2,0.1,0.02,0.25,grid,,,
MC.PA,PMCC,510017.0,413.7,11.19,17.1,0.43,0.57,-32.4,0.35,-9.3,55.9,15.4,0.0,125041.0,1016013.0,84100.0,781930.0,11807.0,71138.0,0.0,0.0,62,195,12,233,45432.0,1.2,0.1,0.02,0.35,grid,,,
MC.PA,CoveredCall,514595.0,415.3,11.21,22.7,0.37,0.45,-59.6,0.19,-31.0,102.7,15.4,66088.0,3290.0,815140.0,289.0,691316.0,7569.0,17875.0,29608.0,16629.0,66,186,0,360,21.0,1.2,0.1,0.02,0.35,grid,,,
MC.PA,PMCC,316237.0,219.6,7.82,21.0,0.24,0.36,-40.3,0.19,-14.6,54.3,15.4,0.0,85745.0,323704.0,23903.0,232601.0,8524.0,63525.0,0.0,0.0,25,195,12,233,38964.0,1.2,0.1,0.03,0.2,grid,,,
MC.PA,CoveredCall,367914.0,268.4,8.82,26.1,0.27,0.37,-64.4,0.14,-31.3,86.8,15.4,51339.0,2953.0,288738.0,1019.0,232004.0,6034.0,11680.0,11808.0,8464.0,26,186,0,256,17.0,1.2,0.1,0.03,0.2,grid,,,
MC.PA,PMCC,332742.0,236.3,8.17,19.9,0.26,0.37,-38.5,0.21,-14.0,55.4,15.4,0.0,89687.0,430814.0,30240.0,331765.0,8839.0,68016.0,0.0,0.0,40,195,12,233,39714.0,1.2,0.1,0.03,0.25,grid,,,
MC.PA,CoveredCall,377573.0,278.1,9.0,25.0,0.28,0.36,-62.9,0.14,-30.9,95.6,15.4,53143.0,2966.0,382419.0,3107.0,324414.0,6239.0,13532.0,17195.0,10877.0,42,186,0,287,24.0,1.2,0.1,0.03,0.25,grid,,,
MC.PA,PMCC,456544.0,361.4,10.42,17.4,0.38,0.52,-32.8,0.32,-10.4,55.1,15.4,0.0,116591.0,949785.0,79597.0,734329.0,11261.0,98008.0,0.0,0.0,62,195,12,233,44281.0,1.2,0.1,0.03,0.35,grid,,,
MC.PA,CoveredCall,499963.0,400.8,11.0,22.7,0.36,0.44,-59.5,0.18,-31.1,100.4,15.4,65141.0,3170.0,795055.0,4079.0,679597.0,7499.0,25030.0,29175.0,16244.0,66,186,0,359,15.0,1.2,0.1,0.03,0.35,grid,,,
BNP.PA,PMCC,681666.0,584.5,13.27,23.0,0.45,0.68,-37.6,0.35,-15.3,64.6,15.4,0.0,143317.0,694760.0,39584.0,221028.0,25146.0,68316.0,0.0,0.0,15,198,12,237,65316.0,vix,0.0,0.01,0.2,grid,,,
BNP.PA,CoveredCall,816905.0,718.5,14.59,34.2,0.43,0.57,-66.9,0.22,-47.9,117.3,15.4,208566.0,2023.0,733025.0,1107.0,260266.0,22078.0,37848.0,12916.0,9491.0,16,186,0,361,6.0,vix,0.0,0.01,0.2,grid,,,
BNP.PA,PMCC,901222.0,805.0,15.34,21.5,0.54,0.81,-33.8,0.45,-11.3,64.3,15.4,0.0,169674.0,1104666.0,61925.0,416833.0,29353.0,80156.0,0.0,0.0,24,198,12,237,65315.0,vix,0.0,0.01,0.25,grid,,,
BNP.PA,CoveredCall,1045559.0,947.6,16.44,33.1,0.48,0.62,-66.1,0.25,-46.3,116.9,15.4,239965.0,2174.0,1152131.0,1157.0,481991.0,25389.0,43524.0,23964.0,19456.0,26,186,0,399,21.0,vix,0.0,0.01,0.25,grid,,,
BNP.PA,PMCC,1452920.0,1359.0,18.97,18.7,0.75,1.05,-28.1,0.68,-6.0,70.8,15.4,0.0,244624.0,2388811.0,136645.0,1169829.0,42142.0,115842.0,0.0,0.0,50,198,12,237,69909.0,vix,0.0,0.01,0.35,grid,,,
BNP.PA,CoveredCall,1734046.0,1637.4,20.32,30.3,0.6,0.73,-62.4,0.33,-43.1,125.1,15.4,355527.0,2723.0,2606514.0,4530.0,1359117.0,37606.0,64467.0,63411.0,54436.0,51,186,0,480,16.0,vix,0.0,0.01,0.35,grid,,,
BNP.PA,PMCC,631925.0,536.4,12.74,23.1,0.43,0.65,-38.1,0.33,-15.9,64.1,15.4,0.0,136816.0,666695.0,38004.0,211810.0,24122.0,94304.0,0.0,0.0,15,198,12,237,64520.0,vix,0.0,0.02,0.2,grid,,,
BNP.PA,CoveredCall,816905.0,718.5,14.59,34.2,0.43,0.57,-66.9,0.22,-47.9,117.3,15.4,208566.0,2023.0,733025.0,1107.0,260266.0,22078.0,37848.0,12916.0,9491.0,16,186,0,361,6.0,vix,0.0,0.02,0.2,grid,,,
BNP.PA,PMCC,842886.0,748.9,14.86,21.6,0.52,0.78,-34.3,0.43,-11.9,63.7,15.4,0.0,162628.0,1068012.0,59857.0,403748.0,28380.0,111874.0,0.0,0.0,24,198,12,237,64535.0,vix,0.0,0.02,0.25,grid,,,
BNP.PA,CoveredCall,1041802.0,943.8,16.41,33.1,0.48,0.62,-66.1,0.25,-46.3,116.6,15.4,239423.0,2193.0,1149185.0,1409.0,480763.0,25391.0,43591.0,23898.0,19374.0,26,186,0,386,6.0,vix,0.0,0.02,0.25,grid,,,
BNP.PA,PMCC,1352639.0,1262.3,18.44,18.9,0.73,1.02,-28.6,0.65,-6.5,70.0,15.4,0.0,233238.0,2298047.0,131608.0,1127944.0,40542.0,163864.0,0.0,0.0,50,198,12,237,69114.0,vix,0.0,0.02,0.35,grid,,,
BNP.PA,CoveredCall,1728869.0,1632.2,20.3,30.3,0.6,0.73,-62.4,0.33,-43.1,124.6,15.4,354166.0,2718.0,2593046.0,3520.0,1353607.0,37396.0,66914.0,63153.0,54150.0,51,186,0,477,10.0,vix,0.0,0.02,0.35,grid,,,
BNP.PA,PMCC,584922.0,490.8,12.2,23.4,0.4,0.61,-38.9,0.31,-16.7,63.6,15.4,0.0,130260.0,644750.0,36780.0,205016.0,23314.0,118980.0,0.0,0.0,15,198,12,237,63175.0,vix,0.0,0.03,0.2,grid,,,
BNP.PA,CoveredCall,817622.0,719.2,14.6,34.2,0.43,0.57,-66.9,0.22,-47.9,117.3,15.4,208572.0,2023.0,732693.0,1107.0,260266.0,22078.0,38127.0,12915.0,9489.0,16,186,0,359,15.0,vix,0.0,0.03,0.2,grid,,,
BNP.PA,PMCC,773743.0,681.5,14.25,21.7,0.5,0.74,-35.1,0.41,-12.7,62.7,15.4,0.0,153927.0,1015579.0,56938.0,384033.0,27010.0,140251.0,0.0,0.0,24,198,12,237,63755.0,vix,0.0,0.03,0.25,grid,,,
BNP.PA,CoveredCall,1042008.0,944.0,16.41,33.1,0.48,0.62,-66.1,0.25,-46.2,116.5,15.4,239391.0,2176.0,1147935.0,1409.0,481078.0,25394.0,45028.0,23905.0,19388.0,26,186,0,389,8.0,vix,0.0,0.03,0.25,grid,,,
BNP.PA,PMCC,1206841.0,1119.0,17.59,19.0,0.69,0.95,-29.4,0.6,-7.3,69.4,15.4,0.0,215208.0,2129557.0,123173.0,1049714.0,37720.0,212618.0,0.0,0.0,50,198,12,237,68238.0,vix,0.0,0.03,0.35,grid,,,
BNP.PA,CoveredCall,1676313.0,1579.6,20.06,30.3,0.59,0.73,-62.6,0.32,-43.4,123.4,15.4,347127.0,2568.0,2526589.0,3275.0,1326268.0,36631.0,81767.0,61832.0,52654.0,51,186,0,472,14.0,vix,0.0,0.03,0.35,grid,,,
BNP.PA,PMCC,495628.0,397.8,10.96,23.5,0.36,0.54,-39.3,0.28,-18.8,63.1,15.4,0.0,112485.0,518051.0,29263.0,192854.0,20391.0,56230.0,0.0,0.0,15,197,12,236,61994.0,vix,0.1,0.01,0.2,grid,,,
BNP.PA,CoveredCall,646368.0,547.6,12.87,33.8,0.38,0.51,-68.2,0.19,-49.1,111.8,15.4,177966.0,1873.0,572337.0,140.0,239196.0,18627.0,31932.0,11058.0,7679.0,16,186,0,344,16.0,vix,0.1,0.01,0.2,grid,,,
BNP.PA,PMCC,608338.0,510.9,12.44,22.1,0.42,0.62,-36.4,0.34,-16.2,63.8,15.4,0.0,126432.0,806387.0,47503.0,363526.0,22666.0,62701.0,0.0,0.0,28,197,12,236,60848.0,vix,0.1,0.01,0.25,grid,,,
BNP.PA,CoveredCall,748916.0,650.4,13.95,32.5,0.42,0.53,-65.6,0.21,-46.9,114.1,15.4,192853.0,2124.0,872426.0,599.0,428680.0,20403.0,34977.0,21616.0,16064.0,30,186,0,379,13.0,vix,0.1,0.01,0.25,grid,,,
BNP.PA,PMCC,1051060.0,955.6,16.5,19.1,0.64,0.88,-30.3,0.54,-11.8,64.7,15.4,0.0,193449.0,1879596.0,101784.0,1009800.0,34379.0,95744.0,0.0,0.0,51,197,12,236,67843.0,vix,0.1,0.01,0.35,grid,,,
BNP.PA,CoveredCall,1224286.0,1126.7,17.64,29.6,0.53,0.64,-62.2,0.28,-44.0,105.1,15.4,281515.0,2446.0,1976497.0,3442.0,1155430.0,29668.0,50862.0,51975.0,42643.0,52,186,0,447,20.0,vix,0.1,0.01,0.35,grid,,,
BNP.PA,PMCC,454794.0,358.1,10.36,23.5,0.33,0.51,-39.7,0.26,-18.9,62.5,15.4,0.0,106938.0,493714.0,27875.0,184006.0,19420.0,77459.0,0.0,0.0,15,197,12,236,60609.0,vix,0.1,0.02,0.2,grid,,,
BNP.PA,CoveredCall,646368.0,547.6,12.87,33.8,0.38,0.51,-68.2,0.19,-49.1,111.8,15.4,177966.0,1873.0,572337.0,140.0,239196.0,18627.0,31932.0,11058.0,7679.0,16,186,0,344,16.0,vix,0.1,0.02,0.2,grid,,,
BNP.PA,PMCC,551767.0,455.8,11.75,22.2,0.4,0.58,-36.9,0.32,-16.9,63.4,15.4,0.0,118690.0,760904.0,44872.0,342885.0,21380.0,85616.0,0.0,0.0,28,197,12,236,60064.0,vix,0.1,0.02,0.25,grid,,,
BNP.PA,CoveredCall,751628.0,653.1,13.98,32.5,0.42,0.53,-65.6,0.21,-46.9,114.1,15.4,193315.0,2066.0,874213.0,603.0,429890.0,20450.0,35072.0,21694.0,16155.0,30,186,0,377,12.0,vix,0.1,0.02,0.25,grid,,,
BNP.PA,PMCC,968210.0,875.3,15.9,19.3,0.61,0.84,-30.6,0.52,-12.3,64.1,15.4,0.0,183259.0,1798072.0,97513.0,966550.0,32881.0,135059.0,0.0,0.0,51,197,12,236,67028.0,vix,0.1,0.02,0.35,grid,,,
BNP.PA,CoveredCall,1208654.0,1111.0,17.54,29.6,0.53,0.64,-62.3,0.28,-44.1,103.5,15.4,278733.0,2517.0,1954822.0,0.0,1143947.0,29120.0,52095.0,51437.0,42062.0,52,186,0,449,17.0,vix,0.1,0.02,0.35,grid,,,
BNP.PA,PMCC,421749.0,326.1,9.85,23.9,0.31,0.47,-40.7,0.24,-19.6,62.7,15.4,0.0,102175.0,479589.0,27083.0,178129.0,18842.0,98285.0,0.0,0.0,15,197,12,236,59225.0,vix,0.1,0.03,0.2,grid,,,
BNP.PA,CoveredCall,649420.0,550.7,12.9,33.8,0.39,0.51,-68.2,0.19,-49.1,112.3,15.4,178409.0,1912.0,573835.0,518.0,239282.0,18837.0,32386.0,11060.0,7692.0,16,186,0,348,22.0,vix,0.1,0.03,0.2,grid,,,
BNP.PA,PMCC,507879.0,413.1,11.18,22.5,0.37,0.55,-38.0,0.29,-17.6,62.8,15.4,0.0,112462.0,732416.0,43384.0,331062.0,20606.0,109030.0,0.0,0.0,28,197,12,236,59279.0,vix,0.1,0.03,0.25,grid,,,
BNP.PA,CoveredCall,742048.0,643.5,13.88,32.4,0.41,0.53,-65.6,0.21,-47.2,113.8,15.4,191835.0,2082.0,866590.0,595.0,427194.0,20296.0,36014.0,21515.0,15956.0,30,186,0,381,5.0,vix,0.1,0.03,0.25,grid,,,
BNP.PA,PMCC,879631.0,788.7,15.21,19.5,0.57,0.79,-31.2,0.49,-12.9,63.3,15.4,0.0,172329.0,1699852.0,93084.0,919302.0,31201.0,178023.0,0.0,0.0,51,197,12,236,66154.0,vix,0.1,0.03,0.35,grid,,,
BNP.PA,CoveredCall,1187508.0,1089.8,17.4,29.6,0.52,0.64,-62.4,0.28,-44.3,104.2,15.4,275938.0,2394.0,1923894.0,3418.0,1132547.0,29064.0,63610.0,50868.0,41436.0,52,186,0,460,9.0,vix,0.1,0.03,0.35,grid,,,
BNP.PA,PMCC,396539.0,298.1,9.36,23.1,0.3,0.44,-36.9,0.25,-15.3,57.4,15.4,0.0,102671.0,395259.0,26105.0,231282.0,17442.0,44938.0,0.0,0.0,29,197,12,236,62546.0,1.0,0.0,0.01,0.2,grid,,,
BNP.PA,CoveredCall,348662.0,249.3,8.44,34.0,0.27,0.36,-68.0,0.12,-48.9,109.9,15.4,117683.0,1862.0,340184.0,329.0,223533.0,12428.0,21306.0,12739.0,8143.0,30,186,0,314,17.0,1.0,0.0,0.01,0.2,grid,,,
BNP.PA,PMCC,460026.0,361.8,10.42,22.1,0.34,0.49,-34.8,0.3,-11.8,53.8,15.4,0.0,114559.0,600239.0,38625.0,384114.0,19656.0,50758.0,0.0,0.0,40,197,12,236,68964.0,1.0,0.0,0.01,0.25,grid,,,
BNP.PA,CoveredCall,381137.0,281.9,9.07,32.6,0.28,0.36,-65.0,0.14,-46.2,97.5,15.4,128508.0,1910.0,507687.0,1595.0,357997.0,13570.0,23262.0,18514.0,11510.0,42,186,0,355,19.0,1.0,0.0,0.01,0.25,grid,,,
BNP.PA,PMCC,550608.0,452.7,11.71,19.2,0.42,0.57,-28.8,0.41,-10.8,56.5,15.4,0.0,135487.0,1120214.0,72262.0,821230.0,23030.0,59619.0,0.0,0.0,58,197,12,236,71517.0,1.0,0.0,0.01,0.35,grid,,,
BNP.PA,CoveredCall,430881.0,331.7,9.94,29.9,0.31,0.38,-62.6,0.16,-44.7,90.2,15.4,145057.0,2187.0,906577.0,988.0,734716.0,15194.0,26046.0,29363.0,18166.0,59,186,0,414,15.0,1.0,0.0,0.01,0.35,grid,,,
BNP.PA,PMCC,364508.0,266.8,8.79,23.2,0.28,0.41,-37.3,0.24,-15.8,57.0,15.4,0.0,97358.0,376785.0,24847.0,220430.0,16634.0,60255.0,0.0,0.0,29,197,12,236,62576.0,1.0,0.0,0.02,0.2,grid,,,
BNP.PA,CoveredCall,348662.0,249.3,8.44,34.0,0.27,0.36,-68.0,0.12,-48.9,109.9,15.4,117683.0,1862.0,340184.0,329.0,223533.0,12428.0,21306.0,12739.0,8143.0,30,186,0,314,17.0,1.0,0.0,0.02,0.2,grid,,,
BNP.PA,PMCC,427114.0,329.8,9.91,22.2,0.32,0.46,-35.2,0.28,-12.3,53.2,15.4,0.0,109563.0,577008.0,37143.0,369489.0,18914.0,68821.0,0.0,0.0,40,197,12,236,67839.0,1.0,0.0,0.02,0.25,grid,,,
BNP.PA,CoveredCall,381131.0,281.9,9.07,32.6,0.28,0.36,-65.0,0.14,-46.3,97.8,15.4,128509.0,1913.0,507626.0,1595.0,357997.0,13570.0,23323.0,18514.0,11510.0,42,186,0,355,15.0,1.0,0.0,0.02,0.25,grid,,,
BNP.PA,PMCC,515764.0,419.1,11.26,19.4,0.4,0.54,-29.1,0.39,-11.5,56.5,15.4,0.0,130254.0,1088695.0,70326.0,797096.0,22386.0,82573.0,0.0,0.0,58,197,12,236,70869.0,1.0,0.0,0.02,0.35,grid,,,
BNP.PA,CoveredCall,426448.0,327.3,9.87,29.9,0.31,0.37,-62.6,0.16,-44.6,89.7,15.4,144589.0,2126.0,902658.0,1797.0,732288.0,15206.0,26752.0,29257.0,18015.0,59,186,0,412,40.0,1.0,0.0,0.02,0.35,grid,,,
BNP.PA,PMCC,337957.0,241.0,8.27,23.3,0.26,0.38,-37.9,0.22,-16.4,55.8,15.4,0.0,93256.0,362889.0,23860.0,213189.0,16040.0,74915.0,0.0,0.0,29,197,12,236,61520.0,1.0,0.0,0.03,0.2,grid,,,
BNP.PA,CoveredCall,349183.0,249.9,8.45,34.0,0.27,0.36,-68.0,0.12,-49.0,110.0,15.4,117737.0,1880.0,340213.0,329.0,223533.0,12434.0,21407.0,12738.0,8143.0,30,186,0,317,7.0,1.0,0.0,0.03,0.2,grid,,,
BNP.PA,PMCC,395261.0,298.8,9.38,22.3,0.3,0.43,-35.9,0.26,-13.0,52.4,15.4,0.0,104700.0,555371.0,35721.0,355655.0,18205.0,85808.0,0.0,0.0,40,197,12,236,66702.0,1.0,0.0,0.03,0.25,grid,,,
BNP.PA,CoveredCall,381170.0,281.9,9.07,32.6,0.28,0.36,-65.0,0.14,-46.0,97.5,15.4,128357.0,1878.0,506728.0,1595.0,357262.0,13554.0,23774.0,18485.0,11510.0,42,186,0,355,33.0,1.0,0.0,0.03,0.25,grid,,,
BNP.PA,PMCC,465817.0,370.0,10.55,19.5,0.37,0.5,-29.3,0.36,-12.3,55.5,15.4,0.0,122386.0,1022350.0,66765.0,751124.0,21133.0,105980.0,0.0,0.0,58,197,12,236,70218.0,1.0,0.0,0.03,0.35,grid,,,
BNP.PA,CoveredCall,421006.0,321.8,9.78,29.9,0.3,0.37,-62.6,0.16,-44.9,89.9,15.4,143763.0,2145.0,892760.0,1775.0,726680.0,15111.0,31344.0,29043.0,17787.0,59,186,0,417,16.0,1.0,0.0,0.03,0.35,grid,,,
BNP.PA,PMCC,271318.0,172.5,6.71,23.5,0.2,0.29,-37.7,0.18,-16.6,50.4,15.4,0.0,77035.0,303765.0,19969.0,220644.0,13598.0,35885.0,0.0,0.0,33,197,12,236,57724.0,1.0,0.1,0.01,0.2,grid,,,
BNP.PA,CoveredCall,266978.0,167.5,6.58,33.1,0.22,0.28,-68.8,0.1,-49.7,98.7,15.4,100091.0,1878.0,283016.0,168.0,229627.0,10570.0,18120.0,12274.0,7031.0,35,186,0,302,11.0,1.0,0.1,0.01,0.2,grid,,,
BNP.PA,PMCC,303516.0,204.8,7.49,22.8,0.23,0.32,-36.5,0.2,-13.8,51.9,15.4,0.0,86939.0,432821.0,26215.0,331090.0,15563.0,41160.0,0.0,0.0,41,197,12,236,60921.0,1.0,0.1,0.01,0.25,grid,,,
BNP.PA,CoveredCall,257433.0,157.9,6.33,32.1,0.21,0.26,-66.6,0.1,-48.0,83.5,15.4,105393.0,1812.0,375968.0,818.0,319079.0,11050.0,18942.0,15302.0,8019.0,43,186,0,331,16.0,1.0,0.1,0.01,0.25,grid,,,
BNP.PA,PMCC,394584.0,296.2,9.33,19.6,0.31,0.42,-30.7,0.3,-11.3,56.2,15.4,0.0,101595.0,858144.0,56203.0,662586.0,17994.0,47785.0,0.0,0.0,60,197,12,236,63785.0,1.0,0.1,0.01,0.35,grid,,,
BNP.PA,CoveredCall,328410.0,229.0,8.02,29.1,0.25,0.3,-63.1,0.13,-46.2,83.4,15.4,119918.0,1942.0,732069.0,1039.0,629473.0,12596.0,21594.0,24771.0,13996.0,61,186,0,399,11.0,1.0,0.1,0.01,0.35,grid,,,
BNP.PA,PMCC,254818.0,156.6,6.3,23.8,0.18,0.26,-38.0,0.17,-17.0,50.0,15.4,0.0,74226.0,295784.0,19448.0,215610.0,13251.0,49701.0,0.0,0.0,33,197,12,236,56574.0,1.0,0.1,0.02,0.2,grid,,,
BNP.PA,CoveredCall,266978.0,167.5,6.58,33.1,0.22,0.28,-68.8,0.1,-49.7,98.7,15.4,100091.0,1878.0,283016.0,168.0,229627.0,10570.0,18120.0,12274.0,7031.0,35,186,0,302,11.0,1.0,0.1,0.02,0.2,grid,,,
BNP.PA,PMCC,279962.0,181.9,6.95,22.9,0.21,0.29,-37.2,0.19,-14.4,50.8,15.4,0.0,83030.0,417959.0,25301.0,320299.0,15036.0,56515.0,0.0,0.0,41,197,12,236,59747.0,1.0,0.1,0.02,0.25,grid,,,
BNP.PA,CoveredCall,257443.0,157.9,6.33,32.1,0.21,0.26,-66.6,0.1,-48.0,83.5,15.4,105391.0,1814.0,375953.0,818.0,319079.0,11050.0,18957.0,15302.0,8019.0,43,186,0,331,16.0,1.0,0.1,0.02,0.25,grid,,,
BNP.PA,PMCC,363191.0,265.8,8.77,19.8,0.29,0.38,-30.9,0.28,-11.8,55.2,15.4,0.0,96670.0,826696.0,54229.0,639185.0,17351.0,66178.0,0.0,0.0,60,197,12,236,62529.0,1.0,0.1,0.02,0.35,grid,,,
BNP.PA,CoveredCall,328039.0,228.7,8.01,29.1,0.25,0.3,-63.2,0.13,-46.3,83.5,15.4,119880.0,1914.0,731237.0,1039.0,629473.0,12591.0,22124.0,24770.0,13996.0,61,186,0,401,17.0,1.0,0.1,0.02,0.35,grid,,,
BNP.PA,PMCC,233934.0,136.3,5.73,24.0,0.16,0.23,-38.8,0.15,-17.8,49.8,15.4,0.0,70754.0,285653.0,18780.0,208806.0,12806.0,62189.0,0.0,0.0,33,197,12,236,55423.0,1.0,0.1,0.03,0.2,grid,,,
BNP.PA,CoveredCall,263876.0,164.4,6.5,33.2,0.22,0.28,-68.8,0.09,-49.8,98.8,15.4,99679.0,1846.0,281794.0,168.0,228316.0,10523.0,18066.0,12202.0,6940.0,35,186,0,301,18.0,1.0,0.1,0.03,0.2,grid,,,
BNP.PA,PMCC,254818.0,157.4,6.32,23.0,0.18,0.26,-37.5,0.17,-14.9,50.4,15.4,0.0,78809.0,395936.0,23973.0,302631.0,14243.0,69503.0,0.0,0.0,41,197,12,236,59782.0,1.0,0.1,0.03,0.25,grid,,,
BNP.PA,CoveredCall,257453.0,158.0,6.33,32.2,0.21,0.26,-66.6,0.1,-48.1,83.2,15.4,105392.0,1789.0,375519.0,784.0,319079.0,11041.0,19197.0,15302.0,8019.0,43,186,0,334,15.0,1.0,0.1,0.03,0.25,grid,,,
BNP.PA,PMCC,328297.0,231.6,8.08,20.0,0.25,0.34,-31.2,0.26,-12.4,54.5,15.4,0.0,91309.0,779458.0,51600.0,604333.0,16427.0,85199.0,0.0,0.0,60,197,12,236,61025.0,1.0,0.1,0.03,0.35,grid,,,
BNP.PA,CoveredCall,327490.0,228.1,8.0,29.1,0.25,0.3,-63.4,0.13,-46.4,83.7,15.4,119798.0,1884.0,727079.0,1039.0,627829.0,12584.0,25828.0,24731.0,13981.0,61,186,0,403,6.0,1.0,0.1,0.03,0.35,grid,,,
BNP.PA,PMCC,568247.0,470.7,11.95,23.6,0.39,0.6,-36.3,0.33,-12.8,59.6,15.4,0.0,126255.0,607519.0,36026.0,249055.0,22554.0,60962.0,0.0,0.0,20,198,12,237,61697.0,1.2,0.0,0.01,0.2,grid,,,
BNP.PA,CoveredCall,679362.0,580.7,13.23,34.4,0.39,0.52,-66.1,0.2,-46.4,129.8,15.4,186847.0,1978.0,640752.0,1103.0,282249.0,19805.0,33951.0,15627.0,13448.0,20,186,0,353,20.0,1.2,0.0,0.01,0.2,grid,,,
BNP.PA,PMCC,831396.0,735.0,14.74,21.8,0.52,0.78,-32.6,0.45,-9.7,68.0,15.4,0.0,157047.0,988940.0,64019.0,373373.0,27454.0,74641.0,0.0,0.0,29,198,12,237,64609.0,1.2,0.0,0.01,0.25,grid,,,
BNP.PA,CoveredCall,961579.0,863.4,15.81,33.2,0.46,0.6,-64.8,0.24,-43.5,135.9,15.4,221967.0,2077.0,1024849.0,888.0,424821.0,23572.0,40410.0,24556.0,20644.0,30,186,0,383,18.0,1.2,0.0,0.01,0.25,grid,,,
BNP.PA,PMCC,1331194.0,1236.9,18.29,18.9,0.72,1.02,-29.4,0.62,-5.8,75.6,15.4,0.0,238499.0,2261934.0,128418.0,1183463.0,41449.0,113231.0,0.0,0.0,47,198,12,237,71067.0,1.2,0.0,0.01,0.35,grid,,,
BNP.PA,CoveredCall,1487275.0,1390.2,19.13,30.3,0.56,0.7,-60.8,0.31,-39.5,136.9,15.4,328406.0,2629.0,2322098.0,488.0,1337663.0,34666.0,59489.0,52989.0,44325.0,48,186,0,461,10.0,1.2,0.0,0.01,0.35,grid,,,
BNP.PA,PMCC,526398.0,430.2,11.41,23.7,0.37,0.57,-36.9,0.31,-13.4,58.9,15.4,0.0,120477.0,583214.0,34593.0,239030.0,21662.0,84099.0,0.0,0.0,20,198,12,237,60452.0,1.2,0.0,0.02,0.2,grid,,,
BNP.PA,CoveredCall,680788.0,582.1,13.25,34.4,0.39,0.52,-66.1,0.2,-46.4,129.8,15.4,186994.0,2003.0,641508.0,1103.0,282249.0,19829.0,33995.0,15626.0,13446.0,20,186,0,359,18.0,1.2,0.0,0.02,0.2,grid,,,
BNP.PA,PMCC,762193.0,667.7,14.12,21.9,0.49,0.74,-33.3,0.42,-10.4,67.5,15.4,0.0,147825.0,938678.0,60697.0,354888.0,26050.0,102055.0,0.0,0.0,29,198,12,237,63876.0,1.2,0.0,0.02,0.25,grid,,,
BNP.PA,CoveredCall,959328.0,861.2,15.79,33.2,0.46,0.6,-64.8,0.24,-43.5,135.9,15.4,221767.0,2081.0,1023883.0,1560.0,424821.0,23692.0,40731.0,24546.0,20629.0,30,186,0,392,12.0,1.2,0.0,0.02,0.25,grid,,,
BNP.PA,PMCC,1235354.0,1144.3,17.75,19.1,0.69,0.97,-29.6,0.6,-6.6,75.0,15.4,0.0,226715.0,2175517.0,123615.0,1137603.0,39832.0,160083.0,0.0,0.0,47,198,12,237,70307.0,1.2,0.0,0.02,0.35,grid,,,
BNP.PA,CoveredCall,1487319.0,1390.2,19.13,30.4,0.56,0.7,-60.8,0.31,-39.6,137.0,15.4,328273.0,2602.0,2318292.0,174.0,1337270.0,34640.0,62693.0,52980.0,44323.0,48,186,0,464,5.0,1.2,0.0,0.02,0.35,grid,,,
BNP.PA,PMCC,478368.0,383.3,10.75,23.9,0.35,0.53,-37.8,0.28,-14.3,58.4,15.4,0.0,113273.0,552607.0,32785.0,225431.0,20489.0,103628.0,0.0,0.0,20,198,12,237,60456.0,1.2,0.0,0.03,0.2,grid,,,
BNP.PA,CoveredCall,679348.0,580.7,13.23,34.4,0.39,0.52,-66.1,0.2,-46.5,130.2,15.4,186831.0,1988.0,640446.0,1103.0,282249.0,19803.0,34178.0,15627.0,13448.0,20,186,0,355,12.0,1.2,0.0,0.03,0.2,grid,,,
BNP.PA,PMCC,708247.0,615.5,13.6,22.0,0.47,0.7,-33.9,0.4,-11.1,66.5,15.4,0.0,141217.0,901436.0,58382.0,341946.0,25044.0,129545.0,0.0,0.0,29,198,12,237,63143.0,1.2,0.0,0.03,0.25,grid,,,
BNP.PA,CoveredCall,958521.0,860.4,15.79,33.2,0.46,0.6,-64.8,0.24,-43.5,135.8,15.4,221569.0,2073.0,1021314.0,1560.0,424737.0,23672.0,42486.0,24532.0,20619.0,30,186,0,391,7.0,1.2,0.0,0.03,0.25,grid,,,
BNP.PA,PMCC,1117909.0,1029.5,17.01,19.3,0.65,0.92,-29.8,0.57,-7.5,73.4,15.4,0.0,212142.0,2043324.0,117126.0,1071793.0,37553.0,207904.0,0.0,0.0,47,198,12,237,69489.0,1.2,0.0,0.03,0.35,grid,,,
BNP.PA,CoveredCall,1439888.0,1342.8,18.88,30.4,0.56,0.69,-61.0,0.31,-40.1,135.2,15.4,321249.0,2620.0,2255346.0,2267.0,1307593.0,33974.0,74228.0,51803.0,43003.0,48,186,0,451,18.0,1.2,0.0,0.03,0.35,grid,,,
BNP.PA,PMCC,442893.0,344.9,10.16,23.9,0.33,0.49,-38.2,0.27,-16.9,58.7,15.4,0.0,103977.0,488910.0,28642.0,215906.0,19040.0,52175.0,0.0,0.0,21,197,12,236,59090.0,1.2,0.1,0.01,0.2,grid,,,
BNP.PA,CoveredCall,592488.0,493.6,12.23,33.8,0.37,0.48,-66.2,0.18,-47.4,131.4,15.4,168559.0,1943.0,552400.0,557.0,259647.0,17871.0,30636.0,14668.0,11664.0,21,186,0,345,11.0,1.2,0.1,0.01,0.2,grid,,,
BNP.PA,PMCC,624493.0,527.4,12.64,22.0,0.43,0.63,-33.2,0.38,-10.0,58.6,15.4,0.0,126873.0,811558.0,50932.0,365606.0,22685.0,62549.0,0.0,0.0,34,197,12,236,63479.0,1.2,0.1,0.01,0.25,grid,,,
BNP.PA,CoveredCall,762324.0,663.8,14.08,32.3,0.42,0.53,-64.3,0.22,-44.9,122.6,15.4,191245.0,2055.0,870206.0,716.0,432495.0,20352.0,34890.0,24028.0,18432.0,36,186,0,390,12.0,1.2,0.1,0.01,0.25,grid,,,
BNP.PA,PMCC,972489.0,877.0,15.92,19.3,0.61,0.84,-31.0,0.51,-9.0,67.8,15.4,0.0,183411.0,1816788.0,98576.0,1032932.0,32825.0,90790.0,0.0,0.0,52,197,12,236,64313.0,1.2,0.1,0.01,0.35,grid,,,
BNP.PA,CoveredCall,1161372.0,1063.6,17.24,29.7,0.52,0.63,-60.8,0.28,-40.4,128.2,15.4,277887.0,2477.0,1982820.0,1476.0,1236984.0,29339.0,50318.0,53808.0,41664.0,54,186,0,453,21.0,1.2,0.1,0.01,0.35,grid,,,
BNP.PA,PMCC,407197.0,310.4,9.58,23.9,0.3,0.46,-38.8,0.25,-17.5,58.0,15.4,0.0,99083.0,465060.0,27333.0,205352.0,18118.0,71685.0,0.0,0.0,21,197,12,236,58353.0,1.2,0.1,0.02,0.2,grid,,,
BNP.PA,CoveredCall,592488.0,493.6,12.23,33.8,0.37,0.48,-66.2,0.18,-47.4,131.4,15.4,168559.0,1943.0,552400.0,557.0,259647.0,17871.0,30636.0,14668.0,11664.0,21,186,0,345,11.0,1.2,0.1,0.02,0.2,grid,,,
BNP.PA,PMCC,573475.0,478.1,12.04,22.2,0.41,0.6,-34.0,0.35,-10.7,58.6,15.4,0.0,119651.0,777100.0,48752.0,350515.0,21696.0,86650.0,0.0,0.0,34,197,12,236,62846.0,1.2,0.1,0.02,0.25,grid,,,
BNP.PA,CoveredCall,762694.0,664.2,14.08,32.3,0.42,0.53,-64.3,0.22,-44.9,122.9,15.4,191287.0,2043.0,870433.0,716.0,432969.0,20361.0,35000.0,24039.0,18432.0,36,186,0,391,6.0,1.2,0.1,0.02,0.25,grid,,,
BNP.PA,PMCC,898612.0,805.8,15.35,19.5,0.58,0.8,-31.1,0.49,-9.7,66.8,15.4,0.0,174112.0,1742248.0,94815.0,991432.0,31505.0,129258.0,0.0,0.0,52,197,12,236,63456.0,1.2,0.1,0.02,0.35,grid,,,
BNP.PA,CoveredCall,1145428.0,1047.6,17.13,29.7,0.51,0.62,-60.9,0.28,-40.5,127.0,15.4,275918.0,2470.0,1965607.0,4654.0,1228817.0,29321.0,53473.0,53407.0,41227.0,54,186,0,450,15.0,1.2,0.1,0.02,0.35,grid,,,
BNP.PA,PMCC,373272.0,277.5,8.99,24.1,0.28,0.42,-39.6,0.23,-18.3,57.2,15.4,0.0,94049.0,447451.0,26369.0,197960.0,17442.0,90227.0,0.0,0.0,21,197,12,236,56967.0,1.2,0.1,0.03,0.2,grid,,,
BNP.PA,CoveredCall,579125.0,480.2,12.07,33.8,0.36,0.48,-66.3,0.18,-47.4,128.3,15.4,166461.0,1961.0,545006.0,542.0,256132.0,17631.0,30403.0,14464.0,11427.0,21,186,0,341,16.0,1.2,0.1,0.03,0.2,grid,,,
BNP.PA,PMCC,523176.0,429.1,11.4,22.2,0.38,0.56,-34.4,0.33,-11.3,57.0,15.4,0.0,113123.0,734906.0,46266.0,333631.0,20576.0,108560.0,0.0,0.0,34,197,12,236,61874.0,1.2,0.1,0.03,0.25,grid,,,
BNP.PA,CoveredCall,756542.0,658.0,14.02,32.4,0.42,0.53,-64.5,0.22,-45.2,122.5,15.4,190789.0,2080.0,866427.0,706.0,431780.0,20293.0,36193.0,23992.0,18311.0,36,186,0,388,7.0,1.2,0.1,0.03,0.25,grid,,,
BNP.PA,PMCC,802653.0,711.8,14.53,19.7,0.54,0.74,-31.5,0.46,-10.8,65.9,15.4,0.0,161642.0,1620751.0,89301.0,925303.0,29446.0,167532.0,0.0,0.0,52,197,12,236,62536.0,1.2,0.1,0.03,0.35,grid,,,
BNP.PA,CoveredCall,1124561.0,1026.8,16.99,29.7,0.51,0.62,-60.9,0.28,-40.9,126.6,15.4,271868.0,2559.0,1924468.0,0.0,1208368.0,28595.0,64082.0,52564.0,40332.0,54,186,0,441,10.0,1.2,0.1,0.03,0.35,grid,,,
OR.PA,PMCC,503000.0,405.1,11.06,16.5,0.43,0.66,-25.2,0.44,-19.2,42.1,15.4,0.0,99716.0,331101.0,22595.0,130347.0,8771.0,28425.0,0.0,0.0,19,196,12,235,67261.0,vix,0.0,0.01,0.2,grid,,,
OR.PA,CoveredCall,726266.0,627.3,13.72,22.4,0.47,0.64,-42.5,0.32,-25.1,43.9,15.4,66125.0,3089.0,423838.0,2182.0,172988.0,9359.0,16044.0,14877.0,14276.0,19,186,0,261,32.0,vix,0.0,0.01,0.2,grid,,,
OR.PA,PMCC,660830.0,563.5,13.05,15.3,0.56,0.84,-24.0,0.54,-18.5,43.3,15.4,0.0,124482.0,547711.0,39149.0,244021.0,10561.0,34616.0,0.0,0.0,32,196,12,235,67261.0,vix,0.0,0.01,0.25,grid,,,
OR.PA,CoveredCall,947070.0,848.5,15.69,21.4,0.56,0.74,-41.9,0.37,-25.1,46.1,15.4,82897.0,3175.0,719570.0,2861.0,342812.0,11560.0,19818.0,29286.0,27707.0,32,186,0,307,48.0,vix,0.0,0.01,0.25,grid,,,
OR.PA,PMCC,806891.0,710.2,14.52,13.2,0.73,1.02,-20.8,0.7,-14.9,43.4,15.4,0.0,149537.0,979036.0,71905.0,578284.0,12506.0,41540.0,0.0,0.0,57,196,12,235,68610.0,vix,0.0,0.01,0.35,grid,,,
OR.PA,CoveredCall,1084740.0,986.3,16.71,19.6,0.63,0.81,-37.9,0.44,-21.5,45.3,15.4,96104.0,3285.0,1246559.0,8137.0,790015.0,13365.0,23173.0,52158.0,40646.0,60,186,0,391,38.0,vix,0.0,0.01,0.35,grid,,,
OR.PA,PMCC,465847.0,369.4,10.54,16.4,0.4,0.61,-25.2,0.42,-19.1,41.2,15.4,0.0,95422.0,314752.0,21492.0,122902.0,8344.0,41350.0,0.0,0.0,19,196,12,235,66923.0,vix,0.0,0.02,0.2,grid,,,
OR.PA,CoveredCall,726118.0,627.2,13.72,22.4,0.47,0.64,-42.5,0.32,-25.1,43.9,15.4,66125.0,3087.0,423691.0,2182.0,172988.0,9359.0,16190.0,14877.0,14276.0,19,186,0,261,32.0,vix,0.0,0.02,0.2,grid,,,
OR.PA,PMCC,630048.0,534.8,12.72,15.4,0.54,0.81,-24.7,0.51,-19.1,43.4,15.4,0.0,120349.0,536677.0,38601.0,239295.0,10383.0,53057.0,0.0,0.0,32,196,12,235,66923.0,vix,0.0,0.02,0.25,grid,,,
OR.PA,CoveredCall,946363.0,847.7,15.69,21.4,0.56,0.74,-41.7,0.38,-24.9,46.1,15.4,82917.0,3205.0,719027.0,2861.0,343354.0,11569.0,20749.0,29315.0,27707.0,32,186,0,307,29.0,vix,0.0,0.02,0.25,grid,,,
OR.PA,PMCC,745562.0,651.3,13.96,13.3,0.69,0.96,-21.1,0.66,-15.2,43.6,15.4,0.0,141976.0,932454.0,69221.0,549976.0,11996.0,65070.0,0.0,0.0,57,196,12,235,68250.0,vix,0.0,0.02,0.35,grid,,,
OR.PA,CoveredCall,1084764.0,986.6,16.72,19.5,0.64,0.81,-37.6,0.44,-21.0,45.2,15.4,95677.0,3246.0,1235697.0,4494.0,787007.0,13244.0,28095.0,51954.0,40639.0,60,186,0,394,24.0,vix,0.0,0.02,0.35,grid,,,
OR.PA,PMCC,434261.0,339.1,10.06,16.6,0.38,0.57,-26.4,0.38,-20.0,41.7,15.4,0.0,91259.0,302741.0,20770.0,116798.0,8080.0,54321.0,0.0,0.0,19,196,12,235,66480.0,vix,0.0,0.03,0.2,grid,,,
OR.PA,CoveredCall,725225.0,626.4,13.71,22.4,0.47,0.64,-42.5,0.32,-25.1,43.9,15.4,66111.0,3067.0,422494.0,2182.0,172988.0,9359.0,17387.0,14877.0,14276.0,19,186,0,261,44.0,vix,0.0,0.03,0.2,grid,,,
OR.PA,PMCC,577286.0,483.7,12.11,15.6,0.5,0.75,-25.5,0.48,-19.5,43.6,15.4,0.0,113553.0,508743.0,36843.0,224305.0,9936.0,70550.0,0.0,0.0,32,196,12,235,66576.0,vix,0.0,0.03,0.25,grid,,,
OR.PA,CoveredCall,943229.0,844.7,15.66,21.4,0.56,0.74,-41.8,0.37,-25.0,46.0,15.4,82791.0,3108.0,713723.0,1309.0,342549.0,11490.0,24557.0,29243.0,27667.0,32,186,0,310,59.0,vix,0.0,0.03,0.25,grid,,,
OR.PA,PMCC,688812.0,596.7,13.4,13.5,0.64,0.9,-21.5,0.62,-15.7,43.6,15.4,0.0,134623.0,887022.0,67023.0,524437.0,11554.0,90641.0,0.0,0.0,57,196,12,235,67885.0,vix,0.0,0.03,0.35,grid,,,
OR.PA,CoveredCall,1053392.0,955.5,16.5,19.6,0.63,0.8,-38.0,0.43,-21.6,45.0,15.4,93608.0,3105.0,1199507.0,732.0,768738.0,12931.0,37870.0,50742.0,39390.0,60,186,0,394,36.0,vix,0.0,0.03,0.35,grid,,,
OR.PA,PMCC,396770.0,298.4,9.37,16.5,0.34,0.51,-28.8,0.33,-21.8,40.9,15.4,0.0,84587.0,275164.0,20555.0,126064.0,7564.0,24889.0,0.0,0.0,25,195,12,233,65654.0,vix,0.1,0.01,0.2,grid,,,
OR.PA,CoveredCall,635583.0,536.5,12.74,21.9,0.44,0.59,-43.3,0.29,-26.6,42.8,15.4,61158.0,2984.0,382986.0,1168.0,183301.0,8759.0,15015.0,16684.0,15730.0,25,186,0,266,28.0,vix,0.1,0.01,0.2,grid,,,
OR.PA,PMCC,458428.0,360.4,10.4,15.5,0.41,0.61,-27.2,0.38,-20.5,43.8,15.4,0.0,94943.0,405835.0,29164.0,222793.0,8461.0,27982.0,0.0,0.0,38,195,12,233,66728.0,vix,0.1,0.01,0.25,grid,,,
OR.PA,CoveredCall,660298.0,561.3,13.02,21.0,0.46,0.6,-43.2,0.3,-26.6,45.6,15.4,64146.0,2918.0,524562.0,204.0,307844.0,9093.0,15588.0,23723.0,20004.0,38,186,0,294,14.0,vix,0.1,0.01,0.25,grid,,,
OR.PA,PMCC,634739.0,537.4,12.75,13.6,0.6,0.83,-24.0,0.53,-16.7,41.9,15.4,0.0,124555.0,797399.0,58010.0,493929.0,10845.0,36393.0,0.0,0.0,58,195,12,233,67561.0,vix,0.1,0.01,0.35,grid,,,
OR.PA,CoveredCall,911782.0,813.1,15.41,19.2,0.59,0.74,-38.9,0.4,-22.3,43.6,15.4,85944.0,3170.0,1055806.0,4705.0,706958.0,12110.0,20914.0,47225.0,34781.0,61,186,0,381,16.0,vix,0.1,0.01,0.35,grid,,,
OR.PA,PMCC,371720.0,274.6,8.93,16.7,0.31,0.47,-30.2,0.3,-22.8,41.4,15.4,0.0,80549.0,267024.0,20052.0,121136.0,7366.0,37127.0,0.0,0.0,25,195,12,233,64627.0,vix,0.1,0.02,0.2,grid,,,
OR.PA,CoveredCall,635419.0,536.3,12.74,21.9,0.44,0.59,-43.3,0.29,-26.6,42.8,15.4,61158.0,2979.0,382848.0,1168.0,183301.0,8759.0,15154.0,16684.0,15730.0,25,186,0,266,16.0,vix,0.1,0.02,0.2,grid,,,
OR.PA,PMCC,426614.0,329.9,9.91,15.5,0.38,0.56,-27.9,0.35,-21.2,44.2,15.4,0.0,91084.0,390588.0,28076.0,212371.0,8153.0,41926.0,0.0,0.0,38,195,12,233,66380.0,vix,0.1,0.02,0.25,grid,,,
OR.PA,CoveredCall,658622.0,559.6,13.0,21.1,0.46,0.6,-43.5,0.3,-26.9,45.6,15.4,64202.0,2924.0,524434.0,1197.0,308556.0,9168.0,16272.0,23719.0,19957.0,38,186,0,293,29.0,vix,0.1,0.02,0.25,grid,,,
OR.PA,PMCC,585579.0,490.2,12.19,13.7,0.56,0.77,-24.2,0.5,-17.0,41.5,15.4,0.0,118766.0,759124.0,55722.0,468185.0,10388.0,56559.0,0.0,0.0,58,195,12,233,67196.0,vix,0.1,0.02,0.35,grid,,,
OR.PA,CoveredCall,911855.0,813.4,15.41,19.2,0.59,0.74,-39.0,0.4,-22.4,43.6,15.4,85873.0,3192.0,1051242.0,3403.0,706589.0,12078.0,24697.0,47168.0,34738.0,61,186,0,384,30.0,vix,0.1,0.02,0.35,grid,,,
OR.PA,PMCC,346369.0,250.3,8.46,16.7,0.29,0.43,-30.0,0.28,-22.6,41.0,15.4,0.0,77917.0,255149.0,19210.0,114413.0,7058.0,48637.0,0.0,0.0,25,195,12,233,63498.0,vix,0.1,0.03,0.2,grid,,,
OR.PA,CoveredCall,633420.0,534.4,12.72,21.9,0.44,0.59,-43.4,0.29,-26.7,42.8,15.4,61059.0,3065.0,381186.0,1139.0,183301.0,8748.0,16339.0,16684.0,15732.0,25,186,0,264,18.0,vix,0.1,0.03,0.2,grid,,,
OR.PA,PMCC,389985.0,294.4,9.3,15.8,0.34,0.5,-29.5,0.32,-22.3,43.1,15.4,0.0,86315.0,370817.0,26818.0,200898.0,7822.0,55566.0,0.0,0.0,38,195,12,233,66017.0,vix,0.1,0.03,0.25,grid,,,
OR.PA,CoveredCall,655410.0,556.5,12.97,21.0,0.46,0.6,-43.3,0.3,-26.7,45.7,15.4,63939.0,3039.0,519688.0,1197.0,307139.0,9119.0,18728.0,23605.0,19919.0,38,186,0,297,58.0,vix,0.1,0.03,0.25,grid,,,
OR.PA,PMCC,532190.0,438.4,11.53,13.8,0.51,0.71,-24.5,0.47,-17.4,41.6,15.4,0.0,112015.0,714140.0,53240.0,440221.0,9882.0,77297.0,0.0,0.0,58,195,12,233,66825.0,vix,0.1,0.03,0.35,grid,,,
OR.PA,CoveredCall,896141.0,797.9,15.28,19.3,0.58,0.73,-39.1,0.39,-22.5,43.1,15.4,84747.0,3213.0,1029493.0,2603.0,695479.0,11926.0,32877.0,46482.0,34112.0,61,186,0,378,21.0,vix,0.1,0.03,0.35,grid,,,
OR.PA,PMCC,285581.0,186.7,7.06,16.4,0.22,0.32,-29.2,0.24,-21.5,38.3,15.4,0.0,71865.0,190639.0,14702.0,144679.0,6340.0,18822.0,0.0,0.0,37,196,12,235,62663.0,1.0,0.0,0.01,0.2,grid,,,
OR.PA,CoveredCall,345861.0,246.4,8.38,21.9,0.26,0.35,-45.3,0.18,-29.3,39.6,15.4,40773.0,2991.0,220360.0,183.0,170716.0,6069.0,10404.0,14712.0,11960.0,37,186,0,256,31.0,1.0,0.0,0.01,0.2,grid,,,
OR.PA,PMCC,292396.0,193.5,7.23,15.5,0.23,0.32,-25.7,0.28,-17.2,37.2,15.4,0.0,75662.0,268756.0,21007.0,219644.0,6752.0,20024.0,0.0,0.0,49,196,12,235,62546.0,1.0,0.0,0.01,0.25,grid,,,
OR.PA,CoveredCall,323991.0,224.5,7.92,20.9,0.25,0.32,-40.9,0.19,-24.5,37.0,15.4,40316.0,2743.0,284382.0,610.0,242313.0,6071.0,10407.0,18234.0,11931.0,50,186,0,281,35.0,1.0,0.0,0.01,0.25,grid,,,
OR.PA,PMCC,322694.0,223.9,7.91,13.7,0.28,0.39,-26.1,0.3,-18.8,32.8,15.4,0.0,85076.0,444349.0,30638.0,379136.0,7458.0,22081.0,0.0,0.0,68,196,12,235,71255.0,1.0,0.0,0.01,0.35,grid,,,
OR.PA,CoveredCall,368008.0,268.5,8.82,19.2,0.29,0.37,-39.1,0.23,-23.8,34.5,15.4,46711.0,3052.0,497173.0,2059.0,444115.0,6991.0,11989.0,27557.0,16880.0,69,186,0,330,26.0,1.0,0.0,0.01,0.35,grid,,,
OR.PA,PMCC,265672.0,167.5,6.58,16.5,0.19,0.28,-29.2,0.23,-21.3,38.3,15.4,0.0,68811.0,184464.0,14234.0,138485.0,6158.0,27023.0,0.0,0.0,37,196,12,235,61137.0,1.0,0.0,0.02,0.2,grid,,,
OR.PA,CoveredCall,345863.0,246.4,8.38,21.9,0.26,0.35,-45.3,0.18,-29.3,39.6,15.4,40773.0,2991.0,220330.0,153.0,170716.0,6067.0,10431.0,14712.0,11960.0,37,186,0,256,31.0,1.0,0.0,0.02,0.2,grid,,,
OR.PA,PMCC,272801.0,174.7,6.77,15.5,0.2,0.29,-25.4,0.27,-16.9,37.1,15.4,0.0,72732.0,259973.0,20451.0,211054.0,6536.0,28843.0,0.0,0.0,49,196,12,235,61323.0,1.0,0.0,0.02,0.25,grid,,,
OR.PA,CoveredCall,323803.0,224.3,7.92,20.9,0.25,0.32,-40.9,0.19,-24.5,37.0,15.4,40313.0,2726.0,284165.0,610.0,242313.0,6069.0,10526.0,18234.0,11931.0,50,186,0,281,41.0,1.0,0.0,0.02,0.25,grid,,,
OR.PA,PMCC,299247.0,201.4,7.41,13.8,0.25,0.34,-27.2,0.27,-19.9,33.0,15.4,0.0,81442.0,426637.0,29573.0,363307.0,7177.0,32736.0,0.0,0.0,68,196,12,235,70469.0,1.0,0.0,0.02,0.35,grid,,,
OR.PA,CoveredCall,356771.0,257.3,8.6,19.2,0.28,0.36,-40.1,0.21,-25.0,34.1,15.4,45603.0,2880.0,483844.0,1970.0,434186.0,6834.0,13064.0,26928.0,16278.0,69,186,0,328,24.0,1.0,0.0,0.02,0.35,grid,,,
OR.PA,PMCC,247522.0,150.0,6.12,16.5,0.16,0.24,-30.2,0.2,-22.0,37.9,15.4,0.0,66408.0,176792.0,13687.0,132296.0,5910.0,34549.0,0.0,0.0,37,196,12,235,60008.0,1.0,0.0,0.03,0.2,grid,,,
OR.PA,CoveredCall,344822.0,245.3,8.36,21.8,0.26,0.35,-45.3,0.18,-29.2,39.6,15.4,40772.0,2997.0,220001.0,641.0,170716.0,6095.0,10808.0,14680.0,11914.0,37,186,0,255,41.0,1.0,0.0,0.03,0.2,grid,,,
OR.PA,PMCC,253798.0,156.4,6.29,15.6,0.17,0.25,-26.1,0.24,-17.7,37.0,15.4,0.0,69714.0,249818.0,19897.0,202625.0,6324.0,37684.0,0.0,0.0,49,196,12,235,59684.0,1.0,0.0,0.03,0.25,grid,,,
OR.PA,CoveredCall,323530.0,224.1,7.92,20.9,0.25,0.32,-41.0,0.19,-24.5,36.9,15.4,40305.0,2723.0,283270.0,610.0,242313.0,6069.0,11420.0,18233.0,11931.0,50,186,0,281,22.0,1.0,0.0,0.03,0.25,grid,,,
OR.PA,PMCC,277193.0,180.1,6.9,13.9,0.22,0.29,-26.9,0.26,-19.8,33.1,15.4,0.0,77657.0,410410.0,29029.0,349636.0,6965.0,44358.0,0.0,0.0,68,196,12,235,68319.0,1.0,0.0,0.03,0.35,grid,,,
OR.PA,CoveredCall,348861.0,249.5,8.45,19.2,0.27,0.35,-39.4,0.21,-24.1,34.1,15.4,44762.0,3023.0,473848.0,1880.0,427366.0,6720.0,15908.0,26525.0,16149.0,69,186,0,318,51.0,1.0,0.0,0.03,0.35,grid,,,
OR.PA,PMCC,216630.0,117.5,5.16,16.8,0.11,0.16,-32.7,0.16,-22.7,34.9,15.4,0.0,59728.0,144793.0,11250.0,127030.0,5441.0,16393.0,0.0,0.0,40,195,12,233,51725.0,1.0,0.1,0.01,0.2,grid,,,
OR.PA,CoveredCall,265253.0,165.6,6.53,21.5,0.19,0.25,-45.7,0.14,-29.9,37.0,15.4,33916.0,2966.0,163625.0,258.0,146884.0,5162.0,8850.0,12820.0,9633.0,40,186,0,254,31.0,1.0,0.1,0.01,0.2,grid,,,
OR.PA,PMCC,230493.0,131.4,5.59,15.9,0.13,0.19,-29.4,0.19,-18.3,36.1,15.4,0.0,64852.0,215083.0,20124.0,187569.0,5948.0,17920.0,0.0,0.0,49,195,12,233,55075.0,1.0,0.1,0.01,0.25,grid,,,
OR.PA,CoveredCall,263817.0,164.2,6.5,20.6,0.18,0.24,-42.3,0.15,-25.6,36.5,15.4,35943.0,2932.0,233486.0,1123.0,221134.0,5504.0,9435.0,16327.0,10027.0,51,186,0,272,13.0,1.0,0.1,0.01,0.25,grid,,,
OR.PA,PMCC,254255.0,155.3,6.26,13.8,0.17,0.23,-27.4,0.23,-20.5,31.8,15.4,0.0,72651.0,372177.0,25250.0,341008.0,6489.0,19580.0,0.0,0.0,68,195,12,233,61206.0,1.0,0.1,0.01,0.35,grid,,,
OR.PA,CoveredCall,293426.0,193.9,7.23,18.9,0.22,0.27,-40.6,0.18,-25.1,32.5,15.4,40257.0,3019.0,416642.0,1264.0,401353.0,6113.0,10479.0,23674.0,13711.0,69,186,0,316,40.0,1.0,0.1,0.01,0.35,grid,,,
OR.PA,PMCC,200953.0,102.4,4.68,17.0,0.09,0.12,-33.7,0.14,-23.2,34.4,15.4,0.0,57094.0,140343.0,10923.0,121989.0,5299.0,23665.0,0.0,0.0,40,195,12,233,51127.0,1.0,0.1,0.02,0.2,grid,,,
OR.PA,CoveredCall,265249.0,165.6,6.53,21.5,0.19,0.25,-45.7,0.14,-29.9,37.0,15.4,33916.0,2966.0,163621.0,258.0,146884.0,5162.0,8854.0,12820.0,9633.0,40,186,0,254,31.0,1.0,0.1,0.02,0.2,grid,,,
OR.PA,PMCC,216700.0,118.3,5.19,15.8,0.11,0.15,-29.5,0.18,-18.9,35.1,15.4,0.0,62828.0,206734.0,19519.0,180792.0,5740.0,25835.0,0.0,0.0,49,195,12,233,51934.0,1.0,0.1,0.02,0.25,grid,,,
OR.PA,CoveredCall,263408.0,163.8,6.49,20.6,0.18,0.24,-42.3,0.15,-25.6,36.1,15.4,35888.0,2986.0,233327.0,1123.0,221134.0,5500.0,9506.0,16327.0,10025.0,51,186,0,272,34.0,1.0,0.1,0.02,0.25,grid,,,
OR.PA,PMCC,235361.0,137.1,5.75,14.0,0.14,0.19,-28.5,0.2,-21.5,31.7,15.4,0.0,69538.0,358964.0,24420.0,327758.0,6274.0,29185.0,0.0,0.0,68,195,12,233,59017.0,1.0,0.1,0.02,0.35,grid,,,
OR.PA,CoveredCall,292786.0,193.2,7.22,18.9,0.22,0.27,-41.2,0.18,-25.7,32.4,15.4,40165.0,2906.0,413749.0,1264.0,398470.0,6088.0,11537.0,23541.0,13554.0,69,186,0,319,38.0,1.0,0.1,0.02,0.35,grid,,,
OR.PA,PMCC,189051.0,91.1,4.29,17.1,0.07,0.09,-34.7,0.12,-24.1,35.5,15.4,0.0,55415.0,136718.0,10621.0,117664.0,5166.0,30763.0,0.0,0.0,40,195,12,233,47918.0,1.0,0.1,0.03,0.2,grid,,,
OR.PA,CoveredCall,265050.0,165.4,6.53,21.5,0.19,0.25,-45.7,0.14,-29.9,37.1,15.4,33915.0,2962.0,163344.0,258.0,146884.0,5159.0,8994.0,12820.0,9633.0,40,186,0,255,13.0,1.0,0.1,0.03,0.2,grid,,,
OR.PA,PMCC,200792.0,103.0,4.69,15.9,0.08,0.11,-30.4,0.15,-19.7,34.7,15.4,0.0,60611.0,199869.0,19052.0,172990.0,5591.0,33651.0,0.0,0.0,49,195,12,233,51549.0,1.0,0.1,0.03,0.25,grid,,,
OR.PA,CoveredCall,263558.0,164.0,6.49,20.6,0.18,0.24,-42.3,0.15,-25.5,36.5,15.4,35924.0,2908.0,232744.0,1123.0,220894.0,5500.0,10020.0,16313.0,10027.0,51,186,0,271,32.0,1.0,0.1,0.03,0.25,grid,,,
OR.PA,PMCC,217251.0,119.7,5.23,14.0,0.11,0.14,-28.3,0.18,-21.3,31.6,15.4,0.0,66504.0,341072.0,23728.0,310950.0,5999.0,38990.0,0.0,0.0,68,195,12,233,57277.0,1.0,0.1,0.03,0.35,grid,,,
OR.PA,CoveredCall,291791.0,192.3,7.2,18.9,0.22,0.27,-41.2,0.17,-25.8,32.3,15.4,40111.0,2865.0,410358.0,1264.0,396776.0,6080.0,14131.0,23500.0,13554.0,69,186,0,319,33.0,1.0,0.1,0.03,0.35,grid,,,
OR.PA,PMCC,466335.0,368.3,10.52,16.6,0.4,0.61,-25.4,0.41,-15.3,39.9,15.4,0.0,95517.0,309496.0,22910.0,143435.0,8332.0,27026.0,0.0,0.0,22,196,12,234,66043.0,1.2,0.0,0.01,0.2,grid,,,
OR.PA,CoveredCall,661585.0,562.6,13.03,22.2,0.45,0.6,-40.6,0.32,-23.3,43.6,15.4,63821.0,2900.0,405721.0,2407.0,203926.0,9102.0,15603.0,15887.0,15490.0,22,186,0,263,16.0,1.2,0.0,0.01,0.2,grid,,,
OR.PA,PMCC,502451.0,404.6,11.06,15.7,0.44,0.66,-24.2,0.46,-16.0,42.6,15.4,0.0,99590.0,424597.0,30196.0,224817.0,8757.0,28386.0,0.0,0.0,39,196,12,234,66518.0,1.2,0.0,0.01,0.25,grid,,,
OR.PA,CoveredCall,714872.0,615.9,13.6,21.4,0.48,0.63,-40.2,0.34,-23.7,46.0,15.4,67211.0,2944.0,557600.0,2642.0,305354.0,9543.0,16359.0,26718.0,24744.0,39,186,0,300,35.0,1.2,0.0,0.01,0.25,grid,,,
OR.PA,PMCC,707006.0,610.0,13.54,13.7,0.64,0.9,-18.8,0.72,-6.2,39.0,15.4,0.0,136201.0,873290.0,63555.0,563654.0,11758.0,38824.0,0.0,0.0,61,196,12,234,67934.0,1.2,0.0,0.01,0.35,grid,,,
OR.PA,CoveredCall,930128.0,831.5,15.56,19.4,0.59,0.75,-32.1,0.48,-14.7,40.8,15.4,88332.0,3193.0,1097401.0,7998.0,753305.0,12437.0,21611.0,49571.0,35793.0,64,186,0,386,25.0,1.2,0.0,0.01,0.35,grid,,,
OR.PA,PMCC,435699.0,339.1,10.06,16.8,0.37,0.57,-26.1,0.39,-16.1,39.1,15.4,0.0,90960.0,300227.0,22303.0,138457.0,8101.0,40103.0,0.0,0.0,22,196,12,234,65695.0,1.2,0.0,0.02,0.2,grid,,,
OR.PA,CoveredCall,661395.0,562.4,13.03,22.2,0.45,0.6,-40.6,0.32,-23.3,43.6,15.4,63820.0,2898.0,405543.0,2407.0,203926.0,9102.0,15781.0,15887.0,15490.0,22,186,0,263,25.0,1.2,0.0,0.02,0.2,grid,,,
OR.PA,PMCC,469559.0,373.2,10.6,15.9,0.41,0.61,-24.6,0.43,-16.0,43.1,15.4,0.0,95351.0,409690.0,29211.0,214537.0,8493.0,42436.0,0.0,0.0,39,196,12,234,66169.0,1.2,0.0,0.02,0.25,grid,,,
OR.PA,CoveredCall,714700.0,615.8,13.6,21.4,0.48,0.63,-40.2,0.34,-23.7,46.1,15.4,67206.0,2957.0,556891.0,2642.0,305354.0,9543.0,17068.0,26717.0,24743.0,39,186,0,300,27.0,1.2,0.0,0.02,0.25,grid,,,
OR.PA,PMCC,653401.0,558.6,12.99,13.7,0.61,0.85,-19.0,0.68,-6.6,39.3,15.4,0.0,129434.0,830249.0,60951.0,533599.0,11251.0,60073.0,0.0,0.0,61,196,12,234,67557.0,1.2,0.0,0.02,0.35,grid,,,
OR.PA,CoveredCall,913730.0,815.3,15.43,19.5,0.58,0.74,-32.7,0.47,-15.5,40.9,15.4,87195.0,3202.0,1079653.0,7860.0,742972.0,12292.0,25491.0,48901.0,35173.0,64,186,0,387,26.0,1.2,0.0,0.02,0.35,grid,,,
OR.PA,PMCC,415586.0,320.3,9.75,16.8,0.36,0.54,-25.8,0.38,-16.0,40.3,15.4,0.0,88098.0,291734.0,21912.0,134125.0,7924.0,53648.0,0.0,0.0,22,196,12,234,65344.0,1.2,0.0,0.03,0.2,grid,,,
OR.PA,CoveredCall,660741.0,561.7,13.03,22.2,0.45,0.6,-40.3,0.32,-23.1,43.8,15.4,63630.0,2851.0,403235.0,2407.0,203752.0,9068.0,16974.0,15869.0,15485.0,22,186,0,264,34.0,1.2,0.0,0.03,0.2,grid,,,
OR.PA,PMCC,431670.0,336.6,10.02,15.9,0.38,0.56,-25.6,0.39,-16.9,42.1,15.4,0.0,90874.0,386879.0,27836.0,202846.0,8068.0,55742.0,0.0,0.0,39,196,12,234,65805.0,1.2,0.0,0.03,0.25,grid,,,
OR.PA,CoveredCall,713933.0,615.1,13.59,21.4,0.48,0.63,-40.2,0.34,-23.7,46.1,15.4,67148.0,2972.0,553655.0,2583.0,304664.0,9532.0,19710.0,26674.0,24700.0,39,186,0,302,36.0,1.2,0.0,0.03,0.25,grid,,,
OR.PA,PMCC,591582.0,498.6,12.29,13.8,0.56,0.77,-20.1,0.61,-8.1,38.8,15.4,0.0,121043.0,778233.0,57976.0,502208.0,10644.0,81669.0,0.0,0.0,61,196,12,234,67178.0,1.2,0.0,0.03,0.35,grid,,,
OR.PA,CoveredCall,880313.0,782.1,15.15,19.5,0.57,0.72,-32.6,0.46,-15.5,40.6,15.4,84656.0,3206.0,1041711.0,5836.0,722976.0,11944.0,33229.0,47562.0,33972.0,64,186,0,380,28.0,1.2,0.0,0.03,0.35,grid,,,
OR.PA,PMCC,348912.0,250.5,8.47,16.8,0.29,0.43,-26.9,0.31,-17.5,38.0,15.4,0.0,77376.0,247637.0,20243.0,134981.0,7094.0,23099.0,0.0,0.0,30,196,12,235,63656.0,1.2,0.1,0.01,0.2,grid,,,
OR.PA,CoveredCall,513483.0,414.2,11.19,21.7,0.38,0.5,-41.9,0.27,-24.6,41.9,15.4,52861.0,2896.0,322454.0,1192.0,190181.0,7653.0,13119.0,16551.0,15660.0,30,186,0,263,24.0,1.2,0.1,0.01,0.2,grid,,,
OR.PA,PMCC,384156.0,285.9,9.14,15.9,0.33,0.49,-26.3,0.35,-16.9,36.6,15.4,0.0,83015.0,334876.0,23697.0,198370.0,7621.0,24820.0,0.0,0.0,42,196,12,235,63656.0,1.2,0.1,0.01,0.25,grid,,,
OR.PA,CoveredCall,565930.0,466.8,11.9,20.9,0.41,0.54,-40.3,0.3,-24.1,39.4,15.4,57302.0,3136.0,441458.0,782.0,272333.0,8267.0,14172.0,24143.0,20000.0,42,186,0,287,30.0,1.2,0.1,0.01,0.25,grid,,,
OR.PA,PMCC,534220.0,436.6,11.5,13.8,0.51,0.71,-20.0,0.58,-10.5,36.0,15.4,0.0,112602.0,702517.0,50170.0,485844.0,10057.0,33262.0,0.0,0.0,63,196,12,235,65187.0,1.2,0.1,0.01,0.35,grid,,,
OR.PA,CoveredCall,740668.0,641.8,13.86,19.0,0.52,0.66,-34.5,0.4,-18.5,39.0,15.4,75734.0,3316.0,905227.0,5325.0,667473.0,10852.0,18762.0,43618.0,30888.0,65,186,0,367,13.0,1.2,0.1,0.01,0.35,grid,,,
OR.PA,PMCC,324455.0,227.1,7.98,16.9,0.26,0.39,-27.7,0.29,-18.4,38.3,15.4,0.0,73665.0,238779.0,19586.0,129822.0,6850.0,34163.0,0.0,0.0,30,196,12,235,63283.0,1.2,0.1,0.02,0.2,grid,,,
OR.PA,CoveredCall,513639.0,414.4,11.2,21.7,0.38,0.5,-41.9,0.27,-24.6,41.9,15.4,52859.0,2905.0,322353.0,1192.0,190181.0,7653.0,13221.0,16550.0,15660.0,30,186,0,263,24.0,1.2,0.1,0.02,0.2,grid,,,
OR.PA,PMCC,356084.0,259.0,8.63,16.0,0.3,0.45,-26.8,0.32,-16.8,36.9,15.4,0.0,79545.0,319882.0,22629.0,186278.0,7290.0,36401.0,0.0,0.0,42,196,12,235,63283.0,1.2,0.1,0.02,0.25,grid,,,
OR.PA,CoveredCall,565951.0,466.8,11.9,20.9,0.41,0.54,-40.3,0.3,-24.2,39.5,15.4,57045.0,3043.0,438692.0,186.0,269487.0,8194.0,14390.0,23959.0,19763.0,42,186,0,287,30.0,1.2,0.1,0.02,0.25,grid,,,
OR.PA,PMCC,496540.0,400.8,11.0,13.9,0.48,0.66,-20.8,0.53,-11.5,36.6,15.4,0.0,107417.0,678816.0,48959.0,468393.0,9779.0,52127.0,0.0,0.0,63,196,12,235,64788.0,1.2,0.1,0.02,0.35,grid,,,
OR.PA,CoveredCall,731535.0,632.8,13.77,19.0,0.52,0.65,-34.7,0.4,-18.8,39.0,15.4,74826.0,3195.0,889698.0,5209.0,658106.0,10712.0,21777.0,43006.0,30402.0,65,186,0,370,24.0,1.2,0.1,0.02,0.35,grid,,,
OR.PA,PMCC,299182.0,202.8,7.44,17.1,0.23,0.35,-28.9,0.26,-18.3,38.6,15.4,0.0,70291.0,227625.0,18790.0,120665.0,6585.0,44428.0,0.0,0.0,30,196,12,235,62867.0,1.2,0.1,0.03,0.2,grid,,,
OR.PA,CoveredCall,508925.0,409.7,11.13,21.7,0.38,0.5,-41.9,0.27,-24.6,42.0,15.4,52798.0,2904.0,321140.0,1192.0,190154.0,7646.0,14125.0,16530.0,15635.0,30,186,0,262,25.0,1.2,0.1,0.03,0.2,grid,,,
OR.PA,PMCC,330742.0,234.8,8.14,16.2,0.28,0.4,-27.6,0.29,-17.8,37.1,15.4,0.0,75654.0,308390.0,22053.0,179814.0,7079.0,48723.0,0.0,0.0,42,196,12,235,62901.0,1.2,0.1,0.03,0.25,grid,,,
OR.PA,CoveredCall,559705.0,460.6,11.82,20.9,0.41,0.54,-40.4,0.29,-24.3,39.6,15.4,56928.0,3051.0,435987.0,1304.0,268983.0,8237.0,16390.0,23887.0,19660.0,42,186,0,285,29.0,1.2,0.1,0.03,0.25,grid,,,
OR.PA,PMCC,450127.0,355.8,10.33,14.0,0.43,0.59,-21.5,0.48,-11.9,36.7,15.4,0.0,101253.0,636453.0,46313.0,437533.0,9266.0,70296.0,0.0,0.0,63,196,12,235,64386.0,1.2,0.1,0.03,0.35,grid,,,
OR.PA,CoveredCall,717286.0,618.7,13.63,19.1,0.51,0.64,-34.9,0.39,-18.9,38.9,15.4,74186.0,3035.0,876123.0,5226.0,653039.0,10635.0,28363.0,42639.0,30089.0,65,186,0,369,26.0,1.2,0.1,0.03,0.35,grid,,,
AIR.PA,PMCC,883187.0,790.4,17.21,23.2,0.59,0.89,-43.3,0.4,-16.1,71.1,13.8,0.0,135100.0,661165.0,41655.0,383800.0,45591.0,104138.0,0.0,0.0,20,174,11,209,43453.0,vix,0.0,0.01,0.2,grid,,,
AIR.PA,CoveredCall,1225666.0,1130.8,20.0,32.7,0.57,0.74,-64.5,0.31,-34.5,99.6,13.8,71449.0,1022.0,718881.0,2379.0,479035.0,39613.0,67908.0,23348.0,23781.0,21,166,0,368,5.0,vix,0.0,0.01,0.2,grid,,,
AIR.PA,PMCC,975022.0,883.0,18.06,21.5,0.65,0.92,-40.5,0.45,-17.4,71.4,13.8,0.0,149170.0,1064021.0,61325.0,732684.0,50288.0,114846.0,0.0,0.0,36,174,11,209,38994.0,vix,0.0,0.01,0.25,grid,,,
AIR.PA,CoveredCall,1532023.0,1438.4,21.96,30.9,0.63,0.79,-57.6,0.38,-33.1,105.0,13.8,87268.0,1261.0,1296121.0,0.0,960695.0,47360.0,81189.0,44406.0,42147.0,36,166,0,388,7.0,vix,0.0,0.01,0.25,grid,,,
AIR.PA,PMCC,972149.0,880.1,18.03,19.1,0.7,0.94,-34.9,0.52,-10.8,71.3,13.8,0.0,162699.0,1732846.0,99189.0,1459498.0,55202.0,125865.0,0.0,0.0,52,174,11,209,41172.0,vix,0.0,0.01,0.35,grid,,,
AIR.PA,CoveredCall,1369255.0,1275.0,20.97,28.7,0.63,0.75,-54.8,0.38,-30.1,99.3,13.8,88148.0,1523.0,1924430.0,5091.0,1791314.0,48888.0,83808.0,65042.0,59018.0,57,166,0,429,4.0,vix,0.0,0.01,0.35,grid,,,
AIR.PA,PMCC,814505.0,724.3,16.56,23.3,0.56,0.84,-44.0,0.38,-16.5,70.1,13.8,0.0,127970.0,632657.0,39751.0,364844.0,43902.0,132566.0,0.0,0.0,20,174,11,209,43177.0,vix,0.0,0.02,0.2,grid,,,
AIR.PA,CoveredCall,1225666.0,1130.8,20.0,32.7,0.57,0.74,-64.5,0.31,-34.5,99.6,13.8,71449.0,1022.0,718881.0,2379.0,479035.0,39613.0,67908.0,23348.0,23781.0,21,166,0,368,5.0,vix,0.0,0.02,0.2,grid,,,
AIR.PA,PMCC,908180.0,819.1,17.48,21.6,0.62,0.88,-40.9,0.43,-17.6,71.3,13.8,0.0,142927.0,1026456.0,59039.0,703690.0,48839.0,147498.0,0.0,0.0,36,174,11,209,38228.0,vix,0.0,0.02,0.25,grid,,,
AIR.PA,CoveredCall,1532023.0,1438.4,21.96,30.9,0.63,0.79,-57.6,0.38,-33.1,105.0,13.8,87268.0,1261.0,1296121.0,0.0,960695.0,47360.0,81189.0,44406.0,42147.0,36,166,0,388,7.0,vix,0.0,0.02,0.25,grid,,,
AIR.PA,PMCC,902461.0,813.3,17.43,19.3,0.67,0.9,-35.4,0.49,-11.3,71.1,13.8,0.0,155299.0,1671794.0,95249.0,1403141.0,53616.0,161853.0,0.0,0.0,52,174,11,209,40355.0,vix,0.0,0.02,0.35,grid,,,
AIR.PA,CoveredCall,1369254.0,1275.0,20.97,28.7,0.63,0.75,-54.8,0.38,-30.1,99.3,13.8,88144.0,1522.0,1923990.0,4993.0,1791314.0,48883.0,84239.0,65042.0,59017.0,57,166,0,429,4.0,vix,0.0,0.02,0.35,grid,,,
AIR.PA,PMCC,754249.0,666.2,15.94,23.5,0.54,0.8,-44.5,0.36,-16.8,69.9,13.8,0.0,122131.0,606973.0,38091.0,347157.0,42427.0,158736.0,0.0,0.0,20,174,11,209,42429.0,vix,0.0,0.03,0.2,grid,,,
AIR.PA,CoveredCall,1225612.0,1130.7,20.0,32.7,0.57,0.74,-64.5,0.31,-34.5,99.6,13.8,71449.0,1021.0,718827.0,2379.0,479035.0,39613.0,67962.0,23348.0,23781.0,21,166,0,368,5.0,vix,0.0,0.03,0.2,grid,,,
AIR.PA,PMCC,836720.0,750.0,16.82,21.8,0.6,0.84,-41.6,0.4,-18.1,70.3,13.8,0.0,135436.0,981885.0,56276.0,669917.0,47044.0,176455.0,0.0,0.0,36,174,11,209,38024.0,vix,0.0,0.03,0.25,grid,,,
AIR.PA,CoveredCall,1525622.0,1432.0,21.93,30.9,0.63,0.79,-57.6,0.38,-33.1,105.0,13.8,87262.0,1258.0,1295314.0,4764.0,960882.0,47628.0,82540.0,44388.0,42110.0,36,166,0,392,7.0,vix,0.0,0.03,0.25,grid,,,
AIR.PA,PMCC,829342.0,742.5,16.74,19.5,0.64,0.84,-35.6,0.47,-11.6,70.2,13.8,0.0,147428.0,1599581.0,90968.0,1342296.0,51725.0,197453.0,0.0,0.0,52,174,11,209,40134.0,vix,0.0,0.03,0.35,grid,,,
AIR.PA,CoveredCall,1363094.0,1268.8,20.93,28.8,0.63,0.75,-54.8,0.38,-30.1,99.3,13.8,88026.0,1482.0,1916453.0,3035.0,1788481.0,48746.0,89325.0,64958.0,58892.0,57,166,0,429,5.0,vix,0.0,0.03,0.35,grid,,,
AIR.PA,PMCC,513500.0,417.7,12.69,23.8,0.42,0.61,-52.7,0.24,-25.7,68.0,13.8,0.0,96410.0,454621.0,26407.0,377910.0,35886.0,80820.0,0.0,0.0,27,173,11,208,39669.0,vix,0.1,0.01,0.2,grid,,,
AIR.PA,CoveredCall,762769.0,666.0,15.94,31.9,0.47,0.6,-66.3,0.24,-37.5,95.7,13.8,54706.0,981.0,503558.0,577.0,479325.0,32070.0,54978.0,20436.0,17976.0,27,166,0,361,10.0,vix,0.1,0.01,0.2,grid,,,
AIR.PA,PMCC,660608.0,566.1,14.77,22.0,0.51,0.72,-48.1,0.31,-21.8,68.9,13.8,0.0,113624.0,776894.0,40794.0,603168.0,40885.0,92819.0,0.0,0.0,38,173,11,208,34700.0,vix,0.1,0.01,0.25,grid,,,
AIR.PA,CoveredCall,1119263.0,1023.9,19.21,30.5,0.57,0.7,-60.7,0.32,-34.0,102.5,13.8,72042.0,1111.0,991815.0,1583.0,836835.0,40700.0,69771.0,38949.0,37013.0,38,166,0,387,6.0,vix,0.1,0.01,0.25,grid,,,
AIR.PA,PMCC,723614.0,629.6,15.53,19.6,0.59,0.77,-40.8,0.38,-15.9,66.8,13.8,0.0,125876.0,1328354.0,70375.0,1147203.0,44959.0,102503.0,0.0,0.0,54,173,11,208,36922.0,vix,0.1,0.01,0.35,grid,,,
AIR.PA,CoveredCall,1019177.0,923.4,18.41,28.3,0.57,0.65,-57.6,0.32,-32.6,86.0,13.8,69074.0,1274.0,1470409.0,1927.0,1403861.0,39282.0,67341.0,51456.0,44073.0,59,166,0,425,10.0,vix,0.1,0.01,0.35,grid,,,
AIR.PA,PMCC,472636.0,378.4,12.04,24.0,0.39,0.57,-53.4,0.23,-26.2,67.9,13.8,0.0,91663.0,437745.0,25424.0,360477.0,34753.0,102505.0,0.0,0.0,27,173,11,208,38921.0,vix,0.1,0.02,0.2,grid,,,
AIR.PA,CoveredCall,762769.0,666.0,15.94,31.9,0.47,0.6,-66.3,0.24,-37.5,95.7,13.8,54706.0,981.0,503558.0,577.0,479325.0,32070.0,54978.0,20436.0,17976.0,27,166,0,361,10.0,vix,0.1,0.02,0.2,grid,,,
AIR.PA,PMCC,607814.0,515.2,14.11,22.2,0.49,0.68,-48.7,0.29,-22.2,67.9,13.8,0.0,107928.0,743763.0,39039.0,573840.0,39417.0,117786.0,0.0,0.0,38,173,11,208,34514.0,vix,0.1,0.02,0.25,grid,,,
AIR.PA,CoveredCall,1119263.0,1023.9,19.21,30.5,0.57,0.7,-60.7,0.32,-34.0,102.5,13.8,72042.0,1111.0,991815.0,1583.0,836835.0,40700.0,69771.0,38949.0,37013.0,38,166,0,387,6.0,vix,0.1,0.02,0.25,grid,,,
AIR.PA,PMCC,663545.0,571.6,14.84,19.8,0.55,0.72,-41.6,0.36,-16.4,65.9,13.8,0.0,119140.0,1269608.0,67050.0,1092023.0,43318.0,130763.0,0.0,0.0,54,173,11,208,36719.0,vix,0.1,0.02,0.35,grid,,,
AIR.PA,CoveredCall,1019188.0,923.5,18.41,28.3,0.57,0.65,-57.6,0.32,-32.6,86.0,13.8,69066.0,1274.0,1469542.0,1766.0,1403459.0,39266.0,67900.0,51446.0,44057.0,59,166,0,428,10.0,vix,0.1,0.02,0.35,grid,,,
AIR.PA,PMCC,431270.0,338.2,11.33,24.2,0.37,0.53,-53.9,0.21,-26.5,66.8,13.8,0.0,86737.0,418468.0,24323.0,341161.0,33425.0,121345.0,0.0,0.0,27,173,11,208,38673.0,vix,0.1,0.03,0.2,grid,,,
AIR.PA,CoveredCall,762769.0,666.0,15.94,31.9,0.47,0.6,-66.3,0.24,-37.5,95.7,13.8,54706.0,981.0,503558.0,577.0,479325.0,32070.0,54978.0,20436.0,17976.0,27,166,0,361,10.0,vix,0.1,0.03,0.2,grid,,,
AIR.PA,PMCC,561861.0,470.9,13.49,22.4,0.46,0.64,-49.3,0.27,-22.7,67.8,13.8,0.0,103013.0,717700.0,37600.0,551091.0,38278.0,141407.0,0.0,0.0,38,173,11,208,33757.0,vix,0.1,0.03,0.25,grid,,,
AIR.PA,CoveredCall,1119296.0,1024.0,19.21,30.5,0.57,0.7,-60.7,0.32,-34.0,102.5,13.8,72035.0,1101.0,991549.0,1124.0,836835.0,40665.0,69978.0,38950.0,37014.0,38,166,0,387,6.0,vix,0.1,0.03,0.25,grid,,,
AIR.PA,PMCC,609763.0,519.6,14.17,20.0,0.52,0.67,-42.1,0.34,-16.7,65.7,13.8,0.0,113560.0,1218932.0,64248.0,1048338.0,41976.0,159575.0,0.0,0.0,54,173,11,208,35910.0,vix,0.1,0.03,0.35,grid,,,
AIR.PA,CoveredCall,1012886.0,917.1,18.35,28.3,0.56,0.65,-57.6,0.32,-32.6,86.0,13.8,68987.0,1289.0,1464281.0,2385.0,1402005.0,39296.0,71863.0,51400.0,43988.0,59,166,0,427,7.0,vix,0.1,0.03,0.35,grid,,,
AIR.PA,PMCC,390727.0,293.9,10.47,23.8,0.34,0.48,-49.8,0.21,-20.6,60.2,13.8,0.0,86307.0,326055.0,14768.0,384308.0,31120.0,66034.0,0.0,0.0,36,172,11,206,39301.0,1.0,0.0,0.01,0.2,grid,,,
AIR.PA,CoveredCall,415043.0,316.8,10.93,32.0,0.34,0.43,-68.7,0.16,-38.9,87.1,13.8,36676.0,916.0,293914.0,509.0,353617.0,23440.0,40182.0,17017.0,12730.0,36,166,0,333,6.0,1.0,0.0,0.01,0.2,grid,,,
AIR.PA,PMCC,393656.0,296.8,10.53,22.5,0.35,0.47,-45.7,0.23,-15.8,63.7,13.8,0.0,93045.0,486969.0,23365.0,578012.0,33590.0,71283.0,0.0,0.0,45,172,11,206,41611.0,1.0,0.0,0.01,0.25,grid,,,
AIR.PA,CoveredCall,417073.0,318.8,10.96,30.8,0.34,0.42,-64.9,0.17,-33.1,89.9,13.8,39728.0,946.0,442044.0,1471.0,547556.0,25434.0,43602.0,23975.0,18794.0,47,166,0,379,6.0,1.0,0.0,0.01,0.25,grid,,,
AIR.PA,PMCC,373022.0,276.0,10.1,19.8,0.35,0.45,-39.7,0.25,-16.9,55.5,13.8,0.0,90809.0,774765.0,43817.0,890466.0,33187.0,70571.0,0.0,0.0,61,172,11,206,42035.0,1.0,0.0,0.01,0.35,grid,,,
AIR.PA,CoveredCall,334111.0,235.5,9.19,28.2,0.29,0.34,-63.4,0.14,-32.4,58.4,13.8,33117.0,1013.0,601552.0,3373.0,730575.0,21413.0,36708.0,26134.0,16949.0,67,166,0,407,14.0,1.0,0.0,0.01,0.35,grid,,,
AIR.PA,PMCC,361181.0,265.4,9.87,23.9,0.32,0.45,-50.4,0.2,-21.0,59.3,13.8,0.0,82489.0,313283.0,14195.0,367441.0,30112.0,81070.0,0.0,0.0,36,172,11,206,39132.0,1.0,0.0,0.02,0.2,grid,,,
AIR.PA,CoveredCall,415043.0,316.8,10.93,32.0,0.34,0.43,-68.7,0.16,-38.9,87.1,13.8,36676.0,916.0,293914.0,509.0,353617.0,23440.0,40182.0,17017.0,12730.0,36,166,0,333,6.0,1.0,0.0,0.02,0.2,grid,,,
AIR.PA,PMCC,367355.0,271.7,10.01,22.7,0.33,0.44,-46.1,0.22,-16.4,63.6,13.8,0.0,89569.0,472061.0,22578.0,557574.0,32783.0,88369.0,0.0,0.0,45,172,11,206,40916.0,1.0,0.0,0.02,0.25,grid,,,
AIR.PA,CoveredCall,417073.0,318.8,10.96,30.8,0.34,0.42,-64.9,0.17,-33.1,89.9,13.8,39728.0,946.0,442044.0,1471.0,547556.0,25434.0,43602.0,23975.0,18794.0,47,166,0,379,6.0,1.0,0.0,0.02,0.25,grid,,,
AIR.PA,PMCC,345966.0,250.0,9.53,20.0,0.32,0.41,-40.2,0.24,-17.5,55.3,13.8,0.0,87096.0,747652.0,42093.0,856568.0,32274.0,87275.0,0.0,0.0,61,172,11,206,41299.0,1.0,0.0,0.02,0.35,grid,,,
AIR.PA,CoveredCall,334060.0,235.5,9.19,28.2,0.29,0.34,-63.4,0.14,-32.4,58.4,13.8,33117.0,1013.0,601502.0,3373.0,730575.0,21413.0,36758.0,26134.0,16949.0,67,166,0,407,14.0,1.0,0.0,0.02,0.35,grid,,,
AIR.PA,PMCC,334419.0,239.6,9.29,24.1,0.29,0.41,-50.9,0.18,-21.4,59.2,13.8,0.0,79046.0,302113.0,13684.0,352106.0,29232.0,95021.0,0.0,0.0,36,172,11,206,38453.0,1.0,0.0,0.03,0.2,grid,,,
AIR.PA,CoveredCall,415043.0,316.8,10.93,32.0,0.34,0.43,-68.7,0.16,-38.9,87.1,13.8,36676.0,916.0,293914.0,509.0,353617.0,23440.0,40182.0,17017.0,12730.0,36,166,0,333,6.0,1.0,0.0,0.03,0.2,grid,,,
AIR.PA,PMCC,342069.0,247.3,9.47,22.9,0.3,0.41,-46.5,0.2,-17.1,63.5,13.8,0.0,86060.0,458011.0,21759.0,538516.0,32002.0,104322.0,0.0,0.0,45,172,11,206,40222.0,1.0,0.0,0.03,0.25,grid,,,
AIR.PA,CoveredCall,417055.0,318.8,10.96,30.8,0.34,0.42,-64.9,0.17,-33.1,89.9,13.8,39728.0,946.0,442027.0,1471.0,547556.0,25434.0,43619.0,23975.0,18794.0,47,166,0,379,6.0,1.0,0.0,0.03,0.25,grid,,,
AIR.PA,PMCC,317237.0,222.1,8.87,20.2,0.29,0.37,-41.2,0.22,-18.2,54.6,13.8,0.0,82879.0,716969.0,40245.0,819638.0,31194.0,102817.0,0.0,0.0,61,172,11,206,41134.0,1.0,0.0,0.03,0.35,grid,,,
AIR.PA,CoveredCall,333553.0,234.9,9.18,28.2,0.29,0.34,-63.4,0.14,-32.4,58.4,13.8,33116.0,1002.0,600795.0,3373.0,730575.0,21413.0,37465.0,26133.0,16949.0,67,166,0,407,10.0,1.0,0.0,0.03,0.35,grid,,,
AIR.PA,PMCC,249333.0,151.4,6.92,24.0,0.21,0.28,-54.3,0.13,-23.3,58.8,13.8,0.0,67198.0,244306.0,10736.0,353111.0,25688.0,54287.0,0.0,0.0,42,170,11,204,36161.0,1.0,0.1,0.01,0.2,grid,,,
AIR.PA,CoveredCall,289128.0,190.3,8.05,31.4,0.26,0.32,-70.0,0.11,-40.1,87.9,13.8,30743.0,877.0,231698.0,650.0,342651.0,20365.0,34911.0,16375.0,11703.0,43,166,0,323,8.0,1.0,0.1,0.01,0.2,grid,,,
AIR.PA,PMCC,211990.0,113.7,5.67,22.9,0.16,0.21,-53.5,0.11,-22.2,51.5,13.8,0.0,61496.0,321938.0,17897.0,442680.0,24182.0,50907.0,0.0,0.0,49,170,11,204,34038.0,1.0,0.1,0.01,0.25,grid,,,
AIR.PA,CoveredCall,234621.0,135.6,6.42,29.9,0.21,0.25,-68.2,0.09,-38.7,73.2,13.8,27299.0,853.0,295701.0,534.0,424368.0,18442.0,31614.0,17075.0,11033.0,52,166,0,351,8.0,1.0,0.1,0.01,0.25,grid,,,
AIR.PA,PMCC,239884.0,141.8,6.63,20.4,0.19,0.24,-47.1,0.14,-18.8,50.2,13.8,0.0,66138.0,549450.0,29020.0,681229.0,25746.0,54614.0,0.0,0.0,62,170,11,204,35777.0,1.0,0.1,0.01,0.35,grid,,,
AIR.PA,CoveredCall,244294.0,145.3,6.74,27.6,0.21,0.24,-65.4,0.1,-34.3,57.6,13.8,27097.0,984.0,468040.0,2176.0,608118.0,18092.0,31014.0,21414.0,12705.0,68,166,0,403,12.0,1.0,0.1,0.01,0.35,grid,,,
AIR.PA,PMCC,228875.0,131.6,6.29,24.2,0.18,0.25,-54.8,0.11,-23.7,57.9,13.8,0.0,64131.0,234741.0,10360.0,337067.0,24882.0,66502.0,0.0,0.0,42,170,11,204,36007.0,1.0,0.1,0.02,0.2,grid,,,
AIR.PA,CoveredCall,289128.0,190.3,8.05,31.4,0.26,0.32,-70.0,0.11,-40.1,87.9,13.8,30743.0,877.0,231698.0,650.0,342651.0,20365.0,34911.0,16375.0,11703.0,43,166,0,323,8.0,1.0,0.1,0.02,0.2,grid,,,
AIR.PA,PMCC,194394.0,96.7,5.04,23.1,0.13,0.17,-54.2,0.09,-22.5,51.3,13.8,0.0,58709.0,311219.0,17111.0,425828.0,23536.0,62492.0,0.0,0.0,49,170,11,204,33343.0,1.0,0.1,0.02,0.25,grid,,,
AIR.PA,CoveredCall,234621.0,135.6,6.42,29.9,0.21,0.25,-68.2,0.09,-38.7,73.2,13.8,27299.0,853.0,295701.0,534.0,424368.0,18442.0,31614.0,17075.0,11033.0,52,166,0,351,8.0,1.0,0.1,0.02,0.25,grid,,,
AIR.PA,PMCC,219408.0,122.0,5.97,20.5,0.16,0.2,-47.9,0.12,-19.4,49.4,13.8,0.0,62903.0,526543.0,27657.0,650942.0,24840.0,66839.0,0.0,0.0,62,170,11,204,35648.0,1.0,0.1,0.02,0.35,grid,,,
AIR.PA,CoveredCall,244279.0,145.3,6.74,27.6,0.21,0.24,-65.4,0.1,-34.3,57.6,13.8,27097.0,984.0,468025.0,2176.0,608118.0,18092.0,31029.0,21414.0,12705.0,68,166,0,403,12.0,1.0,0.1,0.02,0.35,grid,,,
AIR.PA,PMCC,211314.0,114.6,5.7,24.5,0.16,0.22,-55.3,0.1,-24.0,57.7,13.8,0.0,61357.0,226680.0,10029.0,323135.0,24208.0,77989.0,0.0,0.0,42,170,11,204,35326.0,1.0,0.1,0.03,0.2,grid,,,
AIR.PA,CoveredCall,289128.0,190.3,8.05,31.4,0.26,0.32,-70.0,0.11,-40.1,87.9,13.8,30743.0,877.0,231698.0,650.0,342651.0,20365.0,34911.0,16375.0,11703.0,43,166,0,323,8.0,1.0,0.1,0.03,0.2,grid,,,
AIR.PA,PMCC,179553.0,82.4,4.46,23.4,0.11,0.14,-54.7,0.08,-22.9,51.1,13.8,0.0,56228.0,301229.0,16495.0,410446.0,22936.0,73356.0,0.0,0.0,49,170,11,204,32649.0,1.0,0.1,0.03,0.25,grid,,,
AIR.PA,CoveredCall,234621.0,135.6,6.42,29.9,0.21,0.25,-68.2,0.09,-38.7,73.2,13.8,27299.0,853.0,295701.0,534.0,424368.0,18442.0,31614.0,17075.0,11033.0,52,166,0,351,8.0,1.0,0.1,0.03,0.25,grid,,,
AIR.PA,PMCC,201394.0,104.6,5.34,20.7,0.13,0.17,-48.8,0.11,-20.3,49.2,13.8,0.0,60116.0,507740.0,26597.0,626191.0,24106.0,78880.0,0.0,0.0,62,170,11,204,34928.0,1.0,0.1,0.03,0.35,grid,,,
AIR.PA,CoveredCall,244073.0,145.1,6.73,27.6,0.21,0.24,-65.4,0.1,-34.3,57.6,13.8,27096.0,982.0,467478.0,2176.0,608118.0,18090.0,31448.0,21414.0,12704.0,68,166,0,403,12.0,1.0,0.1,0.03,0.35,grid,,,
AIR.PA,PMCC,716588.0,622.8,15.45,23.4,0.52,0.78,-38.6,0.4,-21.1,64.0,13.8,0.0,115446.0,525372.0,32136.0,363388.0,38813.0,86781.0,0.0,0.0,27,173,11,208,39153.0,1.2,0.0,0.01,0.2,grid,,,
AIR.PA,CoveredCall,935214.0,839.1,17.67,32.8,0.51,0.66,-62.6,0.28,-32.2,99.0,13.8,59291.0,1041.0,575401.0,2236.0,438451.0,34394.0,58962.0,23217.0,22164.0,26,166,0,365,5.0,1.2,0.0,0.01,0.2,grid,,,
AIR.PA,PMCC,764289.0,671.0,15.99,22.0,0.56,0.8,-37.5,0.43,-14.1,61.2,13.8,0.0,129117.0,801561.0,37404.0,650271.0,43970.0,97963.0,0.0,0.0,37,173,11,208,37107.0,1.2,0.0,0.01,0.25,grid,,,
AIR.PA,CoveredCall,1121023.0,1025.7,19.23,31.3,0.56,0.7,-60.2,0.32,-31.8,108.3,13.8,73449.0,1102.0,953511.0,2674.0,817448.0,42392.0,72672.0,36508.0,32659.0,36,166,0,401,6.0,1.2,0.0,0.01,0.25,grid,,,
AIR.PA,PMCC,804373.0,711.4,16.43,19.4,0.63,0.84,-30.6,0.54,-10.6,57.0,13.8,0.0,133683.0,1335618.0,81014.0,1158907.0,45068.0,101097.0,0.0,0.0,57,173,11,208,37117.0,1.2,0.0,0.01,0.35,grid,,,
AIR.PA,CoveredCall,1031808.0,936.1,18.51,28.8,0.56,0.66,-56.1,0.33,-27.1,87.1,13.8,68457.0,1422.0,1436482.0,268.0,1368973.0,39142.0,67101.0,51511.0,43542.0,61,166,0,413,10.0,1.2,0.0,0.01,0.35,grid,,,
AIR.PA,PMCC,669625.0,578.4,14.92,23.6,0.5,0.75,-39.1,0.38,-21.2,63.3,13.8,0.0,110586.0,508444.0,31040.0,350288.0,37776.0,110492.0,0.0,0.0,27,173,11,208,38382.0,1.2,0.0,0.02,0.2,grid,,,
AIR.PA,CoveredCall,935214.0,839.1,17.67,32.8,0.51,0.66,-62.6,0.28,-32.2,99.0,13.8,59291.0,1041.0,575401.0,2236.0,438451.0,34394.0,58962.0,23217.0,22164.0,26,166,0,365,5.0,1.2,0.0,0.02,0.2,grid,,,
AIR.PA,PMCC,711304.0,620.6,15.43,22.2,0.54,0.77,-38.1,0.4,-14.2,61.1,13.8,0.0,123490.0,774144.0,36068.0,624918.0,42700.0,124222.0,0.0,0.0,37,173,11,208,36300.0,1.2,0.0,0.02,0.25,grid,,,
AIR.PA,CoveredCall,1121023.0,1025.7,19.23,31.3,0.56,0.7,-60.2,0.32,-31.8,108.3,13.8,73449.0,1102.0,953511.0,2674.0,817448.0,42392.0,72672.0,36508.0,32659.0,36,166,0,401,6.0,1.2,0.0,0.02,0.25,grid,,,
AIR.PA,PMCC,749100.0,658.9,15.86,19.6,0.6,0.8,-31.3,0.51,-11.3,56.8,13.8,0.0,127761.0,1290080.0,77985.0,1116968.0,43824.0,129214.0,0.0,0.0,57,173,11,208,36276.0,1.2,0.0,0.02,0.35,grid,,,
AIR.PA,CoveredCall,1031658.0,936.0,18.51,28.8,0.56,0.66,-56.1,0.33,-27.1,87.1,13.8,68456.0,1417.0,1436035.0,0.0,1368973.0,39130.0,67527.0,51511.0,43541.0,61,166,0,413,10.0,1.2,0.0,0.02,0.35,grid,,,
AIR.PA,PMCC,623687.0,534.6,14.37,23.8,0.48,0.71,-39.7,0.36,-21.3,62.7,13.8,0.0,105734.0,491460.0,29984.0,336901.0,36745.0,132403.0,0.0,0.0,27,173,11,208,37559.0,1.2,0.0,0.03,0.2,grid,,,
AIR.PA,CoveredCall,935214.0,839.1,17.67,32.8,0.51,0.66,-62.6,0.28,-32.2,99.0,13.8,59291.0,1041.0,575401.0,2236.0,438451.0,34394.0,58962.0,23217.0,22164.0,26,166,0,365,5.0,1.2,0.0,0.03,0.2,grid,,,
AIR.PA,PMCC,657903.0,569.4,14.81,22.4,0.51,0.72,-38.6,0.38,-14.7,60.1,13.8,0.0,117493.0,743179.0,34591.0,597115.0,41230.0,147810.0,0.0,0.0,37,173,11,208,36006.0,1.2,0.0,0.03,0.25,grid,,,
AIR.PA,CoveredCall,1120595.0,1025.3,19.22,31.3,0.56,0.7,-60.2,0.32,-31.8,108.3,13.8,73449.0,1092.0,953055.0,2674.0,817448.0,42392.0,73128.0,36508.0,32659.0,36,166,0,402,6.0,1.2,0.0,0.03,0.25,grid,,,
AIR.PA,PMCC,687403.0,599.4,15.18,19.8,0.57,0.75,-32.0,0.47,-12.0,55.9,13.8,0.0,121092.0,1229365.0,74173.0,1063606.0,42144.0,155614.0,0.0,0.0,57,173,11,208,35986.0,1.2,0.0,0.03,0.35,grid,,,
AIR.PA,CoveredCall,1025516.0,929.8,18.46,28.8,0.56,0.66,-56.1,0.33,-27.1,87.1,13.8,68410.0,1347.0,1431826.0,1148.0,1367037.0,39168.0,70798.0,51456.0,43461.0,61,166,0,416,8.0,1.2,0.0,0.03,0.35,grid,,,
AIR.PA,PMCC,504913.0,409.4,12.55,23.8,0.41,0.61,-46.6,0.27,-21.1,61.9,13.8,0.0,92831.0,411234.0,20964.0,364671.0,34095.0,75690.0,0.0,0.0,30,173,11,208,37902.0,1.2,0.1,0.01,0.2,grid,,,
AIR.PA,CoveredCall,726543.0,629.6,15.53,32.0,0.46,0.58,-64.9,0.24,-35.5,96.6,13.8,52425.0,926.0,472432.0,930.0,446438.0,31423.0,53868.0,22120.0,19947.0,29,166,0,356,5.0,1.2,0.1,0.01,0.2,grid,,,
AIR.PA,PMCC,487865.0,392.2,12.27,22.6,0.41,0.58,-44.3,0.28,-17.6,58.0,13.8,0.0,93455.0,569796.0,24372.0,538059.0,34436.0,76272.0,0.0,0.0,42,173,11,208,33839.0,1.2,0.1,0.01,0.25,grid,,,
AIR.PA,CoveredCall,739570.0,642.7,15.68,30.8,0.47,0.58,-62.9,0.25,-33.6,105.1,13.8,55909.0,1031.0,691929.0,3225.0,694504.0,33637.0,57663.0,31872.0,27470.0,42,166,0,392,4.0,1.2,0.1,0.01,0.25,grid,,,
AIR.PA,PMCC,655690.0,561.5,14.71,19.6,0.55,0.73,-35.4,0.42,-13.8,58.4,13.8,0.0,115690.0,1145047.0,67136.0,1038199.0,41547.0,93147.0,0.0,0.0,58,173,11,208,36916.0,1.2,0.1,0.01,0.35,grid,,,
AIR.PA,CoveredCall,869115.0,772.8,17.04,28.2,0.53,0.61,-57.3,0.3,-28.7,86.2,13.8,62204.0,1293.0,1257951.0,0.0,1247090.0,36547.0,62652.0,47136.0,37517.0,62,166,0,420,10.0,1.2,0.1,0.01,0.35,grid,,,
AIR.PA,PMCC,466416.0,372.6,11.94,24.0,0.39,0.57,-47.2,0.25,-21.2,61.8,13.8,0.0,88553.0,396942.0,20239.0,349533.0,33136.0,95658.0,0.0,0.0,30,173,11,208,37107.0,1.2,0.1,0.02,0.2,grid,,,
AIR.PA,CoveredCall,726543.0,629.6,15.53,32.0,0.46,0.58,-64.9,0.24,-35.5,96.6,13.8,52425.0,926.0,472432.0,930.0,446438.0,31423.0,53868.0,22120.0,19947.0,29,166,0,356,5.0,1.2,0.1,0.02,0.2,grid,,,
AIR.PA,PMCC,447463.0,353.4,11.61,22.7,0.39,0.54,-44.9,0.26,-17.7,57.0,13.8,0.0,88612.0,544361.0,23233.0,510439.0,33176.0,95387.0,0.0,0.0,42,173,11,208,33604.0,1.2,0.1,0.02,0.25,grid,,,
AIR.PA,CoveredCall,739570.0,642.7,15.68,30.8,0.47,0.58,-62.9,0.25,-33.6,105.1,13.8,55909.0,1031.0,691929.0,3225.0,694504.0,33637.0,57663.0,31872.0,27470.0,42,166,0,392,4.0,1.2,0.1,0.02,0.25,grid,,,
AIR.PA,PMCC,604662.0,512.7,14.07,19.8,0.52,0.68,-35.9,0.39,-14.6,57.5,13.8,0.0,109921.0,1098095.0,64180.0,993519.0,40075.0,117918.0,0.0,0.0,58,173,11,208,36649.0,1.2,0.1,0.02,0.35,grid,,,
AIR.PA,CoveredCall,864461.0,768.1,17.0,28.2,0.53,0.61,-57.3,0.3,-28.7,86.2,13.8,62202.0,1288.0,1257425.0,3781.0,1247090.0,36783.0,63450.0,47124.0,37498.0,62,166,0,419,10.0,1.2,0.1,0.02,0.35,grid,,,
AIR.PA,PMCC,429375.0,337.0,11.31,24.2,0.37,0.53,-47.7,0.24,-21.3,60.7,13.8,0.0,84224.0,380989.0,19435.0,333464.0,31985.0,113338.0,0.0,0.0,30,173,11,208,36761.0,1.2,0.1,0.03,0.2,grid,,,
AIR.PA,CoveredCall,726543.0,629.6,15.53,32.0,0.46,0.58,-64.9,0.24,-35.5,96.6,13.8,52425.0,926.0,472432.0,930.0,446438.0,31423.0,53868.0,22120.0,19947.0,29,166,0,356,5.0,1.2,0.1,0.03,0.2,grid,,,
AIR.PA,PMCC,414140.0,321.5,11.02,23.0,0.36,0.5,-45.5,0.24,-17.8,56.8,13.8,0.0,84695.0,524995.0,22346.0,489892.0,32252.0,113833.0,0.0,0.0,42,173,11,208,32742.0,1.2,0.1,0.03,0.25,grid,,,
AIR.PA,CoveredCall,739487.0,642.6,15.68,30.8,0.47,0.58,-62.9,0.25,-33.6,105.1,13.8,55907.0,1038.0,691579.0,3225.0,694250.0,33635.0,57912.0,31860.0,27450.0,42,166,0,391,4.0,1.2,0.1,0.03,0.25,grid,,,
AIR.PA,PMCC,554966.0,464.9,13.4,20.0,0.49,0.64,-36.7,0.37,-15.3,57.3,13.8,0.0,104523.0,1052223.0,61347.0,950735.0,38738.0,142028.0,0.0,0.0,58,173,11,208,35715.0,1.2,0.1,0.03,0.35,grid,,,
AIR.PA,CoveredCall,862775.0,766.4,16.98,28.2,0.52,0.61,-57.3,0.3,-28.7,86.2,13.8,62194.0,1246.0,1255117.0,3614.0,1247090.0,36773.0,65739.0,47123.0,37497.0,62,166,0,422,8.0,1.2,0.1,0.03,0.35,grid,,,
FP.PA,PMCC,229910.0,131.7,5.6,16.8,0.14,0.19,-30.3,0.18,-19.3,28.4,15.4,0.0,83483.0,382881.0,37822.0,280435.0,20449.0,66235.0,0.0,0.0,43,204,20,267,64651.0,,,,,leaps_dte,360.0,,
FP.PA,PMCC,308918.0,211.9,7.65,16.3,0.25,0.34,-30.9,0.25,-18.1,28.8,15.4,0.0,93953.0,419971.0,24149.0,318921.0,20965.0,64247.0,0.0,0.0,42,198,12,237,55730.0,,,,,leaps_dte,540.0,,
FP.PA,PMCC,349015.0,252.8,8.51,15.3,0.3,0.42,-25.3,0.34,-12.2,29.8,15.4,0.0,92137.0,423601.0,26935.0,317001.0,20041.0,62597.0,0.0,0.0,40,192,8,218,39614.0,,,,,leaps_dte,720.0,,
FP.PA,PMCC,308918.0,211.9,7.65,16.3,0.25,0.34,-30.9,0.25,-18.1,28.8,15.4,0.0,93953.0,419971.0,24149.0,318921.0,20965.0,64247.0,0.0,0.0,42,198,12,237,55730.0,,,,,defend,,,
FP.PA,PMCC,237964.0,140.3,5.84,17.3,0.15,0.21,-34.1,0.17,-25.3,32.0,15.4,0.0,77931.0,381693.0,336788.0,13149.0,23091.0,63874.0,0.0,0.0,4,212,12,311,55669.0,,,,,defend,,0.6,
FP.PA,PMCC,319631.0,222.7,7.89,16.6,0.26,0.36,-31.2,0.25,-17.3,31.5,15.4,0.0,96175.0,405271.0,22973.0,285162.0,22608.0,66511.0,0.0,0.0,38,198,12,237,60183.0,,,,,divyield,,,0.043
FP.PA,CoveredCall,523899.0,425.5,11.35,21.8,0.38,0.49,-41.9,0.27,-23.2,35.7,15.4,186409.0,1466.0,535097.0,179.0,376575.0,24432.0,41883.0,20743.0,9005.0,38,186,0,407,7.0,,,,,divyield,,,0.043
FP.PA,PMCC,308918.0,211.9,7.65,16.3,0.25,0.34,-30.9,0.25,-18.1,28.8,15.4,0.0,93953.0,419971.0,24149.0,318921.0,20965.0,64247.0,0.0,0.0,42,198,12,237,55730.0,,,,,divyield,,,0.053
FP.PA,CoveredCall,462510.0,363.8,10.45,21.5,0.35,0.44,-41.8,0.25,-24.5,34.4,15.4,216731.0,1474.0,533016.0,139.0,419976.0,21707.0,37212.0,23435.0,13768.0,42,186,0,416,8.0,,,,,divyield,,,0.053
FP.PA,PMCC,384246.0,287.9,9.18,16.3,0.33,0.45,-29.8,0.31,-17.2,32.3,15.4,0.0,104951.0,469172.0,29674.0,308530.0,21747.0,71478.0,0.0,0.0,38,198,12,237,57229.0,,,,,divyield,,,0.063
FP.PA,CoveredCall,570539.0,471.9,11.96,21.6,0.41,0.52,-41.1,0.29,-23.5,36.3,15.4,291487.0,1580.0,601987.0,1720.0,411828.0,23196.0,39765.0,23432.0,13711.0,38,186,0,425,5.0,,,,,divyield,,,0.063
MC.PA,PMCC,293599.0,195.3,7.27,19.6,0.22,0.32,-44.7,0.16,-19.8,63.4,15.4,0.0,82394.0,418982.0,41456.0,259681.0,8822.0,52813.0,0.0,0.0,34,203,20,265,40102.0,,,,,leaps_dte,360.0,,
MC.PA,PMCC,452999.0,356.2,10.33,19.3,0.36,0.53,-36.6,0.28,-17.5,59.4,15.4,0.0,109852.0,543892.0,35779.0,362933.0,10397.0,58887.0,0.0,0.0,32,196,12,234,46043.0,,,,,leaps_dte,540.0,,
MC.PA,PMCC,328846.0,231.4,8.07,16.8,0.27,0.39,-38.9,0.21,-14.1,63.5,15.4,0.0,76283.0,376820.0,12472.0,257881.0,6814.0,35745.0,0.0,0.0,32,186,8,212,49125.0,,,,,leaps_dte,720.0,,
MC.PA,PMCC,452999.0,356.2,10.33,19.3,0.36,0.53,-36.6,0.28,-17.5,59.4,15.4,0.0,109852.0,543892.0,35779.0,362933.0,10397.0,58887.0,0.0,0.0,32,196,12,234,46043.0,,,,,defend,,,
MC.PA,PMCC,447884.0,351.1,10.25,19.9,0.35,0.53,-35.5,0.29,-24.9,59.6,15.4,0.0,108410.0,568650.0,400874.0,12301.0,12316.0,66238.0,0.0,0.0,3,201,12,272,46228.0,,,,,defend,,0.6,
MC.PA,PMCC,474563.0,378.0,10.67,19.4,0.37,0.55,-35.8,0.3,-18.3,61.5,15.4,0.0,116583.0,614052.0,41507.0,403671.0,11826.0,61947.0,0.0,0.0,36,195,12,233,46852.0,,,,,divyield,,,0.009
MC.PA,CoveredCall,538533.0,439.4,11.54,25.2,0.37,0.48,-62.7,0.18,-36.6,88.5,15.4,32589.0,2823.0,551850.0,3906.0,398390.0,8477.0,15734.0,20432.0,14372.0,37,186,0,296,51.0,,,,,divyield,,,0.009
MC.PA,PMCC,452999.0,356.2,10.33,19.3,0.36,0.53,-36.6,0.28,-17.5,59.4,15.4,0.0,109852.0,543892.0,35779.0,362933.0,10397.0,58887.0,0.0,0.0,32,196,12,234,46043.0,,,,,divyield,,,0.019
MC.PA,CoveredCall,488572.0,389.3,10.84,25.1,0.35,0.45,-63.0,0.17,-36.5,88.4,15.4,63312.0,2868.0,481252.0,3427.0,356616.0,7360.0,13732.0,18181.0,11984.0,37,186,0,290,28.0,,,,,divyield,,,0.019
MC.PA,PMCC,501706.0,405.3,11.07,19.3,0.39,0.57,-37.7,0.29,-15.8,60.9,15.4,0.0,118024.0,625419.0,40186.0,411448.0,10448.0,63205.0,0.0,0.0,36,197,12,236,43692.0,,,,,divyield,,,0.029
MC.PA,CoveredCall,543939.0,444.7,11.61,25.2,0.37,0.48,-62.8,0.18,-35.0,89.1,15.4,105480.0,3214.0,552316.0,3278.0,402566.0,7474.0,14278.0,19968.0,13347.0,38,186,0,295,25.0,,,,,divyield,,,0.029
BNP.PA,PMCC,367752.0,270.1,8.85,22.5,0.28,0.42,-39.6,0.22,-22.4,50.9,15.4,0.0,100090.0,628600.0,57705.0,283640.0,19332.0,82645.0,0.0,0.0,26,204,20,267,61479.0,,,,,leaps_dte,360.0,,
BNP.PA,PMCC,551767.0,455.8,11.75,22.2,0.4,0.58,-36.9,0.32,-16.9,63.4,15.4,0.0,118690.0,760904.0,44872.0,342885.0,21380.0,85616.0,0.0,0.0,28,197,12,236,60064.0,,,,,leaps_dte,540.0,,
BNP.PA,PMCC,523956.0,428.5,11.39,19.1,0.41,0.6,-38.1,0.3,-17.6,59.3,15.4,0.0,107857.0,688520.0,18155.0,309896.0,18358.0,69643.0,0.0,0.0,27,189,8,216,63464.0,,,,,leaps_dte,720.0,,
BNP.PA,PMCC,551767.0,455.8,11.75,22.2,0.4,0.58,-36.9,0.32,-16.9,63.4,15.4,0.0,118690.0,760904.0,44872.0,342885.0,21380.0,85616.0,0.0,0.0,28,197,12,236,60064.0,,,,,defend,,,
BNP.PA,PMCC,469642.0,373.1,10.59,22.9,0.35,0.52,-38.6,0.27,-23.6,62.7,15.4,0.0,111821.0,768569.0,442221.0,15781.0,23804.0,88817.0,0.0,0.0,4,202,12,279,60943.0,,,,,defend,,0.6,
BNP.PA,PMCC,601005.0,505.4,12.38,22.2,0.42,0.63,-36.8,0.34,-15.9,62.4,15.4,0.0,129302.0,799443.0,53567.0,324719.0,24183.0,91914.0,0.0,0.0,30,196,12,235,62985.0,,,,,divyield,,,0.029
BNP.PA,CoveredCall,819900.0,721.6,14.62,32.6,0.43,0.55,-66.5,0.22,-48.4,109.1,15.4,151988.0,1895.0,904631.0,664.0,414410.0,22745.0,38991.0,24182.0,17803.0,32,186,0,388,23.0,,,,,divyield,,,0.029
BNP.PA,PMCC,551767.0,455.8,11.75,22.2,0.4,0.58,-36.9,0.32,-16.9,63.4,15.4,0.0,118690.0,760904.0,44872.0,342885.0,21380.0,85616.0,0.0,0.0,28,197,12,236,60064.0,,,,,divyield,,,0.039
BNP.PA,CoveredCall,751628.0,653.1,13.98,32.5,0.42,0.53,-65.6,0.21,-46.9,114.1,15.4,193315.0,2066.0,874213.0,603.0,429890.0,20450.0,35072.0,21694.0,16155.0,30,186,0,377,12.0,,,,,divyield,,,0.039
BNP.PA,PMCC,655949.0,560.7,13.01,22.0,0.45,0.65,-36.0,0.36,-14.9,66.2,15.4,0.0,137312.0,881774.0,41068.0,401095.0,23987.0,101832.0,0.0,0.0,28,197,12,236,61699.0,,,,,divyield,,,0.049
BNP.PA,CoveredCall,799958.0,701.4,14.44,32.6,0.43,0.55,-66.3,0.22,-46.5,111.1,15.4,267318.0,2248.0,942296.0,636.0,474719.0,21390.0,36731.0,25002.0,19501.0,30,186,0,392,10.0,,,,,divyield,,,0.049
OR.PA,PMCC,336337.0,238.6,8.22,15.8,0.28,0.42,-32.9,0.25,-21.3,37.6,15.4,0.0,86743.0,373894.0,35999.0,196432.0,8724.0,47832.0,0.0,0.0,38,204,20,267,70496.0,,,,,leaps_dte,360.0,,
OR.PA,PMCC,426614.0,329.9,9.91,15.5,0.38,0.56,-27.9,0.35,-21.2,44.2,15.4,0.0,91084.0,390588.0,28076.0,212371.0,8153.0,41926.0,0.0,0.0,38,195,12,233,66380.0,,,,,leaps_dte,540.0,,
OR.PA,PMCC,464586.0,368.5,10.52,15.0,0.43,0.63,-20.1,0.52,-15.0,39.4,15.4,0.0,90274.0,394896.0,11706.0,224402.0,7943.0,37663.0,0.0,0.0,37,189,8,215,62576.0,,,,,leaps_dte,720.0,,
OR.PA,PMCC,426614.0,329.9,9.91,15.5,0.38,0.56,-27.9,0.35,-21.2,44.2,15.4,0.0,91084.0,390588.0,28076.0,212371.0,8153.0,41926.0,0.0,0.0,38,195,12,233,66380.0,,,,,defend,,,
OR.PA,PMCC,338548.0,241.2,8.28,16.4,0.28,0.43,-32.9,0.25,-25.9,38.9,15.4,0.0,75262.0,347322.0,230488.0,2291.0,8463.0,39667.0,0.0,0.0,6,201,12,280,61790.0,,,,,defend,,0.6,
OR.PA,PMCC,408941.0,312.2,9.61,16.0,0.36,0.53,-28.5,0.34,-21.9,41.6,15.4,0.0,89660.0,364938.0,23808.0,189682.0,8722.0,41857.0,0.0,0.0,37,195,12,233,65703.0,,,,,divyield,,,0.006
OR.PA,CoveredCall,656600.0,557.6,12.98,21.1,0.46,0.6,-43.2,0.3,-26.4,43.9,15.4,24207.0,2777.0,494952.0,1219.0,284920.0,9854.0,17354.0,23033.0,17693.0,38,186,0,294,51.0,,,,,divyield,,,0.006
OR.PA,PMCC,426614.0,329.9,9.91,15.5,0.38,0.56,-27.9,0.35,-21.2,44.2,15.4,0.0,91084.0,390588.0,28076.0,212371.0,8153.0,41926.0,0.0,0.0,38,195,12,233,66380.0,,,,,divyield,,,0.016
OR.PA,CoveredCall,658622.0,559.6,13.0,21.1,0.46,0.6,-43.5,0.3,-26.9,45.6,15.4,64202.0,2924.0,524434.0,1197.0,308556.0,9168.0,16272.0,23719.0,19957.0,38,186,0,293,29.0,,,,,divyield,,,0.016
OR.PA,PMCC,390240.0,293.4,9.28,15.9,0.34,0.5,-29.1,0.32,-20.6,44.9,15.4,0.0,88592.0,378581.0,28925.0,224509.0,7634.0,41283.0,0.0,0.0,38,196,12,235,63222.0,,,,,divyield,,,0.026
OR.PA,CoveredCall,609089.0,510.0,12.43,21.0,0.43,0.57,-42.8,0.29,-26.0,49.1,15.4,101546.0,3281.0,495477.0,1089.0,321338.0,8452.0,15179.0,21784.0,15307.0,39,186,0,290,13.0,,,,,divyield,,,0.026
AIR.PA,PMCC,558982.0,465.3,13.41,23.3,0.45,0.64,-49.8,0.27,-22.0,70.0,13.8,0.0,98931.0,707953.0,58533.0,522289.0,41657.0,126747.0,0.0,0.0,39,183,18,239,41181.0,,,,,leaps_dte,360.0,,
AIR.PA,PMCC,607814.0,515.2,14.11,22.2,0.49,0.68,-48.7,0.29,-22.2,67.9,13.8,0.0,107928.0,743763.0,39039.0,573840.0,39417.0,117786.0,0.0,0.0,38,173,11,208,34514.0,,,,,leaps_dte,540.0,,
AIR.PA,PMCC,760955.0,671.4,16.0,22.3,0.56,0.79,-47.3,0.34,-20.8,72.6,13.8,0.0,91684.0,768557.0,30955.0,627638.0,36144.0,102393.0,0.0,0.0,36,162,7,185,53102.0,,,,,leaps_dte,720.0,,
AIR.PA,PMCC,607814.0,515.2,14.11,22.2,0.49,0.68,-48.7,0.29,-22.2,67.9,13.8,0.0,107928.0,743763.0,39039.0,573840.0,39417.0,117786.0,0.0,0.0,38,173,11,208,34514.0,,,,,defend,,,
AIR.PA,PMCC,319213.0,223.1,8.89,24.8,0.28,0.41,-63.6,0.14,-36.7,71.6,13.8,0.0,57706.0,426300.0,369116.0,6373.0,29446.0,77934.0,0.0,0.0,5,180,11,264,28126.0,,,,,defend,,0.6,
AIR.PA,PMCC,540150.0,447.3,13.14,22.4,0.45,0.64,-49.6,0.26,-19.2,63.5,13.8,0.0,93588.0,616209.0,32907.0,466729.0,35747.0,102887.0,0.0,0.0,33,171,11,205,34547.0,,,,,divyield,,,0.003
AIR.PA,CoveredCall,950560.0,855.0,17.81,30.6,0.53,0.65,-61.3,0.29,-34.8,85.2,13.8,13409.0,975.0,784109.0,3489.0,648144.0,34834.0,59715.0,25653.0,22170.0,35,166,0,373,10.0,,,,,divyield,,,0.003
AIR.PA,PMCC,607814.0,515.2,14.11,22.2,0.49,0.68,-48.7,0.29,-22.2,67.9,13.8,0.0,107928.0,743763.0,39039.0,573840.0,39417.0,117786.0,0.0,0.0,38,173,11,208,34514.0,,,,,divyield,,,0.013
AIR.PA,CoveredCall,1119263.0,1023.9,19.21,30.5,0.57,0.7,-60.7,0.32,-34.0,102.5,13.8,72042.0,1111.0,991815.0,1583.0,836835.0,40700.0,69771.0,38949.0,37013.0,38,166,0,387,6.0,,,,,divyield,,,0.013
AIR.PA,PMCC,549070.0,455.6,13.27,22.7,0.45,0.63,-50.4,0.26,-24.5,66.7,13.8,0.0,94250.0,608506.0,32824.0,475919.0,32648.0,101595.0,0.0,0.0,33,174,11,209,35274.0,,,,,divyield,,,0.023
AIR.PA,CoveredCall,850452.0,753.6,16.86,30.9,0.5,0.62,-64.4,0.26,-36.1,83.4,13.8,96943.0,1105.0,705270.0,520.0,620977.0,29314.0,50253.0,27053.0,25138.0,36,166,0,387,7.0,,,,,divyield,,,0.023
